warmup/1/1: ['/Users/rmntim/Personal/ITMO/Semester5/OS-new/lab/intro-exp/out/graph_traverse', '5', '/Users/rmntim/Personal/ITMO/Semester5/OS-new/lab/intro-exp/out/graph-rand.bin']
Iteration 1/5 (read): traversing /Users/rmntim/Personal/ITMO/Semester5/OS-new/lab/intro-exp/out/graph-rand.bin ... OK (436905 nodes processed)
Iteration 2/5 (read): traversing /Users/rmntim/Personal/ITMO/Semester5/OS-new/lab/intro-exp/out/graph-rand.bin ... OK (436905 nodes processed)
Iteration 3/5 (read): traversing /Users/rmntim/Personal/ITMO/Semester5/OS-new/lab/intro-exp/out/graph-rand.bin ... OK (436905 nodes processed)
Iteration 4/5 (read): traversing /Users/rmntim/Personal/ITMO/Semester5/OS-new/lab/intro-exp/out/graph-rand.bin ... OK (436905 nodes processed)
Iteration 5/5 (read): traversing /Users/rmntim/Personal/ITMO/Semester5/OS-new/lab/intro-exp/out/graph-rand.bin ... OK (436905 nodes processed)

warmup/1/2: ['/Users/rmntim/Personal/ITMO/Semester5/OS-new/lab/intro-exp/out/graph_traverse_mmap', '--write', '5', '/Users/rmntim/Personal/ITMO/Semester5/OS-new/lab/intro-exp/out/graph-rand.bin']
Iteration 1/5 (write): traversing /Users/rmntim/Personal/ITMO/Semester5/OS-new/lab/intro-exp/out/graph-rand.bin ... OK (436905 nodes processed)
Iteration 2/5 (write): traversing /Users/rmntim/Personal/ITMO/Semester5/OS-new/lab/intro-exp/out/graph-rand.bin ... OK (436905 nodes processed)
Iteration 3/5 (write): traversing /Users/rmntim/Personal/ITMO/Semester5/OS-new/lab/intro-exp/out/graph-rand.bin ... OK (436905 nodes processed)
Iteration 4/5 (write): traversing /Users/rmntim/Personal/ITMO/Semester5/OS-new/lab/intro-exp/out/graph-rand.bin ... OK (436905 nodes processed)
Iteration 5/5 (write): traversing /Users/rmntim/Personal/ITMO/Semester5/OS-new/lab/intro-exp/out/graph-rand.bin ... OK (436905 nodes processed)

warmup/1/3: ['/Users/rmntim/Personal/ITMO/Semester5/OS-new/lab/intro-exp/out/graph_traverse_mmap', '5', '/Users/rmntim/Personal/ITMO/Semester5/OS-new/lab/intro-exp/out/graph-rand.bin']
Iteration 1/5 (read): traversing /Users/rmntim/Personal/ITMO/Semester5/OS-new/lab/intro-exp/out/graph-rand.bin ... OK (436905 nodes processed)
Iteration 2/5 (read): traversing /Users/rmntim/Personal/ITMO/Semester5/OS-new/lab/intro-exp/out/graph-rand.bin ... OK (436905 nodes processed)
Iteration 3/5 (read): traversing /Users/rmntim/Personal/ITMO/Semester5/OS-new/lab/intro-exp/out/graph-rand.bin ... OK (436905 nodes processed)
Iteration 4/5 (read): traversing /Users/rmntim/Personal/ITMO/Semester5/OS-new/lab/intro-exp/out/graph-rand.bin ... OK (436905 nodes processed)
Iteration 5/5 (read): traversing /Users/rmntim/Personal/ITMO/Semester5/OS-new/lab/intro-exp/out/graph-rand.bin ... OK (436905 nodes processed)

warmup/1/4: ['/Users/rmntim/Personal/ITMO/Semester5/OS-new/lab/intro-exp/out/graph_traverse', '--write', '5', '/Users/rmntim/Personal/ITMO/Semester5/OS-new/lab/intro-exp/out/graph-rand.bin']
Iteration 1/5 (write): traversing /Users/rmntim/Personal/ITMO/Semester5/OS-new/lab/intro-exp/out/graph-rand.bin ... OK (436905 nodes processed)
Iteration 2/5 (write): traversing /Users/rmntim/Personal/ITMO/Semester5/OS-new/lab/intro-exp/out/graph-rand.bin ... OK (436905 nodes processed)
Iteration 3/5 (write): traversing /Users/rmntim/Personal/ITMO/Semester5/OS-new/lab/intro-exp/out/graph-rand.bin ... OK (436905 nodes processed)
Iteration 4/5 (write): traversing /Users/rmntim/Personal/ITMO/Semester5/OS-new/lab/intro-exp/out/graph-rand.bin ... OK (436905 nodes processed)
Iteration 5/5 (write): traversing /Users/rmntim/Personal/ITMO/Semester5/OS-new/lab/intro-exp/out/graph-rand.bin ... OK (436905 nodes processed)

warmup/2/1: ['/Users/rmntim/Personal/ITMO/Semester5/OS-new/lab/intro-exp/out/graph_traverse', '--write', '5', '/Users/rmntim/Personal/ITMO/Semester5/OS-new/lab/intro-exp/out/graph-rand.bin']
Iteration 1/5 (write): traversing /Users/rmntim/Personal/ITMO/Semester5/OS-new/lab/intro-exp/out/graph-rand.bin ... OK (436905 nodes processed)
Iteration 2/5 (write): traversing /Users/rmntim/Personal/ITMO/Semester5/OS-new/lab/intro-exp/out/graph-rand.bin ... OK (436905 nodes processed)
Iteration 3/5 (write): traversing /Users/rmntim/Personal/ITMO/Semester5/OS-new/lab/intro-exp/out/graph-rand.bin ... OK (436905 nodes processed)
Iteration 4/5 (write): traversing /Users/rmntim/Personal/ITMO/Semester5/OS-new/lab/intro-exp/out/graph-rand.bin ... OK (436905 nodes processed)
Iteration 5/5 (write): traversing /Users/rmntim/Personal/ITMO/Semester5/OS-new/lab/intro-exp/out/graph-rand.bin ... OK (436905 nodes processed)

warmup/2/2: ['/Users/rmntim/Personal/ITMO/Semester5/OS-new/lab/intro-exp/out/graph_traverse_mmap', '--write', '5', '/Users/rmntim/Personal/ITMO/Semester5/OS-new/lab/intro-exp/out/graph-rand.bin']
Iteration 1/5 (write): traversing /Users/rmntim/Personal/ITMO/Semester5/OS-new/lab/intro-exp/out/graph-rand.bin ... OK (436905 nodes processed)
Iteration 2/5 (write): traversing /Users/rmntim/Personal/ITMO/Semester5/OS-new/lab/intro-exp/out/graph-rand.bin ... OK (436905 nodes processed)
Iteration 3/5 (write): traversing /Users/rmntim/Personal/ITMO/Semester5/OS-new/lab/intro-exp/out/graph-rand.bin ... OK (436905 nodes processed)
Iteration 4/5 (write): traversing /Users/rmntim/Personal/ITMO/Semester5/OS-new/lab/intro-exp/out/graph-rand.bin ... OK (436905 nodes processed)
Iteration 5/5 (write): traversing /Users/rmntim/Personal/ITMO/Semester5/OS-new/lab/intro-exp/out/graph-rand.bin ... OK (436905 nodes processed)

warmup/2/3: ['/Users/rmntim/Personal/ITMO/Semester5/OS-new/lab/intro-exp/out/graph_traverse', '5', '/Users/rmntim/Personal/ITMO/Semester5/OS-new/lab/intro-exp/out/graph-rand.bin']
Iteration 1/5 (read): traversing /Users/rmntim/Personal/ITMO/Semester5/OS-new/lab/intro-exp/out/graph-rand.bin ... OK (436905 nodes processed)
Iteration 2/5 (read): traversing /Users/rmntim/Personal/ITMO/Semester5/OS-new/lab/intro-exp/out/graph-rand.bin ... OK (436905 nodes processed)
Iteration 3/5 (read): traversing /Users/rmntim/Personal/ITMO/Semester5/OS-new/lab/intro-exp/out/graph-rand.bin ... OK (436905 nodes processed)
Iteration 4/5 (read): traversing /Users/rmntim/Personal/ITMO/Semester5/OS-new/lab/intro-exp/out/graph-rand.bin ... OK (436905 nodes processed)
Iteration 5/5 (read): traversing /Users/rmntim/Personal/ITMO/Semester5/OS-new/lab/intro-exp/out/graph-rand.bin ... OK (436905 nodes processed)

warmup/2/4: ['/Users/rmntim/Personal/ITMO/Semester5/OS-new/lab/intro-exp/out/graph_traverse_mmap', '5', '/Users/rmntim/Personal/ITMO/Semester5/OS-new/lab/intro-exp/out/graph-rand.bin']
Iteration 1/5 (read): traversing /Users/rmntim/Personal/ITMO/Semester5/OS-new/lab/intro-exp/out/graph-rand.bin ... OK (436905 nodes processed)
Iteration 2/5 (read): traversing /Users/rmntim/Personal/ITMO/Semester5/OS-new/lab/intro-exp/out/graph-rand.bin ... OK (436905 nodes processed)
Iteration 3/5 (read): traversing /Users/rmntim/Personal/ITMO/Semester5/OS-new/lab/intro-exp/out/graph-rand.bin ... OK (436905 nodes processed)
Iteration 4/5 (read): traversing /Users/rmntim/Personal/ITMO/Semester5/OS-new/lab/intro-exp/out/graph-rand.bin ... OK (436905 nodes processed)
Iteration 5/5 (read): traversing /Users/rmntim/Personal/ITMO/Semester5/OS-new/lab/intro-exp/out/graph-rand.bin ... OK (436905 nodes processed)

pilot/1/1: ['/Users/rmntim/Personal/ITMO/Semester5/OS-new/lab/intro-exp/out/graph_traverse', '--write', '5', '/Users/rmntim/Personal/ITMO/Semester5/OS-new/lab/intro-exp/out/graph-rand.bin']
Iteration 1/5 (write): traversing /Users/rmntim/Personal/ITMO/Semester5/OS-new/lab/intro-exp/out/graph-rand.bin ... OK (436905 nodes processed)
Iteration 2/5 (write): traversing /Users/rmntim/Personal/ITMO/Semester5/OS-new/lab/intro-exp/out/graph-rand.bin ... OK (436905 nodes processed)
Iteration 3/5 (write): traversing /Users/rmntim/Personal/ITMO/Semester5/OS-new/lab/intro-exp/out/graph-rand.bin ... OK (436905 nodes processed)
Iteration 4/5 (write): traversing /Users/rmntim/Personal/ITMO/Semester5/OS-new/lab/intro-exp/out/graph-rand.bin ... OK (436905 nodes processed)
Iteration 5/5 (write): traversing /Users/rmntim/Personal/ITMO/Semester5/OS-new/lab/intro-exp/out/graph-rand.bin ... OK (436905 nodes processed)

pilot/1/2: ['/Users/rmntim/Personal/ITMO/Semester5/OS-new/lab/intro-exp/out/graph_traverse_mmap', '--write', '5', '/Users/rmntim/Personal/ITMO/Semester5/OS-new/lab/intro-exp/out/graph-rand.bin']
Iteration 1/5 (write): traversing /Users/rmntim/Personal/ITMO/Semester5/OS-new/lab/intro-exp/out/graph-rand.bin ... OK (436905 nodes processed)
Iteration 2/5 (write): traversing /Users/rmntim/Personal/ITMO/Semester5/OS-new/lab/intro-exp/out/graph-rand.bin ... OK (436905 nodes processed)
Iteration 3/5 (write): traversing /Users/rmntim/Personal/ITMO/Semester5/OS-new/lab/intro-exp/out/graph-rand.bin ... OK (436905 nodes processed)
Iteration 4/5 (write): traversing /Users/rmntim/Personal/ITMO/Semester5/OS-new/lab/intro-exp/out/graph-rand.bin ... OK (436905 nodes processed)
Iteration 5/5 (write): traversing /Users/rmntim/Personal/ITMO/Semester5/OS-new/lab/intro-exp/out/graph-rand.bin ... OK (436905 nodes processed)

pilot/1/3: ['/Users/rmntim/Personal/ITMO/Semester5/OS-new/lab/intro-exp/out/graph_traverse', '5', '/Users/rmntim/Personal/ITMO/Semester5/OS-new/lab/intro-exp/out/graph-rand.bin']
Iteration 1/5 (read): traversing /Users/rmntim/Personal/ITMO/Semester5/OS-new/lab/intro-exp/out/graph-rand.bin ... OK (436905 nodes processed)
Iteration 2/5 (read): traversing /Users/rmntim/Personal/ITMO/Semester5/OS-new/lab/intro-exp/out/graph-rand.bin ... OK (436905 nodes processed)
Iteration 3/5 (read): traversing /Users/rmntim/Personal/ITMO/Semester5/OS-new/lab/intro-exp/out/graph-rand.bin ... OK (436905 nodes processed)
Iteration 4/5 (read): traversing /Users/rmntim/Personal/ITMO/Semester5/OS-new/lab/intro-exp/out/graph-rand.bin ... OK (436905 nodes processed)
Iteration 5/5 (read): traversing /Users/rmntim/Personal/ITMO/Semester5/OS-new/lab/intro-exp/out/graph-rand.bin ... OK (436905 nodes processed)

pilot/1/4: ['/Users/rmntim/Personal/ITMO/Semester5/OS-new/lab/intro-exp/out/graph_traverse_mmap', '5', '/Users/rmntim/Personal/ITMO/Semester5/OS-new/lab/intro-exp/out/graph-rand.bin']
Iteration 1/5 (read): traversing /Users/rmntim/Personal/ITMO/Semester5/OS-new/lab/intro-exp/out/graph-rand.bin ... OK (436905 nodes processed)
Iteration 2/5 (read): traversing /Users/rmntim/Personal/ITMO/Semester5/OS-new/lab/intro-exp/out/graph-rand.bin ... OK (436905 nodes processed)
Iteration 3/5 (read): traversing /Users/rmntim/Personal/ITMO/Semester5/OS-new/lab/intro-exp/out/graph-rand.bin ... OK (436905 nodes processed)
Iteration 4/5 (read): traversing /Users/rmntim/Personal/ITMO/Semester5/OS-new/lab/intro-exp/out/graph-rand.bin ... OK (436905 nodes processed)
Iteration 5/5 (read): traversing /Users/rmntim/Personal/ITMO/Semester5/OS-new/lab/intro-exp/out/graph-rand.bin ... OK (436905 nodes processed)

pilot/2/1: ['/Users/rmntim/Personal/ITMO/Semester5/OS-new/lab/intro-exp/out/graph_traverse', '5', '/Users/rmntim/Personal/ITMO/Semester5/OS-new/lab/intro-exp/out/graph-rand.bin']
Iteration 1/5 (read): traversing /Users/rmntim/Personal/ITMO/Semester5/OS-new/lab/intro-exp/out/graph-rand.bin ... OK (436905 nodes processed)
Iteration 2/5 (read): traversing /Users/rmntim/Personal/ITMO/Semester5/OS-new/lab/intro-exp/out/graph-rand.bin ... OK (436905 nodes processed)
Iteration 3/5 (read): traversing /Users/rmntim/Personal/ITMO/Semester5/OS-new/lab/intro-exp/out/graph-rand.bin ... OK (436905 nodes processed)
Iteration 4/5 (read): traversing /Users/rmntim/Personal/ITMO/Semester5/OS-new/lab/intro-exp/out/graph-rand.bin ... OK (436905 nodes processed)
Iteration 5/5 (read): traversing /Users/rmntim/Personal/ITMO/Semester5/OS-new/lab/intro-exp/out/graph-rand.bin ... OK (436905 nodes processed)

pilot/2/2: ['/Users/rmntim/Personal/ITMO/Semester5/OS-new/lab/intro-exp/out/graph_traverse_mmap', '5', '/Users/rmntim/Personal/ITMO/Semester5/OS-new/lab/intro-exp/out/graph-rand.bin']
Iteration 1/5 (read): traversing /Users/rmntim/Personal/ITMO/Semester5/OS-new/lab/intro-exp/out/graph-rand.bin ... OK (436905 nodes processed)
Iteration 2/5 (read): traversing /Users/rmntim/Personal/ITMO/Semester5/OS-new/lab/intro-exp/out/graph-rand.bin ... OK (436905 nodes processed)
Iteration 3/5 (read): traversing /Users/rmntim/Personal/ITMO/Semester5/OS-new/lab/intro-exp/out/graph-rand.bin ... OK (436905 nodes processed)
Iteration 4/5 (read): traversing /Users/rmntim/Personal/ITMO/Semester5/OS-new/lab/intro-exp/out/graph-rand.bin ... OK (436905 nodes processed)
Iteration 5/5 (read): traversing /Users/rmntim/Personal/ITMO/Semester5/OS-new/lab/intro-exp/out/graph-rand.bin ... OK (436905 nodes processed)

pilot/2/3: ['/Users/rmntim/Personal/ITMO/Semester5/OS-new/lab/intro-exp/out/graph_traverse', '--write', '5', '/Users/rmntim/Personal/ITMO/Semester5/OS-new/lab/intro-exp/out/graph-rand.bin']
Iteration 1/5 (write): traversing /Users/rmntim/Personal/ITMO/Semester5/OS-new/lab/intro-exp/out/graph-rand.bin ... OK (436905 nodes processed)
Iteration 2/5 (write): traversing /Users/rmntim/Personal/ITMO/Semester5/OS-new/lab/intro-exp/out/graph-rand.bin ... OK (436905 nodes processed)
Iteration 3/5 (write): traversing /Users/rmntim/Personal/ITMO/Semester5/OS-new/lab/intro-exp/out/graph-rand.bin ... OK (436905 nodes processed)
Iteration 4/5 (write): traversing /Users/rmntim/Personal/ITMO/Semester5/OS-new/lab/intro-exp/out/graph-rand.bin ... OK (436905 nodes processed)
Iteration 5/5 (write): traversing /Users/rmntim/Personal/ITMO/Semester5/OS-new/lab/intro-exp/out/graph-rand.bin ... OK (436905 nodes processed)

pilot/2/4: ['/Users/rmntim/Personal/ITMO/Semester5/OS-new/lab/intro-exp/out/graph_traverse_mmap', '--write', '5', '/Users/rmntim/Personal/ITMO/Semester5/OS-new/lab/intro-exp/out/graph-rand.bin']
Iteration 1/5 (write): traversing /Users/rmntim/Personal/ITMO/Semester5/OS-new/lab/intro-exp/out/graph-rand.bin ... OK (436905 nodes processed)
Iteration 2/5 (write): traversing /Users/rmntim/Personal/ITMO/Semester5/OS-new/lab/intro-exp/out/graph-rand.bin ... OK (436905 nodes processed)
Iteration 3/5 (write): traversing /Users/rmntim/Personal/ITMO/Semester5/OS-new/lab/intro-exp/out/graph-rand.bin ... OK (436905 nodes processed)
Iteration 4/5 (write): traversing /Users/rmntim/Personal/ITMO/Semester5/OS-new/lab/intro-exp/out/graph-rand.bin ... OK (436905 nodes processed)
Iteration 5/5 (write): traversing /Users/rmntim/Personal/ITMO/Semester5/OS-new/lab/intro-exp/out/graph-rand.bin ... OK (436905 nodes processed)

pilot/3/1: ['/Users/rmntim/Personal/ITMO/Semester5/OS-new/lab/intro-exp/out/graph_traverse', '5', '/Users/rmntim/Personal/ITMO/Semester5/OS-new/lab/intro-exp/out/graph-rand.bin']
Iteration 1/5 (read): traversing /Users/rmntim/Personal/ITMO/Semester5/OS-new/lab/intro-exp/out/graph-rand.bin ... OK (436905 nodes processed)
Iteration 2/5 (read): traversing /Users/rmntim/Personal/ITMO/Semester5/OS-new/lab/intro-exp/out/graph-rand.bin ... OK (436905 nodes processed)
Iteration 3/5 (read): traversing /Users/rmntim/Personal/ITMO/Semester5/OS-new/lab/intro-exp/out/graph-rand.bin ... OK (436905 nodes processed)
Iteration 4/5 (read): traversing /Users/rmntim/Personal/ITMO/Semester5/OS-new/lab/intro-exp/out/graph-rand.bin ... OK (436905 nodes processed)
Iteration 5/5 (read): traversing /Users/rmntim/Personal/ITMO/Semester5/OS-new/lab/intro-exp/out/graph-rand.bin ... OK (436905 nodes processed)

pilot/3/2: ['/Users/rmntim/Personal/ITMO/Semester5/OS-new/lab/intro-exp/out/graph_traverse_mmap', '--write', '5', '/Users/rmntim/Personal/ITMO/Semester5/OS-new/lab/intro-exp/out/graph-rand.bin']
Iteration 1/5 (write): traversing /Users/rmntim/Personal/ITMO/Semester5/OS-new/lab/intro-exp/out/graph-rand.bin ... OK (436905 nodes processed)
Iteration 2/5 (write): traversing /Users/rmntim/Personal/ITMO/Semester5/OS-new/lab/intro-exp/out/graph-rand.bin ... OK (436905 nodes processed)
Iteration 3/5 (write): traversing /Users/rmntim/Personal/ITMO/Semester5/OS-new/lab/intro-exp/out/graph-rand.bin ... OK (436905 nodes processed)
Iteration 4/5 (write): traversing /Users/rmntim/Personal/ITMO/Semester5/OS-new/lab/intro-exp/out/graph-rand.bin ... OK (436905 nodes processed)
Iteration 5/5 (write): traversing /Users/rmntim/Personal/ITMO/Semester5/OS-new/lab/intro-exp/out/graph-rand.bin ... OK (436905 nodes processed)

pilot/3/3: ['/Users/rmntim/Personal/ITMO/Semester5/OS-new/lab/intro-exp/out/graph_traverse', '--write', '5', '/Users/rmntim/Personal/ITMO/Semester5/OS-new/lab/intro-exp/out/graph-rand.bin']
Iteration 1/5 (write): traversing /Users/rmntim/Personal/ITMO/Semester5/OS-new/lab/intro-exp/out/graph-rand.bin ... OK (436905 nodes processed)
Iteration 2/5 (write): traversing /Users/rmntim/Personal/ITMO/Semester5/OS-new/lab/intro-exp/out/graph-rand.bin ... OK (436905 nodes processed)
Iteration 3/5 (write): traversing /Users/rmntim/Personal/ITMO/Semester5/OS-new/lab/intro-exp/out/graph-rand.bin ... OK (436905 nodes processed)
Iteration 4/5 (write): traversing /Users/rmntim/Personal/ITMO/Semester5/OS-new/lab/intro-exp/out/graph-rand.bin ... OK (436905 nodes processed)
Iteration 5/5 (write): traversing /Users/rmntim/Personal/ITMO/Semester5/OS-new/lab/intro-exp/out/graph-rand.bin ... OK (436905 nodes processed)

pilot/3/4: ['/Users/rmntim/Personal/ITMO/Semester5/OS-new/lab/intro-exp/out/graph_traverse_mmap', '5', '/Users/rmntim/Personal/ITMO/Semester5/OS-new/lab/intro-exp/out/graph-rand.bin']
Iteration 1/5 (read): traversing /Users/rmntim/Personal/ITMO/Semester5/OS-new/lab/intro-exp/out/graph-rand.bin ... OK (436905 nodes processed)
Iteration 2/5 (read): traversing /Users/rmntim/Personal/ITMO/Semester5/OS-new/lab/intro-exp/out/graph-rand.bin ... OK (436905 nodes processed)
Iteration 3/5 (read): traversing /Users/rmntim/Personal/ITMO/Semester5/OS-new/lab/intro-exp/out/graph-rand.bin ... OK (436905 nodes processed)
Iteration 4/5 (read): traversing /Users/rmntim/Personal/ITMO/Semester5/OS-new/lab/intro-exp/out/graph-rand.bin ... OK (436905 nodes processed)
Iteration 5/5 (read): traversing /Users/rmntim/Personal/ITMO/Semester5/OS-new/lab/intro-exp/out/graph-rand.bin ... OK (436905 nodes processed)

pilot/4/1: ['/Users/rmntim/Personal/ITMO/Semester5/OS-new/lab/intro-exp/out/graph_traverse_mmap', '5', '/Users/rmntim/Personal/ITMO/Semester5/OS-new/lab/intro-exp/out/graph-rand.bin']
Iteration 1/5 (read): traversing /Users/rmntim/Personal/ITMO/Semester5/OS-new/lab/intro-exp/out/graph-rand.bin ... OK (436905 nodes processed)
Iteration 2/5 (read): traversing /Users/rmntim/Personal/ITMO/Semester5/OS-new/lab/intro-exp/out/graph-rand.bin ... OK (436905 nodes processed)
Iteration 3/5 (read): traversing /Users/rmntim/Personal/ITMO/Semester5/OS-new/lab/intro-exp/out/graph-rand.bin ... OK (436905 nodes processed)
Iteration 4/5 (read): traversing /Users/rmntim/Personal/ITMO/Semester5/OS-new/lab/intro-exp/out/graph-rand.bin ... OK (436905 nodes processed)
Iteration 5/5 (read): traversing /Users/rmntim/Personal/ITMO/Semester5/OS-new/lab/intro-exp/out/graph-rand.bin ... OK (436905 nodes processed)

pilot/4/2: ['/Users/rmntim/Personal/ITMO/Semester5/OS-new/lab/intro-exp/out/graph_traverse_mmap', '--write', '5', '/Users/rmntim/Personal/ITMO/Semester5/OS-new/lab/intro-exp/out/graph-rand.bin']
Iteration 1/5 (write): traversing /Users/rmntim/Personal/ITMO/Semester5/OS-new/lab/intro-exp/out/graph-rand.bin ... OK (436905 nodes processed)
Iteration 2/5 (write): traversing /Users/rmntim/Personal/ITMO/Semester5/OS-new/lab/intro-exp/out/graph-rand.bin ... OK (436905 nodes processed)
Iteration 3/5 (write): traversing /Users/rmntim/Personal/ITMO/Semester5/OS-new/lab/intro-exp/out/graph-rand.bin ... OK (436905 nodes processed)
Iteration 4/5 (write): traversing /Users/rmntim/Personal/ITMO/Semester5/OS-new/lab/intro-exp/out/graph-rand.bin ... OK (436905 nodes processed)
Iteration 5/5 (write): traversing /Users/rmntim/Personal/ITMO/Semester5/OS-new/lab/intro-exp/out/graph-rand.bin ... OK (436905 nodes processed)

pilot/4/3: ['/Users/rmntim/Personal/ITMO/Semester5/OS-new/lab/intro-exp/out/graph_traverse', '--write', '5', '/Users/rmntim/Personal/ITMO/Semester5/OS-new/lab/intro-exp/out/graph-rand.bin']
Iteration 1/5 (write): traversing /Users/rmntim/Personal/ITMO/Semester5/OS-new/lab/intro-exp/out/graph-rand.bin ... OK (436905 nodes processed)
Iteration 2/5 (write): traversing /Users/rmntim/Personal/ITMO/Semester5/OS-new/lab/intro-exp/out/graph-rand.bin ... OK (436905 nodes processed)
Iteration 3/5 (write): traversing /Users/rmntim/Personal/ITMO/Semester5/OS-new/lab/intro-exp/out/graph-rand.bin ... OK (436905 nodes processed)
Iteration 4/5 (write): traversing /Users/rmntim/Personal/ITMO/Semester5/OS-new/lab/intro-exp/out/graph-rand.bin ... OK (436905 nodes processed)
Iteration 5/5 (write): traversing /Users/rmntim/Personal/ITMO/Semester5/OS-new/lab/intro-exp/out/graph-rand.bin ... OK (436905 nodes processed)

pilot/4/4: ['/Users/rmntim/Personal/ITMO/Semester5/OS-new/lab/intro-exp/out/graph_traverse', '5', '/Users/rmntim/Personal/ITMO/Semester5/OS-new/lab/intro-exp/out/graph-rand.bin']
Iteration 1/5 (read): traversing /Users/rmntim/Personal/ITMO/Semester5/OS-new/lab/intro-exp/out/graph-rand.bin ... OK (436905 nodes processed)
Iteration 2/5 (read): traversing /Users/rmntim/Personal/ITMO/Semester5/OS-new/lab/intro-exp/out/graph-rand.bin ... OK (436905 nodes processed)
Iteration 3/5 (read): traversing /Users/rmntim/Personal/ITMO/Semester5/OS-new/lab/intro-exp/out/graph-rand.bin ... OK (436905 nodes processed)
Iteration 4/5 (read): traversing /Users/rmntim/Personal/ITMO/Semester5/OS-new/lab/intro-exp/out/graph-rand.bin ... OK (436905 nodes processed)
Iteration 5/5 (read): traversing /Users/rmntim/Personal/ITMO/Semester5/OS-new/lab/intro-exp/out/graph-rand.bin ... OK (436905 nodes processed)

pilot/5/1: ['/Users/rmntim/Personal/ITMO/Semester5/OS-new/lab/intro-exp/out/graph_traverse', '--write', '5', '/Users/rmntim/Personal/ITMO/Semester5/OS-new/lab/intro-exp/out/graph-rand.bin']
Iteration 1/5 (write): traversing /Users/rmntim/Personal/ITMO/Semester5/OS-new/lab/intro-exp/out/graph-rand.bin ... OK (436905 nodes processed)
Iteration 2/5 (write): traversing /Users/rmntim/Personal/ITMO/Semester5/OS-new/lab/intro-exp/out/graph-rand.bin ... OK (436905 nodes processed)
Iteration 3/5 (write): traversing /Users/rmntim/Personal/ITMO/Semester5/OS-new/lab/intro-exp/out/graph-rand.bin ... OK (436905 nodes processed)
Iteration 4/5 (write): traversing /Users/rmntim/Personal/ITMO/Semester5/OS-new/lab/intro-exp/out/graph-rand.bin ... OK (436905 nodes processed)
Iteration 5/5 (write): traversing /Users/rmntim/Personal/ITMO/Semester5/OS-new/lab/intro-exp/out/graph-rand.bin ... OK (436905 nodes processed)

pilot/5/2: ['/Users/rmntim/Personal/ITMO/Semester5/OS-new/lab/intro-exp/out/graph_traverse', '5', '/Users/rmntim/Personal/ITMO/Semester5/OS-new/lab/intro-exp/out/graph-rand.bin']
Iteration 1/5 (read): traversing /Users/rmntim/Personal/ITMO/Semester5/OS-new/lab/intro-exp/out/graph-rand.bin ... OK (436905 nodes processed)
Iteration 2/5 (read): traversing /Users/rmntim/Personal/ITMO/Semester5/OS-new/lab/intro-exp/out/graph-rand.bin ... OK (436905 nodes processed)
Iteration 3/5 (read): traversing /Users/rmntim/Personal/ITMO/Semester5/OS-new/lab/intro-exp/out/graph-rand.bin ... OK (436905 nodes processed)
Iteration 4/5 (read): traversing /Users/rmntim/Personal/ITMO/Semester5/OS-new/lab/intro-exp/out/graph-rand.bin ... OK (436905 nodes processed)
Iteration 5/5 (read): traversing /Users/rmntim/Personal/ITMO/Semester5/OS-new/lab/intro-exp/out/graph-rand.bin ... OK (436905 nodes processed)

pilot/5/3: ['/Users/rmntim/Personal/ITMO/Semester5/OS-new/lab/intro-exp/out/graph_traverse_mmap', '5', '/Users/rmntim/Personal/ITMO/Semester5/OS-new/lab/intro-exp/out/graph-rand.bin']
Iteration 1/5 (read): traversing /Users/rmntim/Personal/ITMO/Semester5/OS-new/lab/intro-exp/out/graph-rand.bin ... OK (436905 nodes processed)
Iteration 2/5 (read): traversing /Users/rmntim/Personal/ITMO/Semester5/OS-new/lab/intro-exp/out/graph-rand.bin ... OK (436905 nodes processed)
Iteration 3/5 (read): traversing /Users/rmntim/Personal/ITMO/Semester5/OS-new/lab/intro-exp/out/graph-rand.bin ... OK (436905 nodes processed)
Iteration 4/5 (read): traversing /Users/rmntim/Personal/ITMO/Semester5/OS-new/lab/intro-exp/out/graph-rand.bin ... OK (436905 nodes processed)
Iteration 5/5 (read): traversing /Users/rmntim/Personal/ITMO/Semester5/OS-new/lab/intro-exp/out/graph-rand.bin ... OK (436905 nodes processed)

pilot/5/4: ['/Users/rmntim/Personal/ITMO/Semester5/OS-new/lab/intro-exp/out/graph_traverse_mmap', '--write', '5', '/Users/rmntim/Personal/ITMO/Semester5/OS-new/lab/intro-exp/out/graph-rand.bin']
Iteration 1/5 (write): traversing /Users/rmntim/Personal/ITMO/Semester5/OS-new/lab/intro-exp/out/graph-rand.bin ... OK (436905 nodes processed)
Iteration 2/5 (write): traversing /Users/rmntim/Personal/ITMO/Semester5/OS-new/lab/intro-exp/out/graph-rand.bin ... OK (436905 nodes processed)
Iteration 3/5 (write): traversing /Users/rmntim/Personal/ITMO/Semester5/OS-new/lab/intro-exp/out/graph-rand.bin ... OK (436905 nodes processed)
Iteration 4/5 (write): traversing /Users/rmntim/Personal/ITMO/Semester5/OS-new/lab/intro-exp/out/graph-rand.bin ... OK (436905 nodes processed)
Iteration 5/5 (write): traversing /Users/rmntim/Personal/ITMO/Semester5/OS-new/lab/intro-exp/out/graph-rand.bin ... OK (436905 nodes processed)

pilot/6/1: ['/Users/rmntim/Personal/ITMO/Semester5/OS-new/lab/intro-exp/out/graph_traverse', '--write', '5', '/Users/rmntim/Personal/ITMO/Semester5/OS-new/lab/intro-exp/out/graph-rand.bin']
Iteration 1/5 (write): traversing /Users/rmntim/Personal/ITMO/Semester5/OS-new/lab/intro-exp/out/graph-rand.bin ... OK (436905 nodes processed)
Iteration 2/5 (write): traversing /Users/rmntim/Personal/ITMO/Semester5/OS-new/lab/intro-exp/out/graph-rand.bin ... OK (436905 nodes processed)
Iteration 3/5 (write): traversing /Users/rmntim/Personal/ITMO/Semester5/OS-new/lab/intro-exp/out/graph-rand.bin ... OK (436905 nodes processed)
Iteration 4/5 (write): traversing /Users/rmntim/Personal/ITMO/Semester5/OS-new/lab/intro-exp/out/graph-rand.bin ... OK (436905 nodes processed)
Iteration 5/5 (write): traversing /Users/rmntim/Personal/ITMO/Semester5/OS-new/lab/intro-exp/out/graph-rand.bin ... OK (436905 nodes processed)

pilot/6/2: ['/Users/rmntim/Personal/ITMO/Semester5/OS-new/lab/intro-exp/out/graph_traverse', '5', '/Users/rmntim/Personal/ITMO/Semester5/OS-new/lab/intro-exp/out/graph-rand.bin']
Iteration 1/5 (read): traversing /Users/rmntim/Personal/ITMO/Semester5/OS-new/lab/intro-exp/out/graph-rand.bin ... OK (436905 nodes processed)
Iteration 2/5 (read): traversing /Users/rmntim/Personal/ITMO/Semester5/OS-new/lab/intro-exp/out/graph-rand.bin ... OK (436905 nodes processed)
Iteration 3/5 (read): traversing /Users/rmntim/Personal/ITMO/Semester5/OS-new/lab/intro-exp/out/graph-rand.bin ... OK (436905 nodes processed)
Iteration 4/5 (read): traversing /Users/rmntim/Personal/ITMO/Semester5/OS-new/lab/intro-exp/out/graph-rand.bin ... OK (436905 nodes processed)
Iteration 5/5 (read): traversing /Users/rmntim/Personal/ITMO/Semester5/OS-new/lab/intro-exp/out/graph-rand.bin ... OK (436905 nodes processed)

pilot/6/3: ['/Users/rmntim/Personal/ITMO/Semester5/OS-new/lab/intro-exp/out/graph_traverse_mmap', '5', '/Users/rmntim/Personal/ITMO/Semester5/OS-new/lab/intro-exp/out/graph-rand.bin']
Iteration 1/5 (read): traversing /Users/rmntim/Personal/ITMO/Semester5/OS-new/lab/intro-exp/out/graph-rand.bin ... OK (436905 nodes processed)
Iteration 2/5 (read): traversing /Users/rmntim/Personal/ITMO/Semester5/OS-new/lab/intro-exp/out/graph-rand.bin ... OK (436905 nodes processed)
Iteration 3/5 (read): traversing /Users/rmntim/Personal/ITMO/Semester5/OS-new/lab/intro-exp/out/graph-rand.bin ... OK (436905 nodes processed)
Iteration 4/5 (read): traversing /Users/rmntim/Personal/ITMO/Semester5/OS-new/lab/intro-exp/out/graph-rand.bin ... OK (436905 nodes processed)
Iteration 5/5 (read): traversing /Users/rmntim/Personal/ITMO/Semester5/OS-new/lab/intro-exp/out/graph-rand.bin ... OK (436905 nodes processed)

pilot/6/4: ['/Users/rmntim/Personal/ITMO/Semester5/OS-new/lab/intro-exp/out/graph_traverse_mmap', '--write', '5', '/Users/rmntim/Personal/ITMO/Semester5/OS-new/lab/intro-exp/out/graph-rand.bin']
Iteration 1/5 (write): traversing /Users/rmntim/Personal/ITMO/Semester5/OS-new/lab/intro-exp/out/graph-rand.bin ... OK (436905 nodes processed)
Iteration 2/5 (write): traversing /Users/rmntim/Personal/ITMO/Semester5/OS-new/lab/intro-exp/out/graph-rand.bin ... OK (436905 nodes processed)
Iteration 3/5 (write): traversing /Users/rmntim/Personal/ITMO/Semester5/OS-new/lab/intro-exp/out/graph-rand.bin ... OK (436905 nodes processed)
Iteration 4/5 (write): traversing /Users/rmntim/Personal/ITMO/Semester5/OS-new/lab/intro-exp/out/graph-rand.bin ... OK (436905 nodes processed)
Iteration 5/5 (write): traversing /Users/rmntim/Personal/ITMO/Semester5/OS-new/lab/intro-exp/out/graph-rand.bin ... OK (436905 nodes processed)

pilot/7/1: ['/Users/rmntim/Personal/ITMO/Semester5/OS-new/lab/intro-exp/out/graph_traverse', '5', '/Users/rmntim/Personal/ITMO/Semester5/OS-new/lab/intro-exp/out/graph-rand.bin']
Iteration 1/5 (read): traversing /Users/rmntim/Personal/ITMO/Semester5/OS-new/lab/intro-exp/out/graph-rand.bin ... OK (436905 nodes processed)
Iteration 2/5 (read): traversing /Users/rmntim/Personal/ITMO/Semester5/OS-new/lab/intro-exp/out/graph-rand.bin ... OK (436905 nodes processed)
Iteration 3/5 (read): traversing /Users/rmntim/Personal/ITMO/Semester5/OS-new/lab/intro-exp/out/graph-rand.bin ... OK (436905 nodes processed)
Iteration 4/5 (read): traversing /Users/rmntim/Personal/ITMO/Semester5/OS-new/lab/intro-exp/out/graph-rand.bin ... OK (436905 nodes processed)
Iteration 5/5 (read): traversing /Users/rmntim/Personal/ITMO/Semester5/OS-new/lab/intro-exp/out/graph-rand.bin ... OK (436905 nodes processed)

pilot/7/2: ['/Users/rmntim/Personal/ITMO/Semester5/OS-new/lab/intro-exp/out/graph_traverse_mmap', '--write', '5', '/Users/rmntim/Personal/ITMO/Semester5/OS-new/lab/intro-exp/out/graph-rand.bin']
Iteration 1/5 (write): traversing /Users/rmntim/Personal/ITMO/Semester5/OS-new/lab/intro-exp/out/graph-rand.bin ... OK (436905 nodes processed)
Iteration 2/5 (write): traversing /Users/rmntim/Personal/ITMO/Semester5/OS-new/lab/intro-exp/out/graph-rand.bin ... OK (436905 nodes processed)
Iteration 3/5 (write): traversing /Users/rmntim/Personal/ITMO/Semester5/OS-new/lab/intro-exp/out/graph-rand.bin ... OK (436905 nodes processed)
Iteration 4/5 (write): traversing /Users/rmntim/Personal/ITMO/Semester5/OS-new/lab/intro-exp/out/graph-rand.bin ... OK (436905 nodes processed)
Iteration 5/5 (write): traversing /Users/rmntim/Personal/ITMO/Semester5/OS-new/lab/intro-exp/out/graph-rand.bin ... OK (436905 nodes processed)

pilot/7/3: ['/Users/rmntim/Personal/ITMO/Semester5/OS-new/lab/intro-exp/out/graph_traverse', '--write', '5', '/Users/rmntim/Personal/ITMO/Semester5/OS-new/lab/intro-exp/out/graph-rand.bin']
Iteration 1/5 (write): traversing /Users/rmntim/Personal/ITMO/Semester5/OS-new/lab/intro-exp/out/graph-rand.bin ... OK (436905 nodes processed)
Iteration 2/5 (write): traversing /Users/rmntim/Personal/ITMO/Semester5/OS-new/lab/intro-exp/out/graph-rand.bin ... OK (436905 nodes processed)
Iteration 3/5 (write): traversing /Users/rmntim/Personal/ITMO/Semester5/OS-new/lab/intro-exp/out/graph-rand.bin ... OK (436905 nodes processed)
Iteration 4/5 (write): traversing /Users/rmntim/Personal/ITMO/Semester5/OS-new/lab/intro-exp/out/graph-rand.bin ... OK (436905 nodes processed)
Iteration 5/5 (write): traversing /Users/rmntim/Personal/ITMO/Semester5/OS-new/lab/intro-exp/out/graph-rand.bin ... OK (436905 nodes processed)

pilot/7/4: ['/Users/rmntim/Personal/ITMO/Semester5/OS-new/lab/intro-exp/out/graph_traverse_mmap', '5', '/Users/rmntim/Personal/ITMO/Semester5/OS-new/lab/intro-exp/out/graph-rand.bin']
Iteration 1/5 (read): traversing /Users/rmntim/Personal/ITMO/Semester5/OS-new/lab/intro-exp/out/graph-rand.bin ... OK (436905 nodes processed)
Iteration 2/5 (read): traversing /Users/rmntim/Personal/ITMO/Semester5/OS-new/lab/intro-exp/out/graph-rand.bin ... OK (436905 nodes processed)
Iteration 3/5 (read): traversing /Users/rmntim/Personal/ITMO/Semester5/OS-new/lab/intro-exp/out/graph-rand.bin ... OK (436905 nodes processed)
Iteration 4/5 (read): traversing /Users/rmntim/Personal/ITMO/Semester5/OS-new/lab/intro-exp/out/graph-rand.bin ... OK (436905 nodes processed)
Iteration 5/5 (read): traversing /Users/rmntim/Personal/ITMO/Semester5/OS-new/lab/intro-exp/out/graph-rand.bin ... OK (436905 nodes processed)

pilot/8/1: ['/Users/rmntim/Personal/ITMO/Semester5/OS-new/lab/intro-exp/out/graph_traverse_mmap', '--write', '5', '/Users/rmntim/Personal/ITMO/Semester5/OS-new/lab/intro-exp/out/graph-rand.bin']
Iteration 1/5 (write): traversing /Users/rmntim/Personal/ITMO/Semester5/OS-new/lab/intro-exp/out/graph-rand.bin ... OK (436905 nodes processed)
Iteration 2/5 (write): traversing /Users/rmntim/Personal/ITMO/Semester5/OS-new/lab/intro-exp/out/graph-rand.bin ... OK (436905 nodes processed)
Iteration 3/5 (write): traversing /Users/rmntim/Personal/ITMO/Semester5/OS-new/lab/intro-exp/out/graph-rand.bin ... OK (436905 nodes processed)
Iteration 4/5 (write): traversing /Users/rmntim/Personal/ITMO/Semester5/OS-new/lab/intro-exp/out/graph-rand.bin ... OK (436905 nodes processed)
Iteration 5/5 (write): traversing /Users/rmntim/Personal/ITMO/Semester5/OS-new/lab/intro-exp/out/graph-rand.bin ... OK (436905 nodes processed)

pilot/8/2: ['/Users/rmntim/Personal/ITMO/Semester5/OS-new/lab/intro-exp/out/graph_traverse_mmap', '5', '/Users/rmntim/Personal/ITMO/Semester5/OS-new/lab/intro-exp/out/graph-rand.bin']
Iteration 1/5 (read): traversing /Users/rmntim/Personal/ITMO/Semester5/OS-new/lab/intro-exp/out/graph-rand.bin ... OK (436905 nodes processed)
Iteration 2/5 (read): traversing /Users/rmntim/Personal/ITMO/Semester5/OS-new/lab/intro-exp/out/graph-rand.bin ... OK (436905 nodes processed)
Iteration 3/5 (read): traversing /Users/rmntim/Personal/ITMO/Semester5/OS-new/lab/intro-exp/out/graph-rand.bin ... OK (436905 nodes processed)
Iteration 4/5 (read): traversing /Users/rmntim/Personal/ITMO/Semester5/OS-new/lab/intro-exp/out/graph-rand.bin ... OK (436905 nodes processed)
Iteration 5/5 (read): traversing /Users/rmntim/Personal/ITMO/Semester5/OS-new/lab/intro-exp/out/graph-rand.bin ... OK (436905 nodes processed)

pilot/8/3: ['/Users/rmntim/Personal/ITMO/Semester5/OS-new/lab/intro-exp/out/graph_traverse', '5', '/Users/rmntim/Personal/ITMO/Semester5/OS-new/lab/intro-exp/out/graph-rand.bin']
Iteration 1/5 (read): traversing /Users/rmntim/Personal/ITMO/Semester5/OS-new/lab/intro-exp/out/graph-rand.bin ... OK (436905 nodes processed)
Iteration 2/5 (read): traversing /Users/rmntim/Personal/ITMO/Semester5/OS-new/lab/intro-exp/out/graph-rand.bin ... OK (436905 nodes processed)
Iteration 3/5 (read): traversing /Users/rmntim/Personal/ITMO/Semester5/OS-new/lab/intro-exp/out/graph-rand.bin ... OK (436905 nodes processed)
Iteration 4/5 (read): traversing /Users/rmntim/Personal/ITMO/Semester5/OS-new/lab/intro-exp/out/graph-rand.bin ... OK (436905 nodes processed)
Iteration 5/5 (read): traversing /Users/rmntim/Personal/ITMO/Semester5/OS-new/lab/intro-exp/out/graph-rand.bin ... OK (436905 nodes processed)

pilot/8/4: ['/Users/rmntim/Personal/ITMO/Semester5/OS-new/lab/intro-exp/out/graph_traverse', '--write', '5', '/Users/rmntim/Personal/ITMO/Semester5/OS-new/lab/intro-exp/out/graph-rand.bin']
Iteration 1/5 (write): traversing /Users/rmntim/Personal/ITMO/Semester5/OS-new/lab/intro-exp/out/graph-rand.bin ... OK (436905 nodes processed)
Iteration 2/5 (write): traversing /Users/rmntim/Personal/ITMO/Semester5/OS-new/lab/intro-exp/out/graph-rand.bin ... OK (436905 nodes processed)
Iteration 3/5 (write): traversing /Users/rmntim/Personal/ITMO/Semester5/OS-new/lab/intro-exp/out/graph-rand.bin ... OK (436905 nodes processed)
Iteration 4/5 (write): traversing /Users/rmntim/Personal/ITMO/Semester5/OS-new/lab/intro-exp/out/graph-rand.bin ... OK (436905 nodes processed)
Iteration 5/5 (write): traversing /Users/rmntim/Personal/ITMO/Semester5/OS-new/lab/intro-exp/out/graph-rand.bin ... OK (436905 nodes processed)

pilot/9/1: ['/Users/rmntim/Personal/ITMO/Semester5/OS-new/lab/intro-exp/out/graph_traverse_mmap', '5', '/Users/rmntim/Personal/ITMO/Semester5/OS-new/lab/intro-exp/out/graph-rand.bin']
Iteration 1/5 (read): traversing /Users/rmntim/Personal/ITMO/Semester5/OS-new/lab/intro-exp/out/graph-rand.bin ... OK (436905 nodes processed)
Iteration 2/5 (read): traversing /Users/rmntim/Personal/ITMO/Semester5/OS-new/lab/intro-exp/out/graph-rand.bin ... OK (436905 nodes processed)
Iteration 3/5 (read): traversing /Users/rmntim/Personal/ITMO/Semester5/OS-new/lab/intro-exp/out/graph-rand.bin ... OK (436905 nodes processed)
Iteration 4/5 (read): traversing /Users/rmntim/Personal/ITMO/Semester5/OS-new/lab/intro-exp/out/graph-rand.bin ... OK (436905 nodes processed)
Iteration 5/5 (read): traversing /Users/rmntim/Personal/ITMO/Semester5/OS-new/lab/intro-exp/out/graph-rand.bin ... OK (436905 nodes processed)

pilot/9/2: ['/Users/rmntim/Personal/ITMO/Semester5/OS-new/lab/intro-exp/out/graph_traverse', '5', '/Users/rmntim/Personal/ITMO/Semester5/OS-new/lab/intro-exp/out/graph-rand.bin']
Iteration 1/5 (read): traversing /Users/rmntim/Personal/ITMO/Semester5/OS-new/lab/intro-exp/out/graph-rand.bin ... OK (436905 nodes processed)
Iteration 2/5 (read): traversing /Users/rmntim/Personal/ITMO/Semester5/OS-new/lab/intro-exp/out/graph-rand.bin ... OK (436905 nodes processed)
Iteration 3/5 (read): traversing /Users/rmntim/Personal/ITMO/Semester5/OS-new/lab/intro-exp/out/graph-rand.bin ... OK (436905 nodes processed)
Iteration 4/5 (read): traversing /Users/rmntim/Personal/ITMO/Semester5/OS-new/lab/intro-exp/out/graph-rand.bin ... OK (436905 nodes processed)
Iteration 5/5 (read): traversing /Users/rmntim/Personal/ITMO/Semester5/OS-new/lab/intro-exp/out/graph-rand.bin ... OK (436905 nodes processed)

pilot/9/3: ['/Users/rmntim/Personal/ITMO/Semester5/OS-new/lab/intro-exp/out/graph_traverse_mmap', '--write', '5', '/Users/rmntim/Personal/ITMO/Semester5/OS-new/lab/intro-exp/out/graph-rand.bin']
Iteration 1/5 (write): traversing /Users/rmntim/Personal/ITMO/Semester5/OS-new/lab/intro-exp/out/graph-rand.bin ... OK (436905 nodes processed)
Iteration 2/5 (write): traversing /Users/rmntim/Personal/ITMO/Semester5/OS-new/lab/intro-exp/out/graph-rand.bin ... OK (436905 nodes processed)
Iteration 3/5 (write): traversing /Users/rmntim/Personal/ITMO/Semester5/OS-new/lab/intro-exp/out/graph-rand.bin ... OK (436905 nodes processed)
Iteration 4/5 (write): traversing /Users/rmntim/Personal/ITMO/Semester5/OS-new/lab/intro-exp/out/graph-rand.bin ... OK (436905 nodes processed)
Iteration 5/5 (write): traversing /Users/rmntim/Personal/ITMO/Semester5/OS-new/lab/intro-exp/out/graph-rand.bin ... OK (436905 nodes processed)

pilot/9/4: ['/Users/rmntim/Personal/ITMO/Semester5/OS-new/lab/intro-exp/out/graph_traverse', '--write', '5', '/Users/rmntim/Personal/ITMO/Semester5/OS-new/lab/intro-exp/out/graph-rand.bin']
Iteration 1/5 (write): traversing /Users/rmntim/Personal/ITMO/Semester5/OS-new/lab/intro-exp/out/graph-rand.bin ... OK (436905 nodes processed)
Iteration 2/5 (write): traversing /Users/rmntim/Personal/ITMO/Semester5/OS-new/lab/intro-exp/out/graph-rand.bin ... OK (436905 nodes processed)
Iteration 3/5 (write): traversing /Users/rmntim/Personal/ITMO/Semester5/OS-new/lab/intro-exp/out/graph-rand.bin ... OK (436905 nodes processed)
Iteration 4/5 (write): traversing /Users/rmntim/Personal/ITMO/Semester5/OS-new/lab/intro-exp/out/graph-rand.bin ... OK (436905 nodes processed)
Iteration 5/5 (write): traversing /Users/rmntim/Personal/ITMO/Semester5/OS-new/lab/intro-exp/out/graph-rand.bin ... OK (436905 nodes processed)

pilot/10/1: ['/Users/rmntim/Personal/ITMO/Semester5/OS-new/lab/intro-exp/out/graph_traverse_mmap', '5', '/Users/rmntim/Personal/ITMO/Semester5/OS-new/lab/intro-exp/out/graph-rand.bin']
Iteration 1/5 (read): traversing /Users/rmntim/Personal/ITMO/Semester5/OS-new/lab/intro-exp/out/graph-rand.bin ... OK (436905 nodes processed)
Iteration 2/5 (read): traversing /Users/rmntim/Personal/ITMO/Semester5/OS-new/lab/intro-exp/out/graph-rand.bin ... OK (436905 nodes processed)
Iteration 3/5 (read): traversing /Users/rmntim/Personal/ITMO/Semester5/OS-new/lab/intro-exp/out/graph-rand.bin ... OK (436905 nodes processed)
Iteration 4/5 (read): traversing /Users/rmntim/Personal/ITMO/Semester5/OS-new/lab/intro-exp/out/graph-rand.bin ... OK (436905 nodes processed)
Iteration 5/5 (read): traversing /Users/rmntim/Personal/ITMO/Semester5/OS-new/lab/intro-exp/out/graph-rand.bin ... OK (436905 nodes processed)

pilot/10/2: ['/Users/rmntim/Personal/ITMO/Semester5/OS-new/lab/intro-exp/out/graph_traverse', '5', '/Users/rmntim/Personal/ITMO/Semester5/OS-new/lab/intro-exp/out/graph-rand.bin']
Iteration 1/5 (read): traversing /Users/rmntim/Personal/ITMO/Semester5/OS-new/lab/intro-exp/out/graph-rand.bin ... OK (436905 nodes processed)
Iteration 2/5 (read): traversing /Users/rmntim/Personal/ITMO/Semester5/OS-new/lab/intro-exp/out/graph-rand.bin ... OK (436905 nodes processed)
Iteration 3/5 (read): traversing /Users/rmntim/Personal/ITMO/Semester5/OS-new/lab/intro-exp/out/graph-rand.bin ... OK (436905 nodes processed)
Iteration 4/5 (read): traversing /Users/rmntim/Personal/ITMO/Semester5/OS-new/lab/intro-exp/out/graph-rand.bin ... OK (436905 nodes processed)
Iteration 5/5 (read): traversing /Users/rmntim/Personal/ITMO/Semester5/OS-new/lab/intro-exp/out/graph-rand.bin ... OK (436905 nodes processed)

pilot/10/3: ['/Users/rmntim/Personal/ITMO/Semester5/OS-new/lab/intro-exp/out/graph_traverse_mmap', '--write', '5', '/Users/rmntim/Personal/ITMO/Semester5/OS-new/lab/intro-exp/out/graph-rand.bin']
Iteration 1/5 (write): traversing /Users/rmntim/Personal/ITMO/Semester5/OS-new/lab/intro-exp/out/graph-rand.bin ... OK (436905 nodes processed)
Iteration 2/5 (write): traversing /Users/rmntim/Personal/ITMO/Semester5/OS-new/lab/intro-exp/out/graph-rand.bin ... OK (436905 nodes processed)
Iteration 3/5 (write): traversing /Users/rmntim/Personal/ITMO/Semester5/OS-new/lab/intro-exp/out/graph-rand.bin ... OK (436905 nodes processed)
Iteration 4/5 (write): traversing /Users/rmntim/Personal/ITMO/Semester5/OS-new/lab/intro-exp/out/graph-rand.bin ... OK (436905 nodes processed)
Iteration 5/5 (write): traversing /Users/rmntim/Personal/ITMO/Semester5/OS-new/lab/intro-exp/out/graph-rand.bin ... OK (436905 nodes processed)

pilot/10/4: ['/Users/rmntim/Personal/ITMO/Semester5/OS-new/lab/intro-exp/out/graph_traverse', '--write', '5', '/Users/rmntim/Personal/ITMO/Semester5/OS-new/lab/intro-exp/out/graph-rand.bin']
Iteration 1/5 (write): traversing /Users/rmntim/Personal/ITMO/Semester5/OS-new/lab/intro-exp/out/graph-rand.bin ... OK (436905 nodes processed)
Iteration 2/5 (write): traversing /Users/rmntim/Personal/ITMO/Semester5/OS-new/lab/intro-exp/out/graph-rand.bin ... OK (436905 nodes processed)
Iteration 3/5 (write): traversing /Users/rmntim/Personal/ITMO/Semester5/OS-new/lab/intro-exp/out/graph-rand.bin ... OK (436905 nodes processed)
Iteration 4/5 (write): traversing /Users/rmntim/Personal/ITMO/Semester5/OS-new/lab/intro-exp/out/graph-rand.bin ... OK (436905 nodes processed)
Iteration 5/5 (write): traversing /Users/rmntim/Personal/ITMO/Semester5/OS-new/lab/intro-exp/out/graph-rand.bin ... OK (436905 nodes processed)

final/1/1: ['/Users/rmntim/Personal/ITMO/Semester5/OS-new/lab/intro-exp/out/graph_traverse_mmap', '5', '/Users/rmntim/Personal/ITMO/Semester5/OS-new/lab/intro-exp/out/graph-rand.bin']
Iteration 1/5 (read): traversing /Users/rmntim/Personal/ITMO/Semester5/OS-new/lab/intro-exp/out/graph-rand.bin ... OK (436905 nodes processed)
Iteration 2/5 (read): traversing /Users/rmntim/Personal/ITMO/Semester5/OS-new/lab/intro-exp/out/graph-rand.bin ... OK (436905 nodes processed)
Iteration 3/5 (read): traversing /Users/rmntim/Personal/ITMO/Semester5/OS-new/lab/intro-exp/out/graph-rand.bin ... OK (436905 nodes processed)
Iteration 4/5 (read): traversing /Users/rmntim/Personal/ITMO/Semester5/OS-new/lab/intro-exp/out/graph-rand.bin ... OK (436905 nodes processed)
Iteration 5/5 (read): traversing /Users/rmntim/Personal/ITMO/Semester5/OS-new/lab/intro-exp/out/graph-rand.bin ... OK (436905 nodes processed)

final/1/2: ['/Users/rmntim/Personal/ITMO/Semester5/OS-new/lab/intro-exp/out/graph_traverse_mmap', '--write', '5', '/Users/rmntim/Personal/ITMO/Semester5/OS-new/lab/intro-exp/out/graph-rand.bin']
Iteration 1/5 (write): traversing /Users/rmntim/Personal/ITMO/Semester5/OS-new/lab/intro-exp/out/graph-rand.bin ... OK (436905 nodes processed)
Iteration 2/5 (write): traversing /Users/rmntim/Personal/ITMO/Semester5/OS-new/lab/intro-exp/out/graph-rand.bin ... OK (436905 nodes processed)
Iteration 3/5 (write): traversing /Users/rmntim/Personal/ITMO/Semester5/OS-new/lab/intro-exp/out/graph-rand.bin ... OK (436905 nodes processed)
Iteration 4/5 (write): traversing /Users/rmntim/Personal/ITMO/Semester5/OS-new/lab/intro-exp/out/graph-rand.bin ... OK (436905 nodes processed)
Iteration 5/5 (write): traversing /Users/rmntim/Personal/ITMO/Semester5/OS-new/lab/intro-exp/out/graph-rand.bin ... OK (436905 nodes processed)

final/1/3: ['/Users/rmntim/Personal/ITMO/Semester5/OS-new/lab/intro-exp/out/graph_traverse', '5', '/Users/rmntim/Personal/ITMO/Semester5/OS-new/lab/intro-exp/out/graph-rand.bin']
Iteration 1/5 (read): traversing /Users/rmntim/Personal/ITMO/Semester5/OS-new/lab/intro-exp/out/graph-rand.bin ... OK (436905 nodes processed)
Iteration 2/5 (read): traversing /Users/rmntim/Personal/ITMO/Semester5/OS-new/lab/intro-exp/out/graph-rand.bin ... OK (436905 nodes processed)
Iteration 3/5 (read): traversing /Users/rmntim/Personal/ITMO/Semester5/OS-new/lab/intro-exp/out/graph-rand.bin ... OK (436905 nodes processed)
Iteration 4/5 (read): traversing /Users/rmntim/Personal/ITMO/Semester5/OS-new/lab/intro-exp/out/graph-rand.bin ... OK (436905 nodes processed)
Iteration 5/5 (read): traversing /Users/rmntim/Personal/ITMO/Semester5/OS-new/lab/intro-exp/out/graph-rand.bin ... OK (436905 nodes processed)

final/1/4: ['/Users/rmntim/Personal/ITMO/Semester5/OS-new/lab/intro-exp/out/graph_traverse', '--write', '5', '/Users/rmntim/Personal/ITMO/Semester5/OS-new/lab/intro-exp/out/graph-rand.bin']
Iteration 1/5 (write): traversing /Users/rmntim/Personal/ITMO/Semester5/OS-new/lab/intro-exp/out/graph-rand.bin ... OK (436905 nodes processed)
Iteration 2/5 (write): traversing /Users/rmntim/Personal/ITMO/Semester5/OS-new/lab/intro-exp/out/graph-rand.bin ... OK (436905 nodes processed)
Iteration 3/5 (write): traversing /Users/rmntim/Personal/ITMO/Semester5/OS-new/lab/intro-exp/out/graph-rand.bin ... OK (436905 nodes processed)
Iteration 4/5 (write): traversing /Users/rmntim/Personal/ITMO/Semester5/OS-new/lab/intro-exp/out/graph-rand.bin ... OK (436905 nodes processed)
Iteration 5/5 (write): traversing /Users/rmntim/Personal/ITMO/Semester5/OS-new/lab/intro-exp/out/graph-rand.bin ... OK (436905 nodes processed)

final/2/1: ['/Users/rmntim/Personal/ITMO/Semester5/OS-new/lab/intro-exp/out/graph_traverse_mmap', '--write', '5', '/Users/rmntim/Personal/ITMO/Semester5/OS-new/lab/intro-exp/out/graph-rand.bin']
Iteration 1/5 (write): traversing /Users/rmntim/Personal/ITMO/Semester5/OS-new/lab/intro-exp/out/graph-rand.bin ... OK (436905 nodes processed)
Iteration 2/5 (write): traversing /Users/rmntim/Personal/ITMO/Semester5/OS-new/lab/intro-exp/out/graph-rand.bin ... OK (436905 nodes processed)
Iteration 3/5 (write): traversing /Users/rmntim/Personal/ITMO/Semester5/OS-new/lab/intro-exp/out/graph-rand.bin ... OK (436905 nodes processed)
Iteration 4/5 (write): traversing /Users/rmntim/Personal/ITMO/Semester5/OS-new/lab/intro-exp/out/graph-rand.bin ... OK (436905 nodes processed)
Iteration 5/5 (write): traversing /Users/rmntim/Personal/ITMO/Semester5/OS-new/lab/intro-exp/out/graph-rand.bin ... OK (436905 nodes processed)

final/2/2: ['/Users/rmntim/Personal/ITMO/Semester5/OS-new/lab/intro-exp/out/graph_traverse', '--write', '5', '/Users/rmntim/Personal/ITMO/Semester5/OS-new/lab/intro-exp/out/graph-rand.bin']
Iteration 1/5 (write): traversing /Users/rmntim/Personal/ITMO/Semester5/OS-new/lab/intro-exp/out/graph-rand.bin ... OK (436905 nodes processed)
Iteration 2/5 (write): traversing /Users/rmntim/Personal/ITMO/Semester5/OS-new/lab/intro-exp/out/graph-rand.bin ... OK (436905 nodes processed)
Iteration 3/5 (write): traversing /Users/rmntim/Personal/ITMO/Semester5/OS-new/lab/intro-exp/out/graph-rand.bin ... OK (436905 nodes processed)
Iteration 4/5 (write): traversing /Users/rmntim/Personal/ITMO/Semester5/OS-new/lab/intro-exp/out/graph-rand.bin ... OK (436905 nodes processed)
Iteration 5/5 (write): traversing /Users/rmntim/Personal/ITMO/Semester5/OS-new/lab/intro-exp/out/graph-rand.bin ... OK (436905 nodes processed)

final/2/3: ['/Users/rmntim/Personal/ITMO/Semester5/OS-new/lab/intro-exp/out/graph_traverse_mmap', '5', '/Users/rmntim/Personal/ITMO/Semester5/OS-new/lab/intro-exp/out/graph-rand.bin']
Iteration 1/5 (read): traversing /Users/rmntim/Personal/ITMO/Semester5/OS-new/lab/intro-exp/out/graph-rand.bin ... OK (436905 nodes processed)
Iteration 2/5 (read): traversing /Users/rmntim/Personal/ITMO/Semester5/OS-new/lab/intro-exp/out/graph-rand.bin ... OK (436905 nodes processed)
Iteration 3/5 (read): traversing /Users/rmntim/Personal/ITMO/Semester5/OS-new/lab/intro-exp/out/graph-rand.bin ... OK (436905 nodes processed)
Iteration 4/5 (read): traversing /Users/rmntim/Personal/ITMO/Semester5/OS-new/lab/intro-exp/out/graph-rand.bin ... OK (436905 nodes processed)
Iteration 5/5 (read): traversing /Users/rmntim/Personal/ITMO/Semester5/OS-new/lab/intro-exp/out/graph-rand.bin ... OK (436905 nodes processed)

final/2/4: ['/Users/rmntim/Personal/ITMO/Semester5/OS-new/lab/intro-exp/out/graph_traverse', '5', '/Users/rmntim/Personal/ITMO/Semester5/OS-new/lab/intro-exp/out/graph-rand.bin']
Iteration 1/5 (read): traversing /Users/rmntim/Personal/ITMO/Semester5/OS-new/lab/intro-exp/out/graph-rand.bin ... OK (436905 nodes processed)
Iteration 2/5 (read): traversing /Users/rmntim/Personal/ITMO/Semester5/OS-new/lab/intro-exp/out/graph-rand.bin ... OK (436905 nodes processed)
Iteration 3/5 (read): traversing /Users/rmntim/Personal/ITMO/Semester5/OS-new/lab/intro-exp/out/graph-rand.bin ... OK (436905 nodes processed)
Iteration 4/5 (read): traversing /Users/rmntim/Personal/ITMO/Semester5/OS-new/lab/intro-exp/out/graph-rand.bin ... OK (436905 nodes processed)
Iteration 5/5 (read): traversing /Users/rmntim/Personal/ITMO/Semester5/OS-new/lab/intro-exp/out/graph-rand.bin ... OK (436905 nodes processed)

final/3/1: ['/Users/rmntim/Personal/ITMO/Semester5/OS-new/lab/intro-exp/out/graph_traverse', '5', '/Users/rmntim/Personal/ITMO/Semester5/OS-new/lab/intro-exp/out/graph-rand.bin']
Iteration 1/5 (read): traversing /Users/rmntim/Personal/ITMO/Semester5/OS-new/lab/intro-exp/out/graph-rand.bin ... OK (436905 nodes processed)
Iteration 2/5 (read): traversing /Users/rmntim/Personal/ITMO/Semester5/OS-new/lab/intro-exp/out/graph-rand.bin ... OK (436905 nodes processed)
Iteration 3/5 (read): traversing /Users/rmntim/Personal/ITMO/Semester5/OS-new/lab/intro-exp/out/graph-rand.bin ... OK (436905 nodes processed)
Iteration 4/5 (read): traversing /Users/rmntim/Personal/ITMO/Semester5/OS-new/lab/intro-exp/out/graph-rand.bin ... OK (436905 nodes processed)
Iteration 5/5 (read): traversing /Users/rmntim/Personal/ITMO/Semester5/OS-new/lab/intro-exp/out/graph-rand.bin ... OK (436905 nodes processed)

final/3/2: ['/Users/rmntim/Personal/ITMO/Semester5/OS-new/lab/intro-exp/out/graph_traverse', '--write', '5', '/Users/rmntim/Personal/ITMO/Semester5/OS-new/lab/intro-exp/out/graph-rand.bin']
Iteration 1/5 (write): traversing /Users/rmntim/Personal/ITMO/Semester5/OS-new/lab/intro-exp/out/graph-rand.bin ... OK (436905 nodes processed)
Iteration 2/5 (write): traversing /Users/rmntim/Personal/ITMO/Semester5/OS-new/lab/intro-exp/out/graph-rand.bin ... OK (436905 nodes processed)
Iteration 3/5 (write): traversing /Users/rmntim/Personal/ITMO/Semester5/OS-new/lab/intro-exp/out/graph-rand.bin ... OK (436905 nodes processed)
Iteration 4/5 (write): traversing /Users/rmntim/Personal/ITMO/Semester5/OS-new/lab/intro-exp/out/graph-rand.bin ... OK (436905 nodes processed)
Iteration 5/5 (write): traversing /Users/rmntim/Personal/ITMO/Semester5/OS-new/lab/intro-exp/out/graph-rand.bin ... OK (436905 nodes processed)

final/3/3: ['/Users/rmntim/Personal/ITMO/Semester5/OS-new/lab/intro-exp/out/graph_traverse_mmap', '--write', '5', '/Users/rmntim/Personal/ITMO/Semester5/OS-new/lab/intro-exp/out/graph-rand.bin']
Iteration 1/5 (write): traversing /Users/rmntim/Personal/ITMO/Semester5/OS-new/lab/intro-exp/out/graph-rand.bin ... OK (436905 nodes processed)
Iteration 2/5 (write): traversing /Users/rmntim/Personal/ITMO/Semester5/OS-new/lab/intro-exp/out/graph-rand.bin ... OK (436905 nodes processed)
Iteration 3/5 (write): traversing /Users/rmntim/Personal/ITMO/Semester5/OS-new/lab/intro-exp/out/graph-rand.bin ... OK (436905 nodes processed)
Iteration 4/5 (write): traversing /Users/rmntim/Personal/ITMO/Semester5/OS-new/lab/intro-exp/out/graph-rand.bin ... OK (436905 nodes processed)
Iteration 5/5 (write): traversing /Users/rmntim/Personal/ITMO/Semester5/OS-new/lab/intro-exp/out/graph-rand.bin ... OK (436905 nodes processed)

final/3/4: ['/Users/rmntim/Personal/ITMO/Semester5/OS-new/lab/intro-exp/out/graph_traverse_mmap', '5', '/Users/rmntim/Personal/ITMO/Semester5/OS-new/lab/intro-exp/out/graph-rand.bin']
Iteration 1/5 (read): traversing /Users/rmntim/Personal/ITMO/Semester5/OS-new/lab/intro-exp/out/graph-rand.bin ... OK (436905 nodes processed)
Iteration 2/5 (read): traversing /Users/rmntim/Personal/ITMO/Semester5/OS-new/lab/intro-exp/out/graph-rand.bin ... OK (436905 nodes processed)
Iteration 3/5 (read): traversing /Users/rmntim/Personal/ITMO/Semester5/OS-new/lab/intro-exp/out/graph-rand.bin ... OK (436905 nodes processed)
Iteration 4/5 (read): traversing /Users/rmntim/Personal/ITMO/Semester5/OS-new/lab/intro-exp/out/graph-rand.bin ... OK (436905 nodes processed)
Iteration 5/5 (read): traversing /Users/rmntim/Personal/ITMO/Semester5/OS-new/lab/intro-exp/out/graph-rand.bin ... OK (436905 nodes processed)

final/4/1: ['/Users/rmntim/Personal/ITMO/Semester5/OS-new/lab/intro-exp/out/graph_traverse', '--write', '5', '/Users/rmntim/Personal/ITMO/Semester5/OS-new/lab/intro-exp/out/graph-rand.bin']
Iteration 1/5 (write): traversing /Users/rmntim/Personal/ITMO/Semester5/OS-new/lab/intro-exp/out/graph-rand.bin ... OK (436905 nodes processed)
Iteration 2/5 (write): traversing /Users/rmntim/Personal/ITMO/Semester5/OS-new/lab/intro-exp/out/graph-rand.bin ... OK (436905 nodes processed)
Iteration 3/5 (write): traversing /Users/rmntim/Personal/ITMO/Semester5/OS-new/lab/intro-exp/out/graph-rand.bin ... OK (436905 nodes processed)
Iteration 4/5 (write): traversing /Users/rmntim/Personal/ITMO/Semester5/OS-new/lab/intro-exp/out/graph-rand.bin ... OK (436905 nodes processed)
Iteration 5/5 (write): traversing /Users/rmntim/Personal/ITMO/Semester5/OS-new/lab/intro-exp/out/graph-rand.bin ... OK (436905 nodes processed)

final/4/2: ['/Users/rmntim/Personal/ITMO/Semester5/OS-new/lab/intro-exp/out/graph_traverse_mmap', '--write', '5', '/Users/rmntim/Personal/ITMO/Semester5/OS-new/lab/intro-exp/out/graph-rand.bin']
Iteration 1/5 (write): traversing /Users/rmntim/Personal/ITMO/Semester5/OS-new/lab/intro-exp/out/graph-rand.bin ... OK (436905 nodes processed)
Iteration 2/5 (write): traversing /Users/rmntim/Personal/ITMO/Semester5/OS-new/lab/intro-exp/out/graph-rand.bin ... OK (436905 nodes processed)
Iteration 3/5 (write): traversing /Users/rmntim/Personal/ITMO/Semester5/OS-new/lab/intro-exp/out/graph-rand.bin ... OK (436905 nodes processed)
Iteration 4/5 (write): traversing /Users/rmntim/Personal/ITMO/Semester5/OS-new/lab/intro-exp/out/graph-rand.bin ... OK (436905 nodes processed)
Iteration 5/5 (write): traversing /Users/rmntim/Personal/ITMO/Semester5/OS-new/lab/intro-exp/out/graph-rand.bin ... OK (436905 nodes processed)

final/4/3: ['/Users/rmntim/Personal/ITMO/Semester5/OS-new/lab/intro-exp/out/graph_traverse', '5', '/Users/rmntim/Personal/ITMO/Semester5/OS-new/lab/intro-exp/out/graph-rand.bin']
Iteration 1/5 (read): traversing /Users/rmntim/Personal/ITMO/Semester5/OS-new/lab/intro-exp/out/graph-rand.bin ... OK (436905 nodes processed)
Iteration 2/5 (read): traversing /Users/rmntim/Personal/ITMO/Semester5/OS-new/lab/intro-exp/out/graph-rand.bin ... OK (436905 nodes processed)
Iteration 3/5 (read): traversing /Users/rmntim/Personal/ITMO/Semester5/OS-new/lab/intro-exp/out/graph-rand.bin ... OK (436905 nodes processed)
Iteration 4/5 (read): traversing /Users/rmntim/Personal/ITMO/Semester5/OS-new/lab/intro-exp/out/graph-rand.bin ... OK (436905 nodes processed)
Iteration 5/5 (read): traversing /Users/rmntim/Personal/ITMO/Semester5/OS-new/lab/intro-exp/out/graph-rand.bin ... OK (436905 nodes processed)

final/4/4: ['/Users/rmntim/Personal/ITMO/Semester5/OS-new/lab/intro-exp/out/graph_traverse_mmap', '5', '/Users/rmntim/Personal/ITMO/Semester5/OS-new/lab/intro-exp/out/graph-rand.bin']
Iteration 1/5 (read): traversing /Users/rmntim/Personal/ITMO/Semester5/OS-new/lab/intro-exp/out/graph-rand.bin ... OK (436905 nodes processed)
Iteration 2/5 (read): traversing /Users/rmntim/Personal/ITMO/Semester5/OS-new/lab/intro-exp/out/graph-rand.bin ... OK (436905 nodes processed)
Iteration 3/5 (read): traversing /Users/rmntim/Personal/ITMO/Semester5/OS-new/lab/intro-exp/out/graph-rand.bin ... OK (436905 nodes processed)
Iteration 4/5 (read): traversing /Users/rmntim/Personal/ITMO/Semester5/OS-new/lab/intro-exp/out/graph-rand.bin ... OK (436905 nodes processed)
Iteration 5/5 (read): traversing /Users/rmntim/Personal/ITMO/Semester5/OS-new/lab/intro-exp/out/graph-rand.bin ... OK (436905 nodes processed)

final/5/1: ['/Users/rmntim/Personal/ITMO/Semester5/OS-new/lab/intro-exp/out/graph_traverse_mmap', '--write', '5', '/Users/rmntim/Personal/ITMO/Semester5/OS-new/lab/intro-exp/out/graph-rand.bin']
Iteration 1/5 (write): traversing /Users/rmntim/Personal/ITMO/Semester5/OS-new/lab/intro-exp/out/graph-rand.bin ... OK (436905 nodes processed)
Iteration 2/5 (write): traversing /Users/rmntim/Personal/ITMO/Semester5/OS-new/lab/intro-exp/out/graph-rand.bin ... OK (436905 nodes processed)
Iteration 3/5 (write): traversing /Users/rmntim/Personal/ITMO/Semester5/OS-new/lab/intro-exp/out/graph-rand.bin ... OK (436905 nodes processed)
Iteration 4/5 (write): traversing /Users/rmntim/Personal/ITMO/Semester5/OS-new/lab/intro-exp/out/graph-rand.bin ... OK (436905 nodes processed)
Iteration 5/5 (write): traversing /Users/rmntim/Personal/ITMO/Semester5/OS-new/lab/intro-exp/out/graph-rand.bin ... OK (436905 nodes processed)

final/5/2: ['/Users/rmntim/Personal/ITMO/Semester5/OS-new/lab/intro-exp/out/graph_traverse', '5', '/Users/rmntim/Personal/ITMO/Semester5/OS-new/lab/intro-exp/out/graph-rand.bin']
Iteration 1/5 (read): traversing /Users/rmntim/Personal/ITMO/Semester5/OS-new/lab/intro-exp/out/graph-rand.bin ... OK (436905 nodes processed)
Iteration 2/5 (read): traversing /Users/rmntim/Personal/ITMO/Semester5/OS-new/lab/intro-exp/out/graph-rand.bin ... OK (436905 nodes processed)
Iteration 3/5 (read): traversing /Users/rmntim/Personal/ITMO/Semester5/OS-new/lab/intro-exp/out/graph-rand.bin ... OK (436905 nodes processed)
Iteration 4/5 (read): traversing /Users/rmntim/Personal/ITMO/Semester5/OS-new/lab/intro-exp/out/graph-rand.bin ... OK (436905 nodes processed)
Iteration 5/5 (read): traversing /Users/rmntim/Personal/ITMO/Semester5/OS-new/lab/intro-exp/out/graph-rand.bin ... OK (436905 nodes processed)

final/5/3: ['/Users/rmntim/Personal/ITMO/Semester5/OS-new/lab/intro-exp/out/graph_traverse', '--write', '5', '/Users/rmntim/Personal/ITMO/Semester5/OS-new/lab/intro-exp/out/graph-rand.bin']
Iteration 1/5 (write): traversing /Users/rmntim/Personal/ITMO/Semester5/OS-new/lab/intro-exp/out/graph-rand.bin ... OK (436905 nodes processed)
Iteration 2/5 (write): traversing /Users/rmntim/Personal/ITMO/Semester5/OS-new/lab/intro-exp/out/graph-rand.bin ... OK (436905 nodes processed)
Iteration 3/5 (write): traversing /Users/rmntim/Personal/ITMO/Semester5/OS-new/lab/intro-exp/out/graph-rand.bin ... OK (436905 nodes processed)
Iteration 4/5 (write): traversing /Users/rmntim/Personal/ITMO/Semester5/OS-new/lab/intro-exp/out/graph-rand.bin ... OK (436905 nodes processed)
Iteration 5/5 (write): traversing /Users/rmntim/Personal/ITMO/Semester5/OS-new/lab/intro-exp/out/graph-rand.bin ... OK (436905 nodes processed)

final/5/4: ['/Users/rmntim/Personal/ITMO/Semester5/OS-new/lab/intro-exp/out/graph_traverse_mmap', '5', '/Users/rmntim/Personal/ITMO/Semester5/OS-new/lab/intro-exp/out/graph-rand.bin']
Iteration 1/5 (read): traversing /Users/rmntim/Personal/ITMO/Semester5/OS-new/lab/intro-exp/out/graph-rand.bin ... OK (436905 nodes processed)
Iteration 2/5 (read): traversing /Users/rmntim/Personal/ITMO/Semester5/OS-new/lab/intro-exp/out/graph-rand.bin ... OK (436905 nodes processed)
Iteration 3/5 (read): traversing /Users/rmntim/Personal/ITMO/Semester5/OS-new/lab/intro-exp/out/graph-rand.bin ... OK (436905 nodes processed)
Iteration 4/5 (read): traversing /Users/rmntim/Personal/ITMO/Semester5/OS-new/lab/intro-exp/out/graph-rand.bin ... OK (436905 nodes processed)
Iteration 5/5 (read): traversing /Users/rmntim/Personal/ITMO/Semester5/OS-new/lab/intro-exp/out/graph-rand.bin ... OK (436905 nodes processed)

final/6/1: ['/Users/rmntim/Personal/ITMO/Semester5/OS-new/lab/intro-exp/out/graph_traverse_mmap', '5', '/Users/rmntim/Personal/ITMO/Semester5/OS-new/lab/intro-exp/out/graph-rand.bin']
Iteration 1/5 (read): traversing /Users/rmntim/Personal/ITMO/Semester5/OS-new/lab/intro-exp/out/graph-rand.bin ... OK (436905 nodes processed)
Iteration 2/5 (read): traversing /Users/rmntim/Personal/ITMO/Semester5/OS-new/lab/intro-exp/out/graph-rand.bin ... OK (436905 nodes processed)
Iteration 3/5 (read): traversing /Users/rmntim/Personal/ITMO/Semester5/OS-new/lab/intro-exp/out/graph-rand.bin ... OK (436905 nodes processed)
Iteration 4/5 (read): traversing /Users/rmntim/Personal/ITMO/Semester5/OS-new/lab/intro-exp/out/graph-rand.bin ... OK (436905 nodes processed)
Iteration 5/5 (read): traversing /Users/rmntim/Personal/ITMO/Semester5/OS-new/lab/intro-exp/out/graph-rand.bin ... OK (436905 nodes processed)

final/6/2: ['/Users/rmntim/Personal/ITMO/Semester5/OS-new/lab/intro-exp/out/graph_traverse', '--write', '5', '/Users/rmntim/Personal/ITMO/Semester5/OS-new/lab/intro-exp/out/graph-rand.bin']
Iteration 1/5 (write): traversing /Users/rmntim/Personal/ITMO/Semester5/OS-new/lab/intro-exp/out/graph-rand.bin ... OK (436905 nodes processed)
Iteration 2/5 (write): traversing /Users/rmntim/Personal/ITMO/Semester5/OS-new/lab/intro-exp/out/graph-rand.bin ... OK (436905 nodes processed)
Iteration 3/5 (write): traversing /Users/rmntim/Personal/ITMO/Semester5/OS-new/lab/intro-exp/out/graph-rand.bin ... OK (436905 nodes processed)
Iteration 4/5 (write): traversing /Users/rmntim/Personal/ITMO/Semester5/OS-new/lab/intro-exp/out/graph-rand.bin ... OK (436905 nodes processed)
Iteration 5/5 (write): traversing /Users/rmntim/Personal/ITMO/Semester5/OS-new/lab/intro-exp/out/graph-rand.bin ... OK (436905 nodes processed)

final/6/3: ['/Users/rmntim/Personal/ITMO/Semester5/OS-new/lab/intro-exp/out/graph_traverse_mmap', '--write', '5', '/Users/rmntim/Personal/ITMO/Semester5/OS-new/lab/intro-exp/out/graph-rand.bin']
Iteration 1/5 (write): traversing /Users/rmntim/Personal/ITMO/Semester5/OS-new/lab/intro-exp/out/graph-rand.bin ... OK (436905 nodes processed)
Iteration 2/5 (write): traversing /Users/rmntim/Personal/ITMO/Semester5/OS-new/lab/intro-exp/out/graph-rand.bin ... OK (436905 nodes processed)
Iteration 3/5 (write): traversing /Users/rmntim/Personal/ITMO/Semester5/OS-new/lab/intro-exp/out/graph-rand.bin ... OK (436905 nodes processed)
Iteration 4/5 (write): traversing /Users/rmntim/Personal/ITMO/Semester5/OS-new/lab/intro-exp/out/graph-rand.bin ... OK (436905 nodes processed)
Iteration 5/5 (write): traversing /Users/rmntim/Personal/ITMO/Semester5/OS-new/lab/intro-exp/out/graph-rand.bin ... OK (436905 nodes processed)

final/6/4: ['/Users/rmntim/Personal/ITMO/Semester5/OS-new/lab/intro-exp/out/graph_traverse', '5', '/Users/rmntim/Personal/ITMO/Semester5/OS-new/lab/intro-exp/out/graph-rand.bin']
Iteration 1/5 (read): traversing /Users/rmntim/Personal/ITMO/Semester5/OS-new/lab/intro-exp/out/graph-rand.bin ... OK (436905 nodes processed)
Iteration 2/5 (read): traversing /Users/rmntim/Personal/ITMO/Semester5/OS-new/lab/intro-exp/out/graph-rand.bin ... OK (436905 nodes processed)
Iteration 3/5 (read): traversing /Users/rmntim/Personal/ITMO/Semester5/OS-new/lab/intro-exp/out/graph-rand.bin ... OK (436905 nodes processed)
Iteration 4/5 (read): traversing /Users/rmntim/Personal/ITMO/Semester5/OS-new/lab/intro-exp/out/graph-rand.bin ... OK (436905 nodes processed)
Iteration 5/5 (read): traversing /Users/rmntim/Personal/ITMO/Semester5/OS-new/lab/intro-exp/out/graph-rand.bin ... OK (436905 nodes processed)

final/7/1: ['/Users/rmntim/Personal/ITMO/Semester5/OS-new/lab/intro-exp/out/graph_traverse_mmap', '5', '/Users/rmntim/Personal/ITMO/Semester5/OS-new/lab/intro-exp/out/graph-rand.bin']
Iteration 1/5 (read): traversing /Users/rmntim/Personal/ITMO/Semester5/OS-new/lab/intro-exp/out/graph-rand.bin ... OK (436905 nodes processed)
Iteration 2/5 (read): traversing /Users/rmntim/Personal/ITMO/Semester5/OS-new/lab/intro-exp/out/graph-rand.bin ... OK (436905 nodes processed)
Iteration 3/5 (read): traversing /Users/rmntim/Personal/ITMO/Semester5/OS-new/lab/intro-exp/out/graph-rand.bin ... OK (436905 nodes processed)
Iteration 4/5 (read): traversing /Users/rmntim/Personal/ITMO/Semester5/OS-new/lab/intro-exp/out/graph-rand.bin ... OK (436905 nodes processed)
Iteration 5/5 (read): traversing /Users/rmntim/Personal/ITMO/Semester5/OS-new/lab/intro-exp/out/graph-rand.bin ... OK (436905 nodes processed)

final/7/2: ['/Users/rmntim/Personal/ITMO/Semester5/OS-new/lab/intro-exp/out/graph_traverse', '5', '/Users/rmntim/Personal/ITMO/Semester5/OS-new/lab/intro-exp/out/graph-rand.bin']
Iteration 1/5 (read): traversing /Users/rmntim/Personal/ITMO/Semester5/OS-new/lab/intro-exp/out/graph-rand.bin ... OK (436905 nodes processed)
Iteration 2/5 (read): traversing /Users/rmntim/Personal/ITMO/Semester5/OS-new/lab/intro-exp/out/graph-rand.bin ... OK (436905 nodes processed)
Iteration 3/5 (read): traversing /Users/rmntim/Personal/ITMO/Semester5/OS-new/lab/intro-exp/out/graph-rand.bin ... OK (436905 nodes processed)
Iteration 4/5 (read): traversing /Users/rmntim/Personal/ITMO/Semester5/OS-new/lab/intro-exp/out/graph-rand.bin ... OK (436905 nodes processed)
Iteration 5/5 (read): traversing /Users/rmntim/Personal/ITMO/Semester5/OS-new/lab/intro-exp/out/graph-rand.bin ... OK (436905 nodes processed)

final/7/3: ['/Users/rmntim/Personal/ITMO/Semester5/OS-new/lab/intro-exp/out/graph_traverse_mmap', '--write', '5', '/Users/rmntim/Personal/ITMO/Semester5/OS-new/lab/intro-exp/out/graph-rand.bin']
Iteration 1/5 (write): traversing /Users/rmntim/Personal/ITMO/Semester5/OS-new/lab/intro-exp/out/graph-rand.bin ... OK (436905 nodes processed)
Iteration 2/5 (write): traversing /Users/rmntim/Personal/ITMO/Semester5/OS-new/lab/intro-exp/out/graph-rand.bin ... OK (436905 nodes processed)
Iteration 3/5 (write): traversing /Users/rmntim/Personal/ITMO/Semester5/OS-new/lab/intro-exp/out/graph-rand.bin ... OK (436905 nodes processed)
Iteration 4/5 (write): traversing /Users/rmntim/Personal/ITMO/Semester5/OS-new/lab/intro-exp/out/graph-rand.bin ... OK (436905 nodes processed)
Iteration 5/5 (write): traversing /Users/rmntim/Personal/ITMO/Semester5/OS-new/lab/intro-exp/out/graph-rand.bin ... OK (436905 nodes processed)

final/7/4: ['/Users/rmntim/Personal/ITMO/Semester5/OS-new/lab/intro-exp/out/graph_traverse', '--write', '5', '/Users/rmntim/Personal/ITMO/Semester5/OS-new/lab/intro-exp/out/graph-rand.bin']
Iteration 1/5 (write): traversing /Users/rmntim/Personal/ITMO/Semester5/OS-new/lab/intro-exp/out/graph-rand.bin ... OK (436905 nodes processed)
Iteration 2/5 (write): traversing /Users/rmntim/Personal/ITMO/Semester5/OS-new/lab/intro-exp/out/graph-rand.bin ... OK (436905 nodes processed)
Iteration 3/5 (write): traversing /Users/rmntim/Personal/ITMO/Semester5/OS-new/lab/intro-exp/out/graph-rand.bin ... OK (436905 nodes processed)
Iteration 4/5 (write): traversing /Users/rmntim/Personal/ITMO/Semester5/OS-new/lab/intro-exp/out/graph-rand.bin ... OK (436905 nodes processed)
Iteration 5/5 (write): traversing /Users/rmntim/Personal/ITMO/Semester5/OS-new/lab/intro-exp/out/graph-rand.bin ... OK (436905 nodes processed)

final/8/1: ['/Users/rmntim/Personal/ITMO/Semester5/OS-new/lab/intro-exp/out/graph_traverse_mmap', '--write', '5', '/Users/rmntim/Personal/ITMO/Semester5/OS-new/lab/intro-exp/out/graph-rand.bin']
Iteration 1/5 (write): traversing /Users/rmntim/Personal/ITMO/Semester5/OS-new/lab/intro-exp/out/graph-rand.bin ... OK (436905 nodes processed)
Iteration 2/5 (write): traversing /Users/rmntim/Personal/ITMO/Semester5/OS-new/lab/intro-exp/out/graph-rand.bin ... OK (436905 nodes processed)
Iteration 3/5 (write): traversing /Users/rmntim/Personal/ITMO/Semester5/OS-new/lab/intro-exp/out/graph-rand.bin ... OK (436905 nodes processed)
Iteration 4/5 (write): traversing /Users/rmntim/Personal/ITMO/Semester5/OS-new/lab/intro-exp/out/graph-rand.bin ... OK (436905 nodes processed)
Iteration 5/5 (write): traversing /Users/rmntim/Personal/ITMO/Semester5/OS-new/lab/intro-exp/out/graph-rand.bin ... OK (436905 nodes processed)

final/8/2: ['/Users/rmntim/Personal/ITMO/Semester5/OS-new/lab/intro-exp/out/graph_traverse_mmap', '5', '/Users/rmntim/Personal/ITMO/Semester5/OS-new/lab/intro-exp/out/graph-rand.bin']
Iteration 1/5 (read): traversing /Users/rmntim/Personal/ITMO/Semester5/OS-new/lab/intro-exp/out/graph-rand.bin ... OK (436905 nodes processed)
Iteration 2/5 (read): traversing /Users/rmntim/Personal/ITMO/Semester5/OS-new/lab/intro-exp/out/graph-rand.bin ... OK (436905 nodes processed)
Iteration 3/5 (read): traversing /Users/rmntim/Personal/ITMO/Semester5/OS-new/lab/intro-exp/out/graph-rand.bin ... OK (436905 nodes processed)
Iteration 4/5 (read): traversing /Users/rmntim/Personal/ITMO/Semester5/OS-new/lab/intro-exp/out/graph-rand.bin ... OK (436905 nodes processed)
Iteration 5/5 (read): traversing /Users/rmntim/Personal/ITMO/Semester5/OS-new/lab/intro-exp/out/graph-rand.bin ... OK (436905 nodes processed)

final/8/3: ['/Users/rmntim/Personal/ITMO/Semester5/OS-new/lab/intro-exp/out/graph_traverse', '5', '/Users/rmntim/Personal/ITMO/Semester5/OS-new/lab/intro-exp/out/graph-rand.bin']
Iteration 1/5 (read): traversing /Users/rmntim/Personal/ITMO/Semester5/OS-new/lab/intro-exp/out/graph-rand.bin ... OK (436905 nodes processed)
Iteration 2/5 (read): traversing /Users/rmntim/Personal/ITMO/Semester5/OS-new/lab/intro-exp/out/graph-rand.bin ... OK (436905 nodes processed)
Iteration 3/5 (read): traversing /Users/rmntim/Personal/ITMO/Semester5/OS-new/lab/intro-exp/out/graph-rand.bin ... OK (436905 nodes processed)
Iteration 4/5 (read): traversing /Users/rmntim/Personal/ITMO/Semester5/OS-new/lab/intro-exp/out/graph-rand.bin ... OK (436905 nodes processed)
Iteration 5/5 (read): traversing /Users/rmntim/Personal/ITMO/Semester5/OS-new/lab/intro-exp/out/graph-rand.bin ... OK (436905 nodes processed)

final/8/4: ['/Users/rmntim/Personal/ITMO/Semester5/OS-new/lab/intro-exp/out/graph_traverse', '--write', '5', '/Users/rmntim/Personal/ITMO/Semester5/OS-new/lab/intro-exp/out/graph-rand.bin']
Iteration 1/5 (write): traversing /Users/rmntim/Personal/ITMO/Semester5/OS-new/lab/intro-exp/out/graph-rand.bin ... OK (436905 nodes processed)
Iteration 2/5 (write): traversing /Users/rmntim/Personal/ITMO/Semester5/OS-new/lab/intro-exp/out/graph-rand.bin ... OK (436905 nodes processed)
Iteration 3/5 (write): traversing /Users/rmntim/Personal/ITMO/Semester5/OS-new/lab/intro-exp/out/graph-rand.bin ... OK (436905 nodes processed)
Iteration 4/5 (write): traversing /Users/rmntim/Personal/ITMO/Semester5/OS-new/lab/intro-exp/out/graph-rand.bin ... OK (436905 nodes processed)
Iteration 5/5 (write): traversing /Users/rmntim/Personal/ITMO/Semester5/OS-new/lab/intro-exp/out/graph-rand.bin ... OK (436905 nodes processed)

final/9/1: ['/Users/rmntim/Personal/ITMO/Semester5/OS-new/lab/intro-exp/out/graph_traverse', '5', '/Users/rmntim/Personal/ITMO/Semester5/OS-new/lab/intro-exp/out/graph-rand.bin']
Iteration 1/5 (read): traversing /Users/rmntim/Personal/ITMO/Semester5/OS-new/lab/intro-exp/out/graph-rand.bin ... OK (436905 nodes processed)
Iteration 2/5 (read): traversing /Users/rmntim/Personal/ITMO/Semester5/OS-new/lab/intro-exp/out/graph-rand.bin ... OK (436905 nodes processed)
Iteration 3/5 (read): traversing /Users/rmntim/Personal/ITMO/Semester5/OS-new/lab/intro-exp/out/graph-rand.bin ... OK (436905 nodes processed)
Iteration 4/5 (read): traversing /Users/rmntim/Personal/ITMO/Semester5/OS-new/lab/intro-exp/out/graph-rand.bin ... OK (436905 nodes processed)
Iteration 5/5 (read): traversing /Users/rmntim/Personal/ITMO/Semester5/OS-new/lab/intro-exp/out/graph-rand.bin ... OK (436905 nodes processed)

final/9/2: ['/Users/rmntim/Personal/ITMO/Semester5/OS-new/lab/intro-exp/out/graph_traverse_mmap', '5', '/Users/rmntim/Personal/ITMO/Semester5/OS-new/lab/intro-exp/out/graph-rand.bin']
Iteration 1/5 (read): traversing /Users/rmntim/Personal/ITMO/Semester5/OS-new/lab/intro-exp/out/graph-rand.bin ... OK (436905 nodes processed)
Iteration 2/5 (read): traversing /Users/rmntim/Personal/ITMO/Semester5/OS-new/lab/intro-exp/out/graph-rand.bin ... OK (436905 nodes processed)
Iteration 3/5 (read): traversing /Users/rmntim/Personal/ITMO/Semester5/OS-new/lab/intro-exp/out/graph-rand.bin ... OK (436905 nodes processed)
Iteration 4/5 (read): traversing /Users/rmntim/Personal/ITMO/Semester5/OS-new/lab/intro-exp/out/graph-rand.bin ... OK (436905 nodes processed)
Iteration 5/5 (read): traversing /Users/rmntim/Personal/ITMO/Semester5/OS-new/lab/intro-exp/out/graph-rand.bin ... OK (436905 nodes processed)

final/9/3: ['/Users/rmntim/Personal/ITMO/Semester5/OS-new/lab/intro-exp/out/graph_traverse', '--write', '5', '/Users/rmntim/Personal/ITMO/Semester5/OS-new/lab/intro-exp/out/graph-rand.bin']
Iteration 1/5 (write): traversing /Users/rmntim/Personal/ITMO/Semester5/OS-new/lab/intro-exp/out/graph-rand.bin ... OK (436905 nodes processed)
Iteration 2/5 (write): traversing /Users/rmntim/Personal/ITMO/Semester5/OS-new/lab/intro-exp/out/graph-rand.bin ... OK (436905 nodes processed)
Iteration 3/5 (write): traversing /Users/rmntim/Personal/ITMO/Semester5/OS-new/lab/intro-exp/out/graph-rand.bin ... OK (436905 nodes processed)
Iteration 4/5 (write): traversing /Users/rmntim/Personal/ITMO/Semester5/OS-new/lab/intro-exp/out/graph-rand.bin ... OK (436905 nodes processed)
Iteration 5/5 (write): traversing /Users/rmntim/Personal/ITMO/Semester5/OS-new/lab/intro-exp/out/graph-rand.bin ... OK (436905 nodes processed)

final/9/4: ['/Users/rmntim/Personal/ITMO/Semester5/OS-new/lab/intro-exp/out/graph_traverse_mmap', '--write', '5', '/Users/rmntim/Personal/ITMO/Semester5/OS-new/lab/intro-exp/out/graph-rand.bin']
Iteration 1/5 (write): traversing /Users/rmntim/Personal/ITMO/Semester5/OS-new/lab/intro-exp/out/graph-rand.bin ... OK (436905 nodes processed)
Iteration 2/5 (write): traversing /Users/rmntim/Personal/ITMO/Semester5/OS-new/lab/intro-exp/out/graph-rand.bin ... OK (436905 nodes processed)
Iteration 3/5 (write): traversing /Users/rmntim/Personal/ITMO/Semester5/OS-new/lab/intro-exp/out/graph-rand.bin ... OK (436905 nodes processed)
Iteration 4/5 (write): traversing /Users/rmntim/Personal/ITMO/Semester5/OS-new/lab/intro-exp/out/graph-rand.bin ... OK (436905 nodes processed)
Iteration 5/5 (write): traversing /Users/rmntim/Personal/ITMO/Semester5/OS-new/lab/intro-exp/out/graph-rand.bin ... OK (436905 nodes processed)

final/10/1: ['/Users/rmntim/Personal/ITMO/Semester5/OS-new/lab/intro-exp/out/graph_traverse', '5', '/Users/rmntim/Personal/ITMO/Semester5/OS-new/lab/intro-exp/out/graph-rand.bin']
Iteration 1/5 (read): traversing /Users/rmntim/Personal/ITMO/Semester5/OS-new/lab/intro-exp/out/graph-rand.bin ... OK (436905 nodes processed)
Iteration 2/5 (read): traversing /Users/rmntim/Personal/ITMO/Semester5/OS-new/lab/intro-exp/out/graph-rand.bin ... OK (436905 nodes processed)
Iteration 3/5 (read): traversing /Users/rmntim/Personal/ITMO/Semester5/OS-new/lab/intro-exp/out/graph-rand.bin ... OK (436905 nodes processed)
Iteration 4/5 (read): traversing /Users/rmntim/Personal/ITMO/Semester5/OS-new/lab/intro-exp/out/graph-rand.bin ... OK (436905 nodes processed)
Iteration 5/5 (read): traversing /Users/rmntim/Personal/ITMO/Semester5/OS-new/lab/intro-exp/out/graph-rand.bin ... OK (436905 nodes processed)

final/10/2: ['/Users/rmntim/Personal/ITMO/Semester5/OS-new/lab/intro-exp/out/graph_traverse', '--write', '5', '/Users/rmntim/Personal/ITMO/Semester5/OS-new/lab/intro-exp/out/graph-rand.bin']
Iteration 1/5 (write): traversing /Users/rmntim/Personal/ITMO/Semester5/OS-new/lab/intro-exp/out/graph-rand.bin ... OK (436905 nodes processed)
Iteration 2/5 (write): traversing /Users/rmntim/Personal/ITMO/Semester5/OS-new/lab/intro-exp/out/graph-rand.bin ... OK (436905 nodes processed)
Iteration 3/5 (write): traversing /Users/rmntim/Personal/ITMO/Semester5/OS-new/lab/intro-exp/out/graph-rand.bin ... OK (436905 nodes processed)
Iteration 4/5 (write): traversing /Users/rmntim/Personal/ITMO/Semester5/OS-new/lab/intro-exp/out/graph-rand.bin ... OK (436905 nodes processed)
Iteration 5/5 (write): traversing /Users/rmntim/Personal/ITMO/Semester5/OS-new/lab/intro-exp/out/graph-rand.bin ... OK (436905 nodes processed)

final/10/3: ['/Users/rmntim/Personal/ITMO/Semester5/OS-new/lab/intro-exp/out/graph_traverse_mmap', '--write', '5', '/Users/rmntim/Personal/ITMO/Semester5/OS-new/lab/intro-exp/out/graph-rand.bin']
Iteration 1/5 (write): traversing /Users/rmntim/Personal/ITMO/Semester5/OS-new/lab/intro-exp/out/graph-rand.bin ... OK (436905 nodes processed)
Iteration 2/5 (write): traversing /Users/rmntim/Personal/ITMO/Semester5/OS-new/lab/intro-exp/out/graph-rand.bin ... OK (436905 nodes processed)
Iteration 3/5 (write): traversing /Users/rmntim/Personal/ITMO/Semester5/OS-new/lab/intro-exp/out/graph-rand.bin ... OK (436905 nodes processed)
Iteration 4/5 (write): traversing /Users/rmntim/Personal/ITMO/Semester5/OS-new/lab/intro-exp/out/graph-rand.bin ... OK (436905 nodes processed)
Iteration 5/5 (write): traversing /Users/rmntim/Personal/ITMO/Semester5/OS-new/lab/intro-exp/out/graph-rand.bin ... OK (436905 nodes processed)

final/10/4: ['/Users/rmntim/Personal/ITMO/Semester5/OS-new/lab/intro-exp/out/graph_traverse_mmap', '5', '/Users/rmntim/Personal/ITMO/Semester5/OS-new/lab/intro-exp/out/graph-rand.bin']
Iteration 1/5 (read): traversing /Users/rmntim/Personal/ITMO/Semester5/OS-new/lab/intro-exp/out/graph-rand.bin ... OK (436905 nodes processed)
Iteration 2/5 (read): traversing /Users/rmntim/Personal/ITMO/Semester5/OS-new/lab/intro-exp/out/graph-rand.bin ... OK (436905 nodes processed)
Iteration 3/5 (read): traversing /Users/rmntim/Personal/ITMO/Semester5/OS-new/lab/intro-exp/out/graph-rand.bin ... OK (436905 nodes processed)
Iteration 4/5 (read): traversing /Users/rmntim/Personal/ITMO/Semester5/OS-new/lab/intro-exp/out/graph-rand.bin ... OK (436905 nodes processed)
Iteration 5/5 (read): traversing /Users/rmntim/Personal/ITMO/Semester5/OS-new/lab/intro-exp/out/graph-rand.bin ... OK (436905 nodes processed)

final/11/1: ['/Users/rmntim/Personal/ITMO/Semester5/OS-new/lab/intro-exp/out/graph_traverse', '--write', '5', '/Users/rmntim/Personal/ITMO/Semester5/OS-new/lab/intro-exp/out/graph-rand.bin']
Iteration 1/5 (write): traversing /Users/rmntim/Personal/ITMO/Semester5/OS-new/lab/intro-exp/out/graph-rand.bin ... OK (436905 nodes processed)
Iteration 2/5 (write): traversing /Users/rmntim/Personal/ITMO/Semester5/OS-new/lab/intro-exp/out/graph-rand.bin ... OK (436905 nodes processed)
Iteration 3/5 (write): traversing /Users/rmntim/Personal/ITMO/Semester5/OS-new/lab/intro-exp/out/graph-rand.bin ... OK (436905 nodes processed)
Iteration 4/5 (write): traversing /Users/rmntim/Personal/ITMO/Semester5/OS-new/lab/intro-exp/out/graph-rand.bin ... OK (436905 nodes processed)
Iteration 5/5 (write): traversing /Users/rmntim/Personal/ITMO/Semester5/OS-new/lab/intro-exp/out/graph-rand.bin ... OK (436905 nodes processed)

final/11/2: ['/Users/rmntim/Personal/ITMO/Semester5/OS-new/lab/intro-exp/out/graph_traverse_mmap', '5', '/Users/rmntim/Personal/ITMO/Semester5/OS-new/lab/intro-exp/out/graph-rand.bin']
Iteration 1/5 (read): traversing /Users/rmntim/Personal/ITMO/Semester5/OS-new/lab/intro-exp/out/graph-rand.bin ... OK (436905 nodes processed)
Iteration 2/5 (read): traversing /Users/rmntim/Personal/ITMO/Semester5/OS-new/lab/intro-exp/out/graph-rand.bin ... OK (436905 nodes processed)
Iteration 3/5 (read): traversing /Users/rmntim/Personal/ITMO/Semester5/OS-new/lab/intro-exp/out/graph-rand.bin ... OK (436905 nodes processed)
Iteration 4/5 (read): traversing /Users/rmntim/Personal/ITMO/Semester5/OS-new/lab/intro-exp/out/graph-rand.bin ... OK (436905 nodes processed)
Iteration 5/5 (read): traversing /Users/rmntim/Personal/ITMO/Semester5/OS-new/lab/intro-exp/out/graph-rand.bin ... OK (436905 nodes processed)

final/11/3: ['/Users/rmntim/Personal/ITMO/Semester5/OS-new/lab/intro-exp/out/graph_traverse_mmap', '--write', '5', '/Users/rmntim/Personal/ITMO/Semester5/OS-new/lab/intro-exp/out/graph-rand.bin']
Iteration 1/5 (write): traversing /Users/rmntim/Personal/ITMO/Semester5/OS-new/lab/intro-exp/out/graph-rand.bin ... OK (436905 nodes processed)
Iteration 2/5 (write): traversing /Users/rmntim/Personal/ITMO/Semester5/OS-new/lab/intro-exp/out/graph-rand.bin ... OK (436905 nodes processed)
Iteration 3/5 (write): traversing /Users/rmntim/Personal/ITMO/Semester5/OS-new/lab/intro-exp/out/graph-rand.bin ... OK (436905 nodes processed)
Iteration 4/5 (write): traversing /Users/rmntim/Personal/ITMO/Semester5/OS-new/lab/intro-exp/out/graph-rand.bin ... OK (436905 nodes processed)
Iteration 5/5 (write): traversing /Users/rmntim/Personal/ITMO/Semester5/OS-new/lab/intro-exp/out/graph-rand.bin ... OK (436905 nodes processed)

final/11/4: ['/Users/rmntim/Personal/ITMO/Semester5/OS-new/lab/intro-exp/out/graph_traverse', '5', '/Users/rmntim/Personal/ITMO/Semester5/OS-new/lab/intro-exp/out/graph-rand.bin']
Iteration 1/5 (read): traversing /Users/rmntim/Personal/ITMO/Semester5/OS-new/lab/intro-exp/out/graph-rand.bin ... OK (436905 nodes processed)
Iteration 2/5 (read): traversing /Users/rmntim/Personal/ITMO/Semester5/OS-new/lab/intro-exp/out/graph-rand.bin ... OK (436905 nodes processed)
Iteration 3/5 (read): traversing /Users/rmntim/Personal/ITMO/Semester5/OS-new/lab/intro-exp/out/graph-rand.bin ... OK (436905 nodes processed)
Iteration 4/5 (read): traversing /Users/rmntim/Personal/ITMO/Semester5/OS-new/lab/intro-exp/out/graph-rand.bin ... OK (436905 nodes processed)
Iteration 5/5 (read): traversing /Users/rmntim/Personal/ITMO/Semester5/OS-new/lab/intro-exp/out/graph-rand.bin ... OK (436905 nodes processed)

final/12/1: ['/Users/rmntim/Personal/ITMO/Semester5/OS-new/lab/intro-exp/out/graph_traverse_mmap', '--write', '5', '/Users/rmntim/Personal/ITMO/Semester5/OS-new/lab/intro-exp/out/graph-rand.bin']
Iteration 1/5 (write): traversing /Users/rmntim/Personal/ITMO/Semester5/OS-new/lab/intro-exp/out/graph-rand.bin ... OK (436905 nodes processed)
Iteration 2/5 (write): traversing /Users/rmntim/Personal/ITMO/Semester5/OS-new/lab/intro-exp/out/graph-rand.bin ... OK (436905 nodes processed)
Iteration 3/5 (write): traversing /Users/rmntim/Personal/ITMO/Semester5/OS-new/lab/intro-exp/out/graph-rand.bin ... OK (436905 nodes processed)
Iteration 4/5 (write): traversing /Users/rmntim/Personal/ITMO/Semester5/OS-new/lab/intro-exp/out/graph-rand.bin ... OK (436905 nodes processed)
Iteration 5/5 (write): traversing /Users/rmntim/Personal/ITMO/Semester5/OS-new/lab/intro-exp/out/graph-rand.bin ... OK (436905 nodes processed)

final/12/2: ['/Users/rmntim/Personal/ITMO/Semester5/OS-new/lab/intro-exp/out/graph_traverse', '--write', '5', '/Users/rmntim/Personal/ITMO/Semester5/OS-new/lab/intro-exp/out/graph-rand.bin']
Iteration 1/5 (write): traversing /Users/rmntim/Personal/ITMO/Semester5/OS-new/lab/intro-exp/out/graph-rand.bin ... OK (436905 nodes processed)
Iteration 2/5 (write): traversing /Users/rmntim/Personal/ITMO/Semester5/OS-new/lab/intro-exp/out/graph-rand.bin ... OK (436905 nodes processed)
Iteration 3/5 (write): traversing /Users/rmntim/Personal/ITMO/Semester5/OS-new/lab/intro-exp/out/graph-rand.bin ... OK (436905 nodes processed)
Iteration 4/5 (write): traversing /Users/rmntim/Personal/ITMO/Semester5/OS-new/lab/intro-exp/out/graph-rand.bin ... OK (436905 nodes processed)
Iteration 5/5 (write): traversing /Users/rmntim/Personal/ITMO/Semester5/OS-new/lab/intro-exp/out/graph-rand.bin ... OK (436905 nodes processed)

final/12/3: ['/Users/rmntim/Personal/ITMO/Semester5/OS-new/lab/intro-exp/out/graph_traverse_mmap', '5', '/Users/rmntim/Personal/ITMO/Semester5/OS-new/lab/intro-exp/out/graph-rand.bin']
Iteration 1/5 (read): traversing /Users/rmntim/Personal/ITMO/Semester5/OS-new/lab/intro-exp/out/graph-rand.bin ... OK (436905 nodes processed)
Iteration 2/5 (read): traversing /Users/rmntim/Personal/ITMO/Semester5/OS-new/lab/intro-exp/out/graph-rand.bin ... OK (436905 nodes processed)
Iteration 3/5 (read): traversing /Users/rmntim/Personal/ITMO/Semester5/OS-new/lab/intro-exp/out/graph-rand.bin ... OK (436905 nodes processed)
Iteration 4/5 (read): traversing /Users/rmntim/Personal/ITMO/Semester5/OS-new/lab/intro-exp/out/graph-rand.bin ... OK (436905 nodes processed)
Iteration 5/5 (read): traversing /Users/rmntim/Personal/ITMO/Semester5/OS-new/lab/intro-exp/out/graph-rand.bin ... OK (436905 nodes processed)

final/12/4: ['/Users/rmntim/Personal/ITMO/Semester5/OS-new/lab/intro-exp/out/graph_traverse', '5', '/Users/rmntim/Personal/ITMO/Semester5/OS-new/lab/intro-exp/out/graph-rand.bin']
Iteration 1/5 (read): traversing /Users/rmntim/Personal/ITMO/Semester5/OS-new/lab/intro-exp/out/graph-rand.bin ... OK (436905 nodes processed)
Iteration 2/5 (read): traversing /Users/rmntim/Personal/ITMO/Semester5/OS-new/lab/intro-exp/out/graph-rand.bin ... OK (436905 nodes processed)
Iteration 3/5 (read): traversing /Users/rmntim/Personal/ITMO/Semester5/OS-new/lab/intro-exp/out/graph-rand.bin ... OK (436905 nodes processed)
Iteration 4/5 (read): traversing /Users/rmntim/Personal/ITMO/Semester5/OS-new/lab/intro-exp/out/graph-rand.bin ... OK (436905 nodes processed)
Iteration 5/5 (read): traversing /Users/rmntim/Personal/ITMO/Semester5/OS-new/lab/intro-exp/out/graph-rand.bin ... OK (436905 nodes processed)

final/13/1: ['/Users/rmntim/Personal/ITMO/Semester5/OS-new/lab/intro-exp/out/graph_traverse_mmap', '5', '/Users/rmntim/Personal/ITMO/Semester5/OS-new/lab/intro-exp/out/graph-rand.bin']
Iteration 1/5 (read): traversing /Users/rmntim/Personal/ITMO/Semester5/OS-new/lab/intro-exp/out/graph-rand.bin ... OK (436905 nodes processed)
Iteration 2/5 (read): traversing /Users/rmntim/Personal/ITMO/Semester5/OS-new/lab/intro-exp/out/graph-rand.bin ... OK (436905 nodes processed)
Iteration 3/5 (read): traversing /Users/rmntim/Personal/ITMO/Semester5/OS-new/lab/intro-exp/out/graph-rand.bin ... OK (436905 nodes processed)
Iteration 4/5 (read): traversing /Users/rmntim/Personal/ITMO/Semester5/OS-new/lab/intro-exp/out/graph-rand.bin ... OK (436905 nodes processed)
Iteration 5/5 (read): traversing /Users/rmntim/Personal/ITMO/Semester5/OS-new/lab/intro-exp/out/graph-rand.bin ... OK (436905 nodes processed)

final/13/2: ['/Users/rmntim/Personal/ITMO/Semester5/OS-new/lab/intro-exp/out/graph_traverse', '5', '/Users/rmntim/Personal/ITMO/Semester5/OS-new/lab/intro-exp/out/graph-rand.bin']
Iteration 1/5 (read): traversing /Users/rmntim/Personal/ITMO/Semester5/OS-new/lab/intro-exp/out/graph-rand.bin ... OK (436905 nodes processed)
Iteration 2/5 (read): traversing /Users/rmntim/Personal/ITMO/Semester5/OS-new/lab/intro-exp/out/graph-rand.bin ... OK (436905 nodes processed)
Iteration 3/5 (read): traversing /Users/rmntim/Personal/ITMO/Semester5/OS-new/lab/intro-exp/out/graph-rand.bin ... OK (436905 nodes processed)
Iteration 4/5 (read): traversing /Users/rmntim/Personal/ITMO/Semester5/OS-new/lab/intro-exp/out/graph-rand.bin ... OK (436905 nodes processed)
Iteration 5/5 (read): traversing /Users/rmntim/Personal/ITMO/Semester5/OS-new/lab/intro-exp/out/graph-rand.bin ... OK (436905 nodes processed)

final/13/3: ['/Users/rmntim/Personal/ITMO/Semester5/OS-new/lab/intro-exp/out/graph_traverse_mmap', '--write', '5', '/Users/rmntim/Personal/ITMO/Semester5/OS-new/lab/intro-exp/out/graph-rand.bin']
Iteration 1/5 (write): traversing /Users/rmntim/Personal/ITMO/Semester5/OS-new/lab/intro-exp/out/graph-rand.bin ... OK (436905 nodes processed)
Iteration 2/5 (write): traversing /Users/rmntim/Personal/ITMO/Semester5/OS-new/lab/intro-exp/out/graph-rand.bin ... OK (436905 nodes processed)
Iteration 3/5 (write): traversing /Users/rmntim/Personal/ITMO/Semester5/OS-new/lab/intro-exp/out/graph-rand.bin ... OK (436905 nodes processed)
Iteration 4/5 (write): traversing /Users/rmntim/Personal/ITMO/Semester5/OS-new/lab/intro-exp/out/graph-rand.bin ... OK (436905 nodes processed)
Iteration 5/5 (write): traversing /Users/rmntim/Personal/ITMO/Semester5/OS-new/lab/intro-exp/out/graph-rand.bin ... OK (436905 nodes processed)

final/13/4: ['/Users/rmntim/Personal/ITMO/Semester5/OS-new/lab/intro-exp/out/graph_traverse', '--write', '5', '/Users/rmntim/Personal/ITMO/Semester5/OS-new/lab/intro-exp/out/graph-rand.bin']
Iteration 1/5 (write): traversing /Users/rmntim/Personal/ITMO/Semester5/OS-new/lab/intro-exp/out/graph-rand.bin ... OK (436905 nodes processed)
Iteration 2/5 (write): traversing /Users/rmntim/Personal/ITMO/Semester5/OS-new/lab/intro-exp/out/graph-rand.bin ... OK (436905 nodes processed)
Iteration 3/5 (write): traversing /Users/rmntim/Personal/ITMO/Semester5/OS-new/lab/intro-exp/out/graph-rand.bin ... OK (436905 nodes processed)
Iteration 4/5 (write): traversing /Users/rmntim/Personal/ITMO/Semester5/OS-new/lab/intro-exp/out/graph-rand.bin ... OK (436905 nodes processed)
Iteration 5/5 (write): traversing /Users/rmntim/Personal/ITMO/Semester5/OS-new/lab/intro-exp/out/graph-rand.bin ... OK (436905 nodes processed)

final/14/1: ['/Users/rmntim/Personal/ITMO/Semester5/OS-new/lab/intro-exp/out/graph_traverse', '--write', '5', '/Users/rmntim/Personal/ITMO/Semester5/OS-new/lab/intro-exp/out/graph-rand.bin']
Iteration 1/5 (write): traversing /Users/rmntim/Personal/ITMO/Semester5/OS-new/lab/intro-exp/out/graph-rand.bin ... OK (436905 nodes processed)
Iteration 2/5 (write): traversing /Users/rmntim/Personal/ITMO/Semester5/OS-new/lab/intro-exp/out/graph-rand.bin ... OK (436905 nodes processed)
Iteration 3/5 (write): traversing /Users/rmntim/Personal/ITMO/Semester5/OS-new/lab/intro-exp/out/graph-rand.bin ... OK (436905 nodes processed)
Iteration 4/5 (write): traversing /Users/rmntim/Personal/ITMO/Semester5/OS-new/lab/intro-exp/out/graph-rand.bin ... OK (436905 nodes processed)
Iteration 5/5 (write): traversing /Users/rmntim/Personal/ITMO/Semester5/OS-new/lab/intro-exp/out/graph-rand.bin ... OK (436905 nodes processed)

final/14/2: ['/Users/rmntim/Personal/ITMO/Semester5/OS-new/lab/intro-exp/out/graph_traverse', '5', '/Users/rmntim/Personal/ITMO/Semester5/OS-new/lab/intro-exp/out/graph-rand.bin']
Iteration 1/5 (read): traversing /Users/rmntim/Personal/ITMO/Semester5/OS-new/lab/intro-exp/out/graph-rand.bin ... OK (436905 nodes processed)
Iteration 2/5 (read): traversing /Users/rmntim/Personal/ITMO/Semester5/OS-new/lab/intro-exp/out/graph-rand.bin ... OK (436905 nodes processed)
Iteration 3/5 (read): traversing /Users/rmntim/Personal/ITMO/Semester5/OS-new/lab/intro-exp/out/graph-rand.bin ... OK (436905 nodes processed)
Iteration 4/5 (read): traversing /Users/rmntim/Personal/ITMO/Semester5/OS-new/lab/intro-exp/out/graph-rand.bin ... OK (436905 nodes processed)
Iteration 5/5 (read): traversing /Users/rmntim/Personal/ITMO/Semester5/OS-new/lab/intro-exp/out/graph-rand.bin ... OK (436905 nodes processed)

final/14/3: ['/Users/rmntim/Personal/ITMO/Semester5/OS-new/lab/intro-exp/out/graph_traverse_mmap', '5', '/Users/rmntim/Personal/ITMO/Semester5/OS-new/lab/intro-exp/out/graph-rand.bin']
Iteration 1/5 (read): traversing /Users/rmntim/Personal/ITMO/Semester5/OS-new/lab/intro-exp/out/graph-rand.bin ... OK (436905 nodes processed)
Iteration 2/5 (read): traversing /Users/rmntim/Personal/ITMO/Semester5/OS-new/lab/intro-exp/out/graph-rand.bin ... OK (436905 nodes processed)
Iteration 3/5 (read): traversing /Users/rmntim/Personal/ITMO/Semester5/OS-new/lab/intro-exp/out/graph-rand.bin ... OK (436905 nodes processed)
Iteration 4/5 (read): traversing /Users/rmntim/Personal/ITMO/Semester5/OS-new/lab/intro-exp/out/graph-rand.bin ... OK (436905 nodes processed)
Iteration 5/5 (read): traversing /Users/rmntim/Personal/ITMO/Semester5/OS-new/lab/intro-exp/out/graph-rand.bin ... OK (436905 nodes processed)

final/14/4: ['/Users/rmntim/Personal/ITMO/Semester5/OS-new/lab/intro-exp/out/graph_traverse_mmap', '--write', '5', '/Users/rmntim/Personal/ITMO/Semester5/OS-new/lab/intro-exp/out/graph-rand.bin']
Iteration 1/5 (write): traversing /Users/rmntim/Personal/ITMO/Semester5/OS-new/lab/intro-exp/out/graph-rand.bin ... OK (436905 nodes processed)
Iteration 2/5 (write): traversing /Users/rmntim/Personal/ITMO/Semester5/OS-new/lab/intro-exp/out/graph-rand.bin ... OK (436905 nodes processed)
Iteration 3/5 (write): traversing /Users/rmntim/Personal/ITMO/Semester5/OS-new/lab/intro-exp/out/graph-rand.bin ... OK (436905 nodes processed)
Iteration 4/5 (write): traversing /Users/rmntim/Personal/ITMO/Semester5/OS-new/lab/intro-exp/out/graph-rand.bin ... OK (436905 nodes processed)
Iteration 5/5 (write): traversing /Users/rmntim/Personal/ITMO/Semester5/OS-new/lab/intro-exp/out/graph-rand.bin ... OK (436905 nodes processed)

final/15/1: ['/Users/rmntim/Personal/ITMO/Semester5/OS-new/lab/intro-exp/out/graph_traverse', '5', '/Users/rmntim/Personal/ITMO/Semester5/OS-new/lab/intro-exp/out/graph-rand.bin']
Iteration 1/5 (read): traversing /Users/rmntim/Personal/ITMO/Semester5/OS-new/lab/intro-exp/out/graph-rand.bin ... OK (436905 nodes processed)
Iteration 2/5 (read): traversing /Users/rmntim/Personal/ITMO/Semester5/OS-new/lab/intro-exp/out/graph-rand.bin ... OK (436905 nodes processed)
Iteration 3/5 (read): traversing /Users/rmntim/Personal/ITMO/Semester5/OS-new/lab/intro-exp/out/graph-rand.bin ... OK (436905 nodes processed)
Iteration 4/5 (read): traversing /Users/rmntim/Personal/ITMO/Semester5/OS-new/lab/intro-exp/out/graph-rand.bin ... OK (436905 nodes processed)
Iteration 5/5 (read): traversing /Users/rmntim/Personal/ITMO/Semester5/OS-new/lab/intro-exp/out/graph-rand.bin ... OK (436905 nodes processed)

final/15/2: ['/Users/rmntim/Personal/ITMO/Semester5/OS-new/lab/intro-exp/out/graph_traverse_mmap', '5', '/Users/rmntim/Personal/ITMO/Semester5/OS-new/lab/intro-exp/out/graph-rand.bin']
Iteration 1/5 (read): traversing /Users/rmntim/Personal/ITMO/Semester5/OS-new/lab/intro-exp/out/graph-rand.bin ... OK (436905 nodes processed)
Iteration 2/5 (read): traversing /Users/rmntim/Personal/ITMO/Semester5/OS-new/lab/intro-exp/out/graph-rand.bin ... OK (436905 nodes processed)
Iteration 3/5 (read): traversing /Users/rmntim/Personal/ITMO/Semester5/OS-new/lab/intro-exp/out/graph-rand.bin ... OK (436905 nodes processed)
Iteration 4/5 (read): traversing /Users/rmntim/Personal/ITMO/Semester5/OS-new/lab/intro-exp/out/graph-rand.bin ... OK (436905 nodes processed)
Iteration 5/5 (read): traversing /Users/rmntim/Personal/ITMO/Semester5/OS-new/lab/intro-exp/out/graph-rand.bin ... OK (436905 nodes processed)

final/15/3: ['/Users/rmntim/Personal/ITMO/Semester5/OS-new/lab/intro-exp/out/graph_traverse_mmap', '--write', '5', '/Users/rmntim/Personal/ITMO/Semester5/OS-new/lab/intro-exp/out/graph-rand.bin']
Iteration 1/5 (write): traversing /Users/rmntim/Personal/ITMO/Semester5/OS-new/lab/intro-exp/out/graph-rand.bin ... OK (436905 nodes processed)
Iteration 2/5 (write): traversing /Users/rmntim/Personal/ITMO/Semester5/OS-new/lab/intro-exp/out/graph-rand.bin ... OK (436905 nodes processed)
Iteration 3/5 (write): traversing /Users/rmntim/Personal/ITMO/Semester5/OS-new/lab/intro-exp/out/graph-rand.bin ... OK (436905 nodes processed)
Iteration 4/5 (write): traversing /Users/rmntim/Personal/ITMO/Semester5/OS-new/lab/intro-exp/out/graph-rand.bin ... OK (436905 nodes processed)
Iteration 5/5 (write): traversing /Users/rmntim/Personal/ITMO/Semester5/OS-new/lab/intro-exp/out/graph-rand.bin ... OK (436905 nodes processed)

final/15/4: ['/Users/rmntim/Personal/ITMO/Semester5/OS-new/lab/intro-exp/out/graph_traverse', '--write', '5', '/Users/rmntim/Personal/ITMO/Semester5/OS-new/lab/intro-exp/out/graph-rand.bin']
Iteration 1/5 (write): traversing /Users/rmntim/Personal/ITMO/Semester5/OS-new/lab/intro-exp/out/graph-rand.bin ... OK (436905 nodes processed)
Iteration 2/5 (write): traversing /Users/rmntim/Personal/ITMO/Semester5/OS-new/lab/intro-exp/out/graph-rand.bin ... OK (436905 nodes processed)
Iteration 3/5 (write): traversing /Users/rmntim/Personal/ITMO/Semester5/OS-new/lab/intro-exp/out/graph-rand.bin ... OK (436905 nodes processed)
Iteration 4/5 (write): traversing /Users/rmntim/Personal/ITMO/Semester5/OS-new/lab/intro-exp/out/graph-rand.bin ... OK (436905 nodes processed)
Iteration 5/5 (write): traversing /Users/rmntim/Personal/ITMO/Semester5/OS-new/lab/intro-exp/out/graph-rand.bin ... OK (436905 nodes processed)

final/16/1: ['/Users/rmntim/Personal/ITMO/Semester5/OS-new/lab/intro-exp/out/graph_traverse', '--write', '5', '/Users/rmntim/Personal/ITMO/Semester5/OS-new/lab/intro-exp/out/graph-rand.bin']
Iteration 1/5 (write): traversing /Users/rmntim/Personal/ITMO/Semester5/OS-new/lab/intro-exp/out/graph-rand.bin ... OK (436905 nodes processed)
Iteration 2/5 (write): traversing /Users/rmntim/Personal/ITMO/Semester5/OS-new/lab/intro-exp/out/graph-rand.bin ... OK (436905 nodes processed)
Iteration 3/5 (write): traversing /Users/rmntim/Personal/ITMO/Semester5/OS-new/lab/intro-exp/out/graph-rand.bin ... OK (436905 nodes processed)
Iteration 4/5 (write): traversing /Users/rmntim/Personal/ITMO/Semester5/OS-new/lab/intro-exp/out/graph-rand.bin ... OK (436905 nodes processed)
Iteration 5/5 (write): traversing /Users/rmntim/Personal/ITMO/Semester5/OS-new/lab/intro-exp/out/graph-rand.bin ... OK (436905 nodes processed)

final/16/2: ['/Users/rmntim/Personal/ITMO/Semester5/OS-new/lab/intro-exp/out/graph_traverse', '5', '/Users/rmntim/Personal/ITMO/Semester5/OS-new/lab/intro-exp/out/graph-rand.bin']
Iteration 1/5 (read): traversing /Users/rmntim/Personal/ITMO/Semester5/OS-new/lab/intro-exp/out/graph-rand.bin ... OK (436905 nodes processed)
Iteration 2/5 (read): traversing /Users/rmntim/Personal/ITMO/Semester5/OS-new/lab/intro-exp/out/graph-rand.bin ... OK (436905 nodes processed)
Iteration 3/5 (read): traversing /Users/rmntim/Personal/ITMO/Semester5/OS-new/lab/intro-exp/out/graph-rand.bin ... OK (436905 nodes processed)
Iteration 4/5 (read): traversing /Users/rmntim/Personal/ITMO/Semester5/OS-new/lab/intro-exp/out/graph-rand.bin ... OK (436905 nodes processed)
Iteration 5/5 (read): traversing /Users/rmntim/Personal/ITMO/Semester5/OS-new/lab/intro-exp/out/graph-rand.bin ... OK (436905 nodes processed)

final/16/3: ['/Users/rmntim/Personal/ITMO/Semester5/OS-new/lab/intro-exp/out/graph_traverse_mmap', '5', '/Users/rmntim/Personal/ITMO/Semester5/OS-new/lab/intro-exp/out/graph-rand.bin']
Iteration 1/5 (read): traversing /Users/rmntim/Personal/ITMO/Semester5/OS-new/lab/intro-exp/out/graph-rand.bin ... OK (436905 nodes processed)
Iteration 2/5 (read): traversing /Users/rmntim/Personal/ITMO/Semester5/OS-new/lab/intro-exp/out/graph-rand.bin ... OK (436905 nodes processed)
Iteration 3/5 (read): traversing /Users/rmntim/Personal/ITMO/Semester5/OS-new/lab/intro-exp/out/graph-rand.bin ... OK (436905 nodes processed)
Iteration 4/5 (read): traversing /Users/rmntim/Personal/ITMO/Semester5/OS-new/lab/intro-exp/out/graph-rand.bin ... OK (436905 nodes processed)
Iteration 5/5 (read): traversing /Users/rmntim/Personal/ITMO/Semester5/OS-new/lab/intro-exp/out/graph-rand.bin ... OK (436905 nodes processed)

final/16/4: ['/Users/rmntim/Personal/ITMO/Semester5/OS-new/lab/intro-exp/out/graph_traverse_mmap', '--write', '5', '/Users/rmntim/Personal/ITMO/Semester5/OS-new/lab/intro-exp/out/graph-rand.bin']
Iteration 1/5 (write): traversing /Users/rmntim/Personal/ITMO/Semester5/OS-new/lab/intro-exp/out/graph-rand.bin ... OK (436905 nodes processed)
Iteration 2/5 (write): traversing /Users/rmntim/Personal/ITMO/Semester5/OS-new/lab/intro-exp/out/graph-rand.bin ... OK (436905 nodes processed)
Iteration 3/5 (write): traversing /Users/rmntim/Personal/ITMO/Semester5/OS-new/lab/intro-exp/out/graph-rand.bin ... OK (436905 nodes processed)
Iteration 4/5 (write): traversing /Users/rmntim/Personal/ITMO/Semester5/OS-new/lab/intro-exp/out/graph-rand.bin ... OK (436905 nodes processed)
Iteration 5/5 (write): traversing /Users/rmntim/Personal/ITMO/Semester5/OS-new/lab/intro-exp/out/graph-rand.bin ... OK (436905 nodes processed)

final/17/1: ['/Users/rmntim/Personal/ITMO/Semester5/OS-new/lab/intro-exp/out/graph_traverse_mmap', '5', '/Users/rmntim/Personal/ITMO/Semester5/OS-new/lab/intro-exp/out/graph-rand.bin']
Iteration 1/5 (read): traversing /Users/rmntim/Personal/ITMO/Semester5/OS-new/lab/intro-exp/out/graph-rand.bin ... OK (436905 nodes processed)
Iteration 2/5 (read): traversing /Users/rmntim/Personal/ITMO/Semester5/OS-new/lab/intro-exp/out/graph-rand.bin ... OK (436905 nodes processed)
Iteration 3/5 (read): traversing /Users/rmntim/Personal/ITMO/Semester5/OS-new/lab/intro-exp/out/graph-rand.bin ... OK (436905 nodes processed)
Iteration 4/5 (read): traversing /Users/rmntim/Personal/ITMO/Semester5/OS-new/lab/intro-exp/out/graph-rand.bin ... OK (436905 nodes processed)
Iteration 5/5 (read): traversing /Users/rmntim/Personal/ITMO/Semester5/OS-new/lab/intro-exp/out/graph-rand.bin ... OK (436905 nodes processed)

final/17/2: ['/Users/rmntim/Personal/ITMO/Semester5/OS-new/lab/intro-exp/out/graph_traverse_mmap', '--write', '5', '/Users/rmntim/Personal/ITMO/Semester5/OS-new/lab/intro-exp/out/graph-rand.bin']
Iteration 1/5 (write): traversing /Users/rmntim/Personal/ITMO/Semester5/OS-new/lab/intro-exp/out/graph-rand.bin ... OK (436905 nodes processed)
Iteration 2/5 (write): traversing /Users/rmntim/Personal/ITMO/Semester5/OS-new/lab/intro-exp/out/graph-rand.bin ... OK (436905 nodes processed)
Iteration 3/5 (write): traversing /Users/rmntim/Personal/ITMO/Semester5/OS-new/lab/intro-exp/out/graph-rand.bin ... OK (436905 nodes processed)
Iteration 4/5 (write): traversing /Users/rmntim/Personal/ITMO/Semester5/OS-new/lab/intro-exp/out/graph-rand.bin ... OK (436905 nodes processed)
Iteration 5/5 (write): traversing /Users/rmntim/Personal/ITMO/Semester5/OS-new/lab/intro-exp/out/graph-rand.bin ... OK (436905 nodes processed)

final/17/3: ['/Users/rmntim/Personal/ITMO/Semester5/OS-new/lab/intro-exp/out/graph_traverse', '5', '/Users/rmntim/Personal/ITMO/Semester5/OS-new/lab/intro-exp/out/graph-rand.bin']
Iteration 1/5 (read): traversing /Users/rmntim/Personal/ITMO/Semester5/OS-new/lab/intro-exp/out/graph-rand.bin ... OK (436905 nodes processed)
Iteration 2/5 (read): traversing /Users/rmntim/Personal/ITMO/Semester5/OS-new/lab/intro-exp/out/graph-rand.bin ... OK (436905 nodes processed)
Iteration 3/5 (read): traversing /Users/rmntim/Personal/ITMO/Semester5/OS-new/lab/intro-exp/out/graph-rand.bin ... OK (436905 nodes processed)
Iteration 4/5 (read): traversing /Users/rmntim/Personal/ITMO/Semester5/OS-new/lab/intro-exp/out/graph-rand.bin ... OK (436905 nodes processed)
Iteration 5/5 (read): traversing /Users/rmntim/Personal/ITMO/Semester5/OS-new/lab/intro-exp/out/graph-rand.bin ... OK (436905 nodes processed)

final/17/4: ['/Users/rmntim/Personal/ITMO/Semester5/OS-new/lab/intro-exp/out/graph_traverse', '--write', '5', '/Users/rmntim/Personal/ITMO/Semester5/OS-new/lab/intro-exp/out/graph-rand.bin']
Iteration 1/5 (write): traversing /Users/rmntim/Personal/ITMO/Semester5/OS-new/lab/intro-exp/out/graph-rand.bin ... OK (436905 nodes processed)
Iteration 2/5 (write): traversing /Users/rmntim/Personal/ITMO/Semester5/OS-new/lab/intro-exp/out/graph-rand.bin ... OK (436905 nodes processed)
Iteration 3/5 (write): traversing /Users/rmntim/Personal/ITMO/Semester5/OS-new/lab/intro-exp/out/graph-rand.bin ... OK (436905 nodes processed)
Iteration 4/5 (write): traversing /Users/rmntim/Personal/ITMO/Semester5/OS-new/lab/intro-exp/out/graph-rand.bin ... OK (436905 nodes processed)
Iteration 5/5 (write): traversing /Users/rmntim/Personal/ITMO/Semester5/OS-new/lab/intro-exp/out/graph-rand.bin ... OK (436905 nodes processed)

final/18/1: ['/Users/rmntim/Personal/ITMO/Semester5/OS-new/lab/intro-exp/out/graph_traverse_mmap', '--write', '5', '/Users/rmntim/Personal/ITMO/Semester5/OS-new/lab/intro-exp/out/graph-rand.bin']
Iteration 1/5 (write): traversing /Users/rmntim/Personal/ITMO/Semester5/OS-new/lab/intro-exp/out/graph-rand.bin ... OK (436905 nodes processed)
Iteration 2/5 (write): traversing /Users/rmntim/Personal/ITMO/Semester5/OS-new/lab/intro-exp/out/graph-rand.bin ... OK (436905 nodes processed)
Iteration 3/5 (write): traversing /Users/rmntim/Personal/ITMO/Semester5/OS-new/lab/intro-exp/out/graph-rand.bin ... OK (436905 nodes processed)
Iteration 4/5 (write): traversing /Users/rmntim/Personal/ITMO/Semester5/OS-new/lab/intro-exp/out/graph-rand.bin ... OK (436905 nodes processed)
Iteration 5/5 (write): traversing /Users/rmntim/Personal/ITMO/Semester5/OS-new/lab/intro-exp/out/graph-rand.bin ... OK (436905 nodes processed)

final/18/2: ['/Users/rmntim/Personal/ITMO/Semester5/OS-new/lab/intro-exp/out/graph_traverse', '--write', '5', '/Users/rmntim/Personal/ITMO/Semester5/OS-new/lab/intro-exp/out/graph-rand.bin']
Iteration 1/5 (write): traversing /Users/rmntim/Personal/ITMO/Semester5/OS-new/lab/intro-exp/out/graph-rand.bin ... OK (436905 nodes processed)
Iteration 2/5 (write): traversing /Users/rmntim/Personal/ITMO/Semester5/OS-new/lab/intro-exp/out/graph-rand.bin ... OK (436905 nodes processed)
Iteration 3/5 (write): traversing /Users/rmntim/Personal/ITMO/Semester5/OS-new/lab/intro-exp/out/graph-rand.bin ... OK (436905 nodes processed)
Iteration 4/5 (write): traversing /Users/rmntim/Personal/ITMO/Semester5/OS-new/lab/intro-exp/out/graph-rand.bin ... OK (436905 nodes processed)
Iteration 5/5 (write): traversing /Users/rmntim/Personal/ITMO/Semester5/OS-new/lab/intro-exp/out/graph-rand.bin ... OK (436905 nodes processed)

final/18/3: ['/Users/rmntim/Personal/ITMO/Semester5/OS-new/lab/intro-exp/out/graph_traverse', '5', '/Users/rmntim/Personal/ITMO/Semester5/OS-new/lab/intro-exp/out/graph-rand.bin']
Iteration 1/5 (read): traversing /Users/rmntim/Personal/ITMO/Semester5/OS-new/lab/intro-exp/out/graph-rand.bin ... OK (436905 nodes processed)
Iteration 2/5 (read): traversing /Users/rmntim/Personal/ITMO/Semester5/OS-new/lab/intro-exp/out/graph-rand.bin ... OK (436905 nodes processed)
Iteration 3/5 (read): traversing /Users/rmntim/Personal/ITMO/Semester5/OS-new/lab/intro-exp/out/graph-rand.bin ... OK (436905 nodes processed)
Iteration 4/5 (read): traversing /Users/rmntim/Personal/ITMO/Semester5/OS-new/lab/intro-exp/out/graph-rand.bin ... OK (436905 nodes processed)
Iteration 5/5 (read): traversing /Users/rmntim/Personal/ITMO/Semester5/OS-new/lab/intro-exp/out/graph-rand.bin ... OK (436905 nodes processed)

final/18/4: ['/Users/rmntim/Personal/ITMO/Semester5/OS-new/lab/intro-exp/out/graph_traverse_mmap', '5', '/Users/rmntim/Personal/ITMO/Semester5/OS-new/lab/intro-exp/out/graph-rand.bin']
Iteration 1/5 (read): traversing /Users/rmntim/Personal/ITMO/Semester5/OS-new/lab/intro-exp/out/graph-rand.bin ... OK (436905 nodes processed)
Iteration 2/5 (read): traversing /Users/rmntim/Personal/ITMO/Semester5/OS-new/lab/intro-exp/out/graph-rand.bin ... OK (436905 nodes processed)
Iteration 3/5 (read): traversing /Users/rmntim/Personal/ITMO/Semester5/OS-new/lab/intro-exp/out/graph-rand.bin ... OK (436905 nodes processed)
Iteration 4/5 (read): traversing /Users/rmntim/Personal/ITMO/Semester5/OS-new/lab/intro-exp/out/graph-rand.bin ... OK (436905 nodes processed)
Iteration 5/5 (read): traversing /Users/rmntim/Personal/ITMO/Semester5/OS-new/lab/intro-exp/out/graph-rand.bin ... OK (436905 nodes processed)

final/19/1: ['/Users/rmntim/Personal/ITMO/Semester5/OS-new/lab/intro-exp/out/graph_traverse', '--write', '5', '/Users/rmntim/Personal/ITMO/Semester5/OS-new/lab/intro-exp/out/graph-rand.bin']
Iteration 1/5 (write): traversing /Users/rmntim/Personal/ITMO/Semester5/OS-new/lab/intro-exp/out/graph-rand.bin ... OK (436905 nodes processed)
Iteration 2/5 (write): traversing /Users/rmntim/Personal/ITMO/Semester5/OS-new/lab/intro-exp/out/graph-rand.bin ... OK (436905 nodes processed)
Iteration 3/5 (write): traversing /Users/rmntim/Personal/ITMO/Semester5/OS-new/lab/intro-exp/out/graph-rand.bin ... OK (436905 nodes processed)
Iteration 4/5 (write): traversing /Users/rmntim/Personal/ITMO/Semester5/OS-new/lab/intro-exp/out/graph-rand.bin ... OK (436905 nodes processed)
Iteration 5/5 (write): traversing /Users/rmntim/Personal/ITMO/Semester5/OS-new/lab/intro-exp/out/graph-rand.bin ... OK (436905 nodes processed)

final/19/2: ['/Users/rmntim/Personal/ITMO/Semester5/OS-new/lab/intro-exp/out/graph_traverse_mmap', '5', '/Users/rmntim/Personal/ITMO/Semester5/OS-new/lab/intro-exp/out/graph-rand.bin']
Iteration 1/5 (read): traversing /Users/rmntim/Personal/ITMO/Semester5/OS-new/lab/intro-exp/out/graph-rand.bin ... OK (436905 nodes processed)
Iteration 2/5 (read): traversing /Users/rmntim/Personal/ITMO/Semester5/OS-new/lab/intro-exp/out/graph-rand.bin ... OK (436905 nodes processed)
Iteration 3/5 (read): traversing /Users/rmntim/Personal/ITMO/Semester5/OS-new/lab/intro-exp/out/graph-rand.bin ... OK (436905 nodes processed)
Iteration 4/5 (read): traversing /Users/rmntim/Personal/ITMO/Semester5/OS-new/lab/intro-exp/out/graph-rand.bin ... OK (436905 nodes processed)
Iteration 5/5 (read): traversing /Users/rmntim/Personal/ITMO/Semester5/OS-new/lab/intro-exp/out/graph-rand.bin ... OK (436905 nodes processed)

final/19/3: ['/Users/rmntim/Personal/ITMO/Semester5/OS-new/lab/intro-exp/out/graph_traverse_mmap', '--write', '5', '/Users/rmntim/Personal/ITMO/Semester5/OS-new/lab/intro-exp/out/graph-rand.bin']
Iteration 1/5 (write): traversing /Users/rmntim/Personal/ITMO/Semester5/OS-new/lab/intro-exp/out/graph-rand.bin ... OK (436905 nodes processed)
Iteration 2/5 (write): traversing /Users/rmntim/Personal/ITMO/Semester5/OS-new/lab/intro-exp/out/graph-rand.bin ... OK (436905 nodes processed)
Iteration 3/5 (write): traversing /Users/rmntim/Personal/ITMO/Semester5/OS-new/lab/intro-exp/out/graph-rand.bin ... OK (436905 nodes processed)
Iteration 4/5 (write): traversing /Users/rmntim/Personal/ITMO/Semester5/OS-new/lab/intro-exp/out/graph-rand.bin ... OK (436905 nodes processed)
Iteration 5/5 (write): traversing /Users/rmntim/Personal/ITMO/Semester5/OS-new/lab/intro-exp/out/graph-rand.bin ... OK (436905 nodes processed)

final/19/4: ['/Users/rmntim/Personal/ITMO/Semester5/OS-new/lab/intro-exp/out/graph_traverse', '5', '/Users/rmntim/Personal/ITMO/Semester5/OS-new/lab/intro-exp/out/graph-rand.bin']
Iteration 1/5 (read): traversing /Users/rmntim/Personal/ITMO/Semester5/OS-new/lab/intro-exp/out/graph-rand.bin ... OK (436905 nodes processed)
Iteration 2/5 (read): traversing /Users/rmntim/Personal/ITMO/Semester5/OS-new/lab/intro-exp/out/graph-rand.bin ... OK (436905 nodes processed)
Iteration 3/5 (read): traversing /Users/rmntim/Personal/ITMO/Semester5/OS-new/lab/intro-exp/out/graph-rand.bin ... OK (436905 nodes processed)
Iteration 4/5 (read): traversing /Users/rmntim/Personal/ITMO/Semester5/OS-new/lab/intro-exp/out/graph-rand.bin ... OK (436905 nodes processed)
Iteration 5/5 (read): traversing /Users/rmntim/Personal/ITMO/Semester5/OS-new/lab/intro-exp/out/graph-rand.bin ... OK (436905 nodes processed)

final/20/1: ['/Users/rmntim/Personal/ITMO/Semester5/OS-new/lab/intro-exp/out/graph_traverse_mmap', '--write', '5', '/Users/rmntim/Personal/ITMO/Semester5/OS-new/lab/intro-exp/out/graph-rand.bin']
Iteration 1/5 (write): traversing /Users/rmntim/Personal/ITMO/Semester5/OS-new/lab/intro-exp/out/graph-rand.bin ... OK (436905 nodes processed)
Iteration 2/5 (write): traversing /Users/rmntim/Personal/ITMO/Semester5/OS-new/lab/intro-exp/out/graph-rand.bin ... OK (436905 nodes processed)
Iteration 3/5 (write): traversing /Users/rmntim/Personal/ITMO/Semester5/OS-new/lab/intro-exp/out/graph-rand.bin ... OK (436905 nodes processed)
Iteration 4/5 (write): traversing /Users/rmntim/Personal/ITMO/Semester5/OS-new/lab/intro-exp/out/graph-rand.bin ... OK (436905 nodes processed)
Iteration 5/5 (write): traversing /Users/rmntim/Personal/ITMO/Semester5/OS-new/lab/intro-exp/out/graph-rand.bin ... OK (436905 nodes processed)

final/20/2: ['/Users/rmntim/Personal/ITMO/Semester5/OS-new/lab/intro-exp/out/graph_traverse', '5', '/Users/rmntim/Personal/ITMO/Semester5/OS-new/lab/intro-exp/out/graph-rand.bin']
Iteration 1/5 (read): traversing /Users/rmntim/Personal/ITMO/Semester5/OS-new/lab/intro-exp/out/graph-rand.bin ... OK (436905 nodes processed)
Iteration 2/5 (read): traversing /Users/rmntim/Personal/ITMO/Semester5/OS-new/lab/intro-exp/out/graph-rand.bin ... OK (436905 nodes processed)
Iteration 3/5 (read): traversing /Users/rmntim/Personal/ITMO/Semester5/OS-new/lab/intro-exp/out/graph-rand.bin ... OK (436905 nodes processed)
Iteration 4/5 (read): traversing /Users/rmntim/Personal/ITMO/Semester5/OS-new/lab/intro-exp/out/graph-rand.bin ... OK (436905 nodes processed)
Iteration 5/5 (read): traversing /Users/rmntim/Personal/ITMO/Semester5/OS-new/lab/intro-exp/out/graph-rand.bin ... OK (436905 nodes processed)

final/20/3: ['/Users/rmntim/Personal/ITMO/Semester5/OS-new/lab/intro-exp/out/graph_traverse', '--write', '5', '/Users/rmntim/Personal/ITMO/Semester5/OS-new/lab/intro-exp/out/graph-rand.bin']
Iteration 1/5 (write): traversing /Users/rmntim/Personal/ITMO/Semester5/OS-new/lab/intro-exp/out/graph-rand.bin ... OK (436905 nodes processed)
Iteration 2/5 (write): traversing /Users/rmntim/Personal/ITMO/Semester5/OS-new/lab/intro-exp/out/graph-rand.bin ... OK (436905 nodes processed)
Iteration 3/5 (write): traversing /Users/rmntim/Personal/ITMO/Semester5/OS-new/lab/intro-exp/out/graph-rand.bin ... OK (436905 nodes processed)
Iteration 4/5 (write): traversing /Users/rmntim/Personal/ITMO/Semester5/OS-new/lab/intro-exp/out/graph-rand.bin ... OK (436905 nodes processed)
Iteration 5/5 (write): traversing /Users/rmntim/Personal/ITMO/Semester5/OS-new/lab/intro-exp/out/graph-rand.bin ... OK (436905 nodes processed)

final/20/4: ['/Users/rmntim/Personal/ITMO/Semester5/OS-new/lab/intro-exp/out/graph_traverse_mmap', '5', '/Users/rmntim/Personal/ITMO/Semester5/OS-new/lab/intro-exp/out/graph-rand.bin']
Iteration 1/5 (read): traversing /Users/rmntim/Personal/ITMO/Semester5/OS-new/lab/intro-exp/out/graph-rand.bin ... OK (436905 nodes processed)
Iteration 2/5 (read): traversing /Users/rmntim/Personal/ITMO/Semester5/OS-new/lab/intro-exp/out/graph-rand.bin ... OK (436905 nodes processed)
Iteration 3/5 (read): traversing /Users/rmntim/Personal/ITMO/Semester5/OS-new/lab/intro-exp/out/graph-rand.bin ... OK (436905 nodes processed)
Iteration 4/5 (read): traversing /Users/rmntim/Personal/ITMO/Semester5/OS-new/lab/intro-exp/out/graph-rand.bin ... OK (436905 nodes processed)
Iteration 5/5 (read): traversing /Users/rmntim/Personal/ITMO/Semester5/OS-new/lab/intro-exp/out/graph-rand.bin ... OK (436905 nodes processed)

final/21/1: ['/Users/rmntim/Personal/ITMO/Semester5/OS-new/lab/intro-exp/out/graph_traverse_mmap', '--write', '5', '/Users/rmntim/Personal/ITMO/Semester5/OS-new/lab/intro-exp/out/graph-rand.bin']
Iteration 1/5 (write): traversing /Users/rmntim/Personal/ITMO/Semester5/OS-new/lab/intro-exp/out/graph-rand.bin ... OK (436905 nodes processed)
Iteration 2/5 (write): traversing /Users/rmntim/Personal/ITMO/Semester5/OS-new/lab/intro-exp/out/graph-rand.bin ... OK (436905 nodes processed)
Iteration 3/5 (write): traversing /Users/rmntim/Personal/ITMO/Semester5/OS-new/lab/intro-exp/out/graph-rand.bin ... OK (436905 nodes processed)
Iteration 4/5 (write): traversing /Users/rmntim/Personal/ITMO/Semester5/OS-new/lab/intro-exp/out/graph-rand.bin ... OK (436905 nodes processed)
Iteration 5/5 (write): traversing /Users/rmntim/Personal/ITMO/Semester5/OS-new/lab/intro-exp/out/graph-rand.bin ... OK (436905 nodes processed)

final/21/2: ['/Users/rmntim/Personal/ITMO/Semester5/OS-new/lab/intro-exp/out/graph_traverse', '5', '/Users/rmntim/Personal/ITMO/Semester5/OS-new/lab/intro-exp/out/graph-rand.bin']
Iteration 1/5 (read): traversing /Users/rmntim/Personal/ITMO/Semester5/OS-new/lab/intro-exp/out/graph-rand.bin ... OK (436905 nodes processed)
Iteration 2/5 (read): traversing /Users/rmntim/Personal/ITMO/Semester5/OS-new/lab/intro-exp/out/graph-rand.bin ... OK (436905 nodes processed)
Iteration 3/5 (read): traversing /Users/rmntim/Personal/ITMO/Semester5/OS-new/lab/intro-exp/out/graph-rand.bin ... OK (436905 nodes processed)
Iteration 4/5 (read): traversing /Users/rmntim/Personal/ITMO/Semester5/OS-new/lab/intro-exp/out/graph-rand.bin ... OK (436905 nodes processed)
Iteration 5/5 (read): traversing /Users/rmntim/Personal/ITMO/Semester5/OS-new/lab/intro-exp/out/graph-rand.bin ... OK (436905 nodes processed)

final/21/3: ['/Users/rmntim/Personal/ITMO/Semester5/OS-new/lab/intro-exp/out/graph_traverse', '--write', '5', '/Users/rmntim/Personal/ITMO/Semester5/OS-new/lab/intro-exp/out/graph-rand.bin']
Iteration 1/5 (write): traversing /Users/rmntim/Personal/ITMO/Semester5/OS-new/lab/intro-exp/out/graph-rand.bin ... OK (436905 nodes processed)
Iteration 2/5 (write): traversing /Users/rmntim/Personal/ITMO/Semester5/OS-new/lab/intro-exp/out/graph-rand.bin ... OK (436905 nodes processed)
Iteration 3/5 (write): traversing /Users/rmntim/Personal/ITMO/Semester5/OS-new/lab/intro-exp/out/graph-rand.bin ... OK (436905 nodes processed)
Iteration 4/5 (write): traversing /Users/rmntim/Personal/ITMO/Semester5/OS-new/lab/intro-exp/out/graph-rand.bin ... OK (436905 nodes processed)
Iteration 5/5 (write): traversing /Users/rmntim/Personal/ITMO/Semester5/OS-new/lab/intro-exp/out/graph-rand.bin ... OK (436905 nodes processed)

final/21/4: ['/Users/rmntim/Personal/ITMO/Semester5/OS-new/lab/intro-exp/out/graph_traverse_mmap', '5', '/Users/rmntim/Personal/ITMO/Semester5/OS-new/lab/intro-exp/out/graph-rand.bin']
Iteration 1/5 (read): traversing /Users/rmntim/Personal/ITMO/Semester5/OS-new/lab/intro-exp/out/graph-rand.bin ... OK (436905 nodes processed)
Iteration 2/5 (read): traversing /Users/rmntim/Personal/ITMO/Semester5/OS-new/lab/intro-exp/out/graph-rand.bin ... OK (436905 nodes processed)
Iteration 3/5 (read): traversing /Users/rmntim/Personal/ITMO/Semester5/OS-new/lab/intro-exp/out/graph-rand.bin ... OK (436905 nodes processed)
Iteration 4/5 (read): traversing /Users/rmntim/Personal/ITMO/Semester5/OS-new/lab/intro-exp/out/graph-rand.bin ... OK (436905 nodes processed)
Iteration 5/5 (read): traversing /Users/rmntim/Personal/ITMO/Semester5/OS-new/lab/intro-exp/out/graph-rand.bin ... OK (436905 nodes processed)

final/22/1: ['/Users/rmntim/Personal/ITMO/Semester5/OS-new/lab/intro-exp/out/graph_traverse_mmap', '--write', '5', '/Users/rmntim/Personal/ITMO/Semester5/OS-new/lab/intro-exp/out/graph-rand.bin']
Iteration 1/5 (write): traversing /Users/rmntim/Personal/ITMO/Semester5/OS-new/lab/intro-exp/out/graph-rand.bin ... OK (436905 nodes processed)
Iteration 2/5 (write): traversing /Users/rmntim/Personal/ITMO/Semester5/OS-new/lab/intro-exp/out/graph-rand.bin ... OK (436905 nodes processed)
Iteration 3/5 (write): traversing /Users/rmntim/Personal/ITMO/Semester5/OS-new/lab/intro-exp/out/graph-rand.bin ... OK (436905 nodes processed)
Iteration 4/5 (write): traversing /Users/rmntim/Personal/ITMO/Semester5/OS-new/lab/intro-exp/out/graph-rand.bin ... OK (436905 nodes processed)
Iteration 5/5 (write): traversing /Users/rmntim/Personal/ITMO/Semester5/OS-new/lab/intro-exp/out/graph-rand.bin ... OK (436905 nodes processed)

final/22/2: ['/Users/rmntim/Personal/ITMO/Semester5/OS-new/lab/intro-exp/out/graph_traverse', '--write', '5', '/Users/rmntim/Personal/ITMO/Semester5/OS-new/lab/intro-exp/out/graph-rand.bin']
Iteration 1/5 (write): traversing /Users/rmntim/Personal/ITMO/Semester5/OS-new/lab/intro-exp/out/graph-rand.bin ... OK (436905 nodes processed)
Iteration 2/5 (write): traversing /Users/rmntim/Personal/ITMO/Semester5/OS-new/lab/intro-exp/out/graph-rand.bin ... OK (436905 nodes processed)
Iteration 3/5 (write): traversing /Users/rmntim/Personal/ITMO/Semester5/OS-new/lab/intro-exp/out/graph-rand.bin ... OK (436905 nodes processed)
Iteration 4/5 (write): traversing /Users/rmntim/Personal/ITMO/Semester5/OS-new/lab/intro-exp/out/graph-rand.bin ... OK (436905 nodes processed)
Iteration 5/5 (write): traversing /Users/rmntim/Personal/ITMO/Semester5/OS-new/lab/intro-exp/out/graph-rand.bin ... OK (436905 nodes processed)

final/22/3: ['/Users/rmntim/Personal/ITMO/Semester5/OS-new/lab/intro-exp/out/graph_traverse', '5', '/Users/rmntim/Personal/ITMO/Semester5/OS-new/lab/intro-exp/out/graph-rand.bin']
Iteration 1/5 (read): traversing /Users/rmntim/Personal/ITMO/Semester5/OS-new/lab/intro-exp/out/graph-rand.bin ... OK (436905 nodes processed)
Iteration 2/5 (read): traversing /Users/rmntim/Personal/ITMO/Semester5/OS-new/lab/intro-exp/out/graph-rand.bin ... OK (436905 nodes processed)
Iteration 3/5 (read): traversing /Users/rmntim/Personal/ITMO/Semester5/OS-new/lab/intro-exp/out/graph-rand.bin ... OK (436905 nodes processed)
Iteration 4/5 (read): traversing /Users/rmntim/Personal/ITMO/Semester5/OS-new/lab/intro-exp/out/graph-rand.bin ... OK (436905 nodes processed)
Iteration 5/5 (read): traversing /Users/rmntim/Personal/ITMO/Semester5/OS-new/lab/intro-exp/out/graph-rand.bin ... OK (436905 nodes processed)

final/22/4: ['/Users/rmntim/Personal/ITMO/Semester5/OS-new/lab/intro-exp/out/graph_traverse_mmap', '5', '/Users/rmntim/Personal/ITMO/Semester5/OS-new/lab/intro-exp/out/graph-rand.bin']
Iteration 1/5 (read): traversing /Users/rmntim/Personal/ITMO/Semester5/OS-new/lab/intro-exp/out/graph-rand.bin ... OK (436905 nodes processed)
Iteration 2/5 (read): traversing /Users/rmntim/Personal/ITMO/Semester5/OS-new/lab/intro-exp/out/graph-rand.bin ... OK (436905 nodes processed)
Iteration 3/5 (read): traversing /Users/rmntim/Personal/ITMO/Semester5/OS-new/lab/intro-exp/out/graph-rand.bin ... OK (436905 nodes processed)
Iteration 4/5 (read): traversing /Users/rmntim/Personal/ITMO/Semester5/OS-new/lab/intro-exp/out/graph-rand.bin ... OK (436905 nodes processed)
Iteration 5/5 (read): traversing /Users/rmntim/Personal/ITMO/Semester5/OS-new/lab/intro-exp/out/graph-rand.bin ... OK (436905 nodes processed)

final/23/1: ['/Users/rmntim/Personal/ITMO/Semester5/OS-new/lab/intro-exp/out/graph_traverse', '5', '/Users/rmntim/Personal/ITMO/Semester5/OS-new/lab/intro-exp/out/graph-rand.bin']
Iteration 1/5 (read): traversing /Users/rmntim/Personal/ITMO/Semester5/OS-new/lab/intro-exp/out/graph-rand.bin ... OK (436905 nodes processed)
Iteration 2/5 (read): traversing /Users/rmntim/Personal/ITMO/Semester5/OS-new/lab/intro-exp/out/graph-rand.bin ... OK (436905 nodes processed)
Iteration 3/5 (read): traversing /Users/rmntim/Personal/ITMO/Semester5/OS-new/lab/intro-exp/out/graph-rand.bin ... OK (436905 nodes processed)
Iteration 4/5 (read): traversing /Users/rmntim/Personal/ITMO/Semester5/OS-new/lab/intro-exp/out/graph-rand.bin ... OK (436905 nodes processed)
Iteration 5/5 (read): traversing /Users/rmntim/Personal/ITMO/Semester5/OS-new/lab/intro-exp/out/graph-rand.bin ... OK (436905 nodes processed)

final/23/2: ['/Users/rmntim/Personal/ITMO/Semester5/OS-new/lab/intro-exp/out/graph_traverse', '--write', '5', '/Users/rmntim/Personal/ITMO/Semester5/OS-new/lab/intro-exp/out/graph-rand.bin']
Iteration 1/5 (write): traversing /Users/rmntim/Personal/ITMO/Semester5/OS-new/lab/intro-exp/out/graph-rand.bin ... OK (436905 nodes processed)
Iteration 2/5 (write): traversing /Users/rmntim/Personal/ITMO/Semester5/OS-new/lab/intro-exp/out/graph-rand.bin ... OK (436905 nodes processed)
Iteration 3/5 (write): traversing /Users/rmntim/Personal/ITMO/Semester5/OS-new/lab/intro-exp/out/graph-rand.bin ... OK (436905 nodes processed)
Iteration 4/5 (write): traversing /Users/rmntim/Personal/ITMO/Semester5/OS-new/lab/intro-exp/out/graph-rand.bin ... OK (436905 nodes processed)
Iteration 5/5 (write): traversing /Users/rmntim/Personal/ITMO/Semester5/OS-new/lab/intro-exp/out/graph-rand.bin ... OK (436905 nodes processed)

final/23/3: ['/Users/rmntim/Personal/ITMO/Semester5/OS-new/lab/intro-exp/out/graph_traverse_mmap', '--write', '5', '/Users/rmntim/Personal/ITMO/Semester5/OS-new/lab/intro-exp/out/graph-rand.bin']
Iteration 1/5 (write): traversing /Users/rmntim/Personal/ITMO/Semester5/OS-new/lab/intro-exp/out/graph-rand.bin ... OK (436905 nodes processed)
Iteration 2/5 (write): traversing /Users/rmntim/Personal/ITMO/Semester5/OS-new/lab/intro-exp/out/graph-rand.bin ... OK (436905 nodes processed)
Iteration 3/5 (write): traversing /Users/rmntim/Personal/ITMO/Semester5/OS-new/lab/intro-exp/out/graph-rand.bin ... OK (436905 nodes processed)
Iteration 4/5 (write): traversing /Users/rmntim/Personal/ITMO/Semester5/OS-new/lab/intro-exp/out/graph-rand.bin ... OK (436905 nodes processed)
Iteration 5/5 (write): traversing /Users/rmntim/Personal/ITMO/Semester5/OS-new/lab/intro-exp/out/graph-rand.bin ... OK (436905 nodes processed)

final/23/4: ['/Users/rmntim/Personal/ITMO/Semester5/OS-new/lab/intro-exp/out/graph_traverse_mmap', '5', '/Users/rmntim/Personal/ITMO/Semester5/OS-new/lab/intro-exp/out/graph-rand.bin']
Iteration 1/5 (read): traversing /Users/rmntim/Personal/ITMO/Semester5/OS-new/lab/intro-exp/out/graph-rand.bin ... OK (436905 nodes processed)
Iteration 2/5 (read): traversing /Users/rmntim/Personal/ITMO/Semester5/OS-new/lab/intro-exp/out/graph-rand.bin ... OK (436905 nodes processed)
Iteration 3/5 (read): traversing /Users/rmntim/Personal/ITMO/Semester5/OS-new/lab/intro-exp/out/graph-rand.bin ... OK (436905 nodes processed)
Iteration 4/5 (read): traversing /Users/rmntim/Personal/ITMO/Semester5/OS-new/lab/intro-exp/out/graph-rand.bin ... OK (436905 nodes processed)
Iteration 5/5 (read): traversing /Users/rmntim/Personal/ITMO/Semester5/OS-new/lab/intro-exp/out/graph-rand.bin ... OK (436905 nodes processed)

final/24/1: ['/Users/rmntim/Personal/ITMO/Semester5/OS-new/lab/intro-exp/out/graph_traverse_mmap', '--write', '5', '/Users/rmntim/Personal/ITMO/Semester5/OS-new/lab/intro-exp/out/graph-rand.bin']
Iteration 1/5 (write): traversing /Users/rmntim/Personal/ITMO/Semester5/OS-new/lab/intro-exp/out/graph-rand.bin ... OK (436905 nodes processed)
Iteration 2/5 (write): traversing /Users/rmntim/Personal/ITMO/Semester5/OS-new/lab/intro-exp/out/graph-rand.bin ... OK (436905 nodes processed)
Iteration 3/5 (write): traversing /Users/rmntim/Personal/ITMO/Semester5/OS-new/lab/intro-exp/out/graph-rand.bin ... OK (436905 nodes processed)
Iteration 4/5 (write): traversing /Users/rmntim/Personal/ITMO/Semester5/OS-new/lab/intro-exp/out/graph-rand.bin ... OK (436905 nodes processed)
Iteration 5/5 (write): traversing /Users/rmntim/Personal/ITMO/Semester5/OS-new/lab/intro-exp/out/graph-rand.bin ... OK (436905 nodes processed)

final/24/2: ['/Users/rmntim/Personal/ITMO/Semester5/OS-new/lab/intro-exp/out/graph_traverse_mmap', '5', '/Users/rmntim/Personal/ITMO/Semester5/OS-new/lab/intro-exp/out/graph-rand.bin']
Iteration 1/5 (read): traversing /Users/rmntim/Personal/ITMO/Semester5/OS-new/lab/intro-exp/out/graph-rand.bin ... OK (436905 nodes processed)
Iteration 2/5 (read): traversing /Users/rmntim/Personal/ITMO/Semester5/OS-new/lab/intro-exp/out/graph-rand.bin ... OK (436905 nodes processed)
Iteration 3/5 (read): traversing /Users/rmntim/Personal/ITMO/Semester5/OS-new/lab/intro-exp/out/graph-rand.bin ... OK (436905 nodes processed)
Iteration 4/5 (read): traversing /Users/rmntim/Personal/ITMO/Semester5/OS-new/lab/intro-exp/out/graph-rand.bin ... OK (436905 nodes processed)
Iteration 5/5 (read): traversing /Users/rmntim/Personal/ITMO/Semester5/OS-new/lab/intro-exp/out/graph-rand.bin ... OK (436905 nodes processed)

final/24/3: ['/Users/rmntim/Personal/ITMO/Semester5/OS-new/lab/intro-exp/out/graph_traverse', '5', '/Users/rmntim/Personal/ITMO/Semester5/OS-new/lab/intro-exp/out/graph-rand.bin']
Iteration 1/5 (read): traversing /Users/rmntim/Personal/ITMO/Semester5/OS-new/lab/intro-exp/out/graph-rand.bin ... OK (436905 nodes processed)
Iteration 2/5 (read): traversing /Users/rmntim/Personal/ITMO/Semester5/OS-new/lab/intro-exp/out/graph-rand.bin ... OK (436905 nodes processed)
Iteration 3/5 (read): traversing /Users/rmntim/Personal/ITMO/Semester5/OS-new/lab/intro-exp/out/graph-rand.bin ... OK (436905 nodes processed)
Iteration 4/5 (read): traversing /Users/rmntim/Personal/ITMO/Semester5/OS-new/lab/intro-exp/out/graph-rand.bin ... OK (436905 nodes processed)
Iteration 5/5 (read): traversing /Users/rmntim/Personal/ITMO/Semester5/OS-new/lab/intro-exp/out/graph-rand.bin ... OK (436905 nodes processed)

final/24/4: ['/Users/rmntim/Personal/ITMO/Semester5/OS-new/lab/intro-exp/out/graph_traverse', '--write', '5', '/Users/rmntim/Personal/ITMO/Semester5/OS-new/lab/intro-exp/out/graph-rand.bin']
Iteration 1/5 (write): traversing /Users/rmntim/Personal/ITMO/Semester5/OS-new/lab/intro-exp/out/graph-rand.bin ... OK (436905 nodes processed)
Iteration 2/5 (write): traversing /Users/rmntim/Personal/ITMO/Semester5/OS-new/lab/intro-exp/out/graph-rand.bin ... OK (436905 nodes processed)
Iteration 3/5 (write): traversing /Users/rmntim/Personal/ITMO/Semester5/OS-new/lab/intro-exp/out/graph-rand.bin ... OK (436905 nodes processed)
Iteration 4/5 (write): traversing /Users/rmntim/Personal/ITMO/Semester5/OS-new/lab/intro-exp/out/graph-rand.bin ... OK (436905 nodes processed)
Iteration 5/5 (write): traversing /Users/rmntim/Personal/ITMO/Semester5/OS-new/lab/intro-exp/out/graph-rand.bin ... OK (436905 nodes processed)

final/25/1: ['/Users/rmntim/Personal/ITMO/Semester5/OS-new/lab/intro-exp/out/graph_traverse_mmap', '--write', '5', '/Users/rmntim/Personal/ITMO/Semester5/OS-new/lab/intro-exp/out/graph-rand.bin']
Iteration 1/5 (write): traversing /Users/rmntim/Personal/ITMO/Semester5/OS-new/lab/intro-exp/out/graph-rand.bin ... OK (436905 nodes processed)
Iteration 2/5 (write): traversing /Users/rmntim/Personal/ITMO/Semester5/OS-new/lab/intro-exp/out/graph-rand.bin ... OK (436905 nodes processed)
Iteration 3/5 (write): traversing /Users/rmntim/Personal/ITMO/Semester5/OS-new/lab/intro-exp/out/graph-rand.bin ... OK (436905 nodes processed)
Iteration 4/5 (write): traversing /Users/rmntim/Personal/ITMO/Semester5/OS-new/lab/intro-exp/out/graph-rand.bin ... OK (436905 nodes processed)
Iteration 5/5 (write): traversing /Users/rmntim/Personal/ITMO/Semester5/OS-new/lab/intro-exp/out/graph-rand.bin ... OK (436905 nodes processed)

final/25/2: ['/Users/rmntim/Personal/ITMO/Semester5/OS-new/lab/intro-exp/out/graph_traverse', '--write', '5', '/Users/rmntim/Personal/ITMO/Semester5/OS-new/lab/intro-exp/out/graph-rand.bin']
Iteration 1/5 (write): traversing /Users/rmntim/Personal/ITMO/Semester5/OS-new/lab/intro-exp/out/graph-rand.bin ... OK (436905 nodes processed)
Iteration 2/5 (write): traversing /Users/rmntim/Personal/ITMO/Semester5/OS-new/lab/intro-exp/out/graph-rand.bin ... OK (436905 nodes processed)
Iteration 3/5 (write): traversing /Users/rmntim/Personal/ITMO/Semester5/OS-new/lab/intro-exp/out/graph-rand.bin ... OK (436905 nodes processed)
Iteration 4/5 (write): traversing /Users/rmntim/Personal/ITMO/Semester5/OS-new/lab/intro-exp/out/graph-rand.bin ... OK (436905 nodes processed)
Iteration 5/5 (write): traversing /Users/rmntim/Personal/ITMO/Semester5/OS-new/lab/intro-exp/out/graph-rand.bin ... OK (436905 nodes processed)

final/25/3: ['/Users/rmntim/Personal/ITMO/Semester5/OS-new/lab/intro-exp/out/graph_traverse', '5', '/Users/rmntim/Personal/ITMO/Semester5/OS-new/lab/intro-exp/out/graph-rand.bin']
Iteration 1/5 (read): traversing /Users/rmntim/Personal/ITMO/Semester5/OS-new/lab/intro-exp/out/graph-rand.bin ... OK (436905 nodes processed)
Iteration 2/5 (read): traversing /Users/rmntim/Personal/ITMO/Semester5/OS-new/lab/intro-exp/out/graph-rand.bin ... OK (436905 nodes processed)
Iteration 3/5 (read): traversing /Users/rmntim/Personal/ITMO/Semester5/OS-new/lab/intro-exp/out/graph-rand.bin ... OK (436905 nodes processed)
Iteration 4/5 (read): traversing /Users/rmntim/Personal/ITMO/Semester5/OS-new/lab/intro-exp/out/graph-rand.bin ... OK (436905 nodes processed)
Iteration 5/5 (read): traversing /Users/rmntim/Personal/ITMO/Semester5/OS-new/lab/intro-exp/out/graph-rand.bin ... OK (436905 nodes processed)

final/25/4: ['/Users/rmntim/Personal/ITMO/Semester5/OS-new/lab/intro-exp/out/graph_traverse_mmap', '5', '/Users/rmntim/Personal/ITMO/Semester5/OS-new/lab/intro-exp/out/graph-rand.bin']
Iteration 1/5 (read): traversing /Users/rmntim/Personal/ITMO/Semester5/OS-new/lab/intro-exp/out/graph-rand.bin ... OK (436905 nodes processed)
Iteration 2/5 (read): traversing /Users/rmntim/Personal/ITMO/Semester5/OS-new/lab/intro-exp/out/graph-rand.bin ... OK (436905 nodes processed)
Iteration 3/5 (read): traversing /Users/rmntim/Personal/ITMO/Semester5/OS-new/lab/intro-exp/out/graph-rand.bin ... OK (436905 nodes processed)
Iteration 4/5 (read): traversing /Users/rmntim/Personal/ITMO/Semester5/OS-new/lab/intro-exp/out/graph-rand.bin ... OK (436905 nodes processed)
Iteration 5/5 (read): traversing /Users/rmntim/Personal/ITMO/Semester5/OS-new/lab/intro-exp/out/graph-rand.bin ... OK (436905 nodes processed)

final/26/1: ['/Users/rmntim/Personal/ITMO/Semester5/OS-new/lab/intro-exp/out/graph_traverse_mmap', '5', '/Users/rmntim/Personal/ITMO/Semester5/OS-new/lab/intro-exp/out/graph-rand.bin']
Iteration 1/5 (read): traversing /Users/rmntim/Personal/ITMO/Semester5/OS-new/lab/intro-exp/out/graph-rand.bin ... OK (436905 nodes processed)
Iteration 2/5 (read): traversing /Users/rmntim/Personal/ITMO/Semester5/OS-new/lab/intro-exp/out/graph-rand.bin ... OK (436905 nodes processed)
Iteration 3/5 (read): traversing /Users/rmntim/Personal/ITMO/Semester5/OS-new/lab/intro-exp/out/graph-rand.bin ... OK (436905 nodes processed)
Iteration 4/5 (read): traversing /Users/rmntim/Personal/ITMO/Semester5/OS-new/lab/intro-exp/out/graph-rand.bin ... OK (436905 nodes processed)
Iteration 5/5 (read): traversing /Users/rmntim/Personal/ITMO/Semester5/OS-new/lab/intro-exp/out/graph-rand.bin ... OK (436905 nodes processed)

final/26/2: ['/Users/rmntim/Personal/ITMO/Semester5/OS-new/lab/intro-exp/out/graph_traverse_mmap', '--write', '5', '/Users/rmntim/Personal/ITMO/Semester5/OS-new/lab/intro-exp/out/graph-rand.bin']
Iteration 1/5 (write): traversing /Users/rmntim/Personal/ITMO/Semester5/OS-new/lab/intro-exp/out/graph-rand.bin ... OK (436905 nodes processed)
Iteration 2/5 (write): traversing /Users/rmntim/Personal/ITMO/Semester5/OS-new/lab/intro-exp/out/graph-rand.bin ... OK (436905 nodes processed)
Iteration 3/5 (write): traversing /Users/rmntim/Personal/ITMO/Semester5/OS-new/lab/intro-exp/out/graph-rand.bin ... OK (436905 nodes processed)
Iteration 4/5 (write): traversing /Users/rmntim/Personal/ITMO/Semester5/OS-new/lab/intro-exp/out/graph-rand.bin ... OK (436905 nodes processed)
Iteration 5/5 (write): traversing /Users/rmntim/Personal/ITMO/Semester5/OS-new/lab/intro-exp/out/graph-rand.bin ... OK (436905 nodes processed)

final/26/3: ['/Users/rmntim/Personal/ITMO/Semester5/OS-new/lab/intro-exp/out/graph_traverse', '5', '/Users/rmntim/Personal/ITMO/Semester5/OS-new/lab/intro-exp/out/graph-rand.bin']
Iteration 1/5 (read): traversing /Users/rmntim/Personal/ITMO/Semester5/OS-new/lab/intro-exp/out/graph-rand.bin ... OK (436905 nodes processed)
Iteration 2/5 (read): traversing /Users/rmntim/Personal/ITMO/Semester5/OS-new/lab/intro-exp/out/graph-rand.bin ... OK (436905 nodes processed)
Iteration 3/5 (read): traversing /Users/rmntim/Personal/ITMO/Semester5/OS-new/lab/intro-exp/out/graph-rand.bin ... OK (436905 nodes processed)
Iteration 4/5 (read): traversing /Users/rmntim/Personal/ITMO/Semester5/OS-new/lab/intro-exp/out/graph-rand.bin ... OK (436905 nodes processed)
Iteration 5/5 (read): traversing /Users/rmntim/Personal/ITMO/Semester5/OS-new/lab/intro-exp/out/graph-rand.bin ... OK (436905 nodes processed)

final/26/4: ['/Users/rmntim/Personal/ITMO/Semester5/OS-new/lab/intro-exp/out/graph_traverse', '--write', '5', '/Users/rmntim/Personal/ITMO/Semester5/OS-new/lab/intro-exp/out/graph-rand.bin']
Iteration 1/5 (write): traversing /Users/rmntim/Personal/ITMO/Semester5/OS-new/lab/intro-exp/out/graph-rand.bin ... OK (436905 nodes processed)
Iteration 2/5 (write): traversing /Users/rmntim/Personal/ITMO/Semester5/OS-new/lab/intro-exp/out/graph-rand.bin ... OK (436905 nodes processed)
Iteration 3/5 (write): traversing /Users/rmntim/Personal/ITMO/Semester5/OS-new/lab/intro-exp/out/graph-rand.bin ... OK (436905 nodes processed)
Iteration 4/5 (write): traversing /Users/rmntim/Personal/ITMO/Semester5/OS-new/lab/intro-exp/out/graph-rand.bin ... OK (436905 nodes processed)
Iteration 5/5 (write): traversing /Users/rmntim/Personal/ITMO/Semester5/OS-new/lab/intro-exp/out/graph-rand.bin ... OK (436905 nodes processed)

final/27/1: ['/Users/rmntim/Personal/ITMO/Semester5/OS-new/lab/intro-exp/out/graph_traverse', '5', '/Users/rmntim/Personal/ITMO/Semester5/OS-new/lab/intro-exp/out/graph-rand.bin']
Iteration 1/5 (read): traversing /Users/rmntim/Personal/ITMO/Semester5/OS-new/lab/intro-exp/out/graph-rand.bin ... OK (436905 nodes processed)
Iteration 2/5 (read): traversing /Users/rmntim/Personal/ITMO/Semester5/OS-new/lab/intro-exp/out/graph-rand.bin ... OK (436905 nodes processed)
Iteration 3/5 (read): traversing /Users/rmntim/Personal/ITMO/Semester5/OS-new/lab/intro-exp/out/graph-rand.bin ... OK (436905 nodes processed)
Iteration 4/5 (read): traversing /Users/rmntim/Personal/ITMO/Semester5/OS-new/lab/intro-exp/out/graph-rand.bin ... OK (436905 nodes processed)
Iteration 5/5 (read): traversing /Users/rmntim/Personal/ITMO/Semester5/OS-new/lab/intro-exp/out/graph-rand.bin ... OK (436905 nodes processed)

final/27/2: ['/Users/rmntim/Personal/ITMO/Semester5/OS-new/lab/intro-exp/out/graph_traverse_mmap', '5', '/Users/rmntim/Personal/ITMO/Semester5/OS-new/lab/intro-exp/out/graph-rand.bin']
Iteration 1/5 (read): traversing /Users/rmntim/Personal/ITMO/Semester5/OS-new/lab/intro-exp/out/graph-rand.bin ... OK (436905 nodes processed)
Iteration 2/5 (read): traversing /Users/rmntim/Personal/ITMO/Semester5/OS-new/lab/intro-exp/out/graph-rand.bin ... OK (436905 nodes processed)
Iteration 3/5 (read): traversing /Users/rmntim/Personal/ITMO/Semester5/OS-new/lab/intro-exp/out/graph-rand.bin ... OK (436905 nodes processed)
Iteration 4/5 (read): traversing /Users/rmntim/Personal/ITMO/Semester5/OS-new/lab/intro-exp/out/graph-rand.bin ... OK (436905 nodes processed)
Iteration 5/5 (read): traversing /Users/rmntim/Personal/ITMO/Semester5/OS-new/lab/intro-exp/out/graph-rand.bin ... OK (436905 nodes processed)

final/27/3: ['/Users/rmntim/Personal/ITMO/Semester5/OS-new/lab/intro-exp/out/graph_traverse', '--write', '5', '/Users/rmntim/Personal/ITMO/Semester5/OS-new/lab/intro-exp/out/graph-rand.bin']
Iteration 1/5 (write): traversing /Users/rmntim/Personal/ITMO/Semester5/OS-new/lab/intro-exp/out/graph-rand.bin ... OK (436905 nodes processed)
Iteration 2/5 (write): traversing /Users/rmntim/Personal/ITMO/Semester5/OS-new/lab/intro-exp/out/graph-rand.bin ... OK (436905 nodes processed)
Iteration 3/5 (write): traversing /Users/rmntim/Personal/ITMO/Semester5/OS-new/lab/intro-exp/out/graph-rand.bin ... OK (436905 nodes processed)
Iteration 4/5 (write): traversing /Users/rmntim/Personal/ITMO/Semester5/OS-new/lab/intro-exp/out/graph-rand.bin ... OK (436905 nodes processed)
Iteration 5/5 (write): traversing /Users/rmntim/Personal/ITMO/Semester5/OS-new/lab/intro-exp/out/graph-rand.bin ... OK (436905 nodes processed)

final/27/4: ['/Users/rmntim/Personal/ITMO/Semester5/OS-new/lab/intro-exp/out/graph_traverse_mmap', '--write', '5', '/Users/rmntim/Personal/ITMO/Semester5/OS-new/lab/intro-exp/out/graph-rand.bin']
Iteration 1/5 (write): traversing /Users/rmntim/Personal/ITMO/Semester5/OS-new/lab/intro-exp/out/graph-rand.bin ... OK (436905 nodes processed)
Iteration 2/5 (write): traversing /Users/rmntim/Personal/ITMO/Semester5/OS-new/lab/intro-exp/out/graph-rand.bin ... OK (436905 nodes processed)
Iteration 3/5 (write): traversing /Users/rmntim/Personal/ITMO/Semester5/OS-new/lab/intro-exp/out/graph-rand.bin ... OK (436905 nodes processed)
Iteration 4/5 (write): traversing /Users/rmntim/Personal/ITMO/Semester5/OS-new/lab/intro-exp/out/graph-rand.bin ... OK (436905 nodes processed)
Iteration 5/5 (write): traversing /Users/rmntim/Personal/ITMO/Semester5/OS-new/lab/intro-exp/out/graph-rand.bin ... OK (436905 nodes processed)

final/28/1: ['/Users/rmntim/Personal/ITMO/Semester5/OS-new/lab/intro-exp/out/graph_traverse_mmap', '--write', '5', '/Users/rmntim/Personal/ITMO/Semester5/OS-new/lab/intro-exp/out/graph-rand.bin']
Iteration 1/5 (write): traversing /Users/rmntim/Personal/ITMO/Semester5/OS-new/lab/intro-exp/out/graph-rand.bin ... OK (436905 nodes processed)
Iteration 2/5 (write): traversing /Users/rmntim/Personal/ITMO/Semester5/OS-new/lab/intro-exp/out/graph-rand.bin ... OK (436905 nodes processed)
Iteration 3/5 (write): traversing /Users/rmntim/Personal/ITMO/Semester5/OS-new/lab/intro-exp/out/graph-rand.bin ... OK (436905 nodes processed)
Iteration 4/5 (write): traversing /Users/rmntim/Personal/ITMO/Semester5/OS-new/lab/intro-exp/out/graph-rand.bin ... OK (436905 nodes processed)
Iteration 5/5 (write): traversing /Users/rmntim/Personal/ITMO/Semester5/OS-new/lab/intro-exp/out/graph-rand.bin ... OK (436905 nodes processed)

final/28/2: ['/Users/rmntim/Personal/ITMO/Semester5/OS-new/lab/intro-exp/out/graph_traverse', '5', '/Users/rmntim/Personal/ITMO/Semester5/OS-new/lab/intro-exp/out/graph-rand.bin']
Iteration 1/5 (read): traversing /Users/rmntim/Personal/ITMO/Semester5/OS-new/lab/intro-exp/out/graph-rand.bin ... OK (436905 nodes processed)
Iteration 2/5 (read): traversing /Users/rmntim/Personal/ITMO/Semester5/OS-new/lab/intro-exp/out/graph-rand.bin ... OK (436905 nodes processed)
Iteration 3/5 (read): traversing /Users/rmntim/Personal/ITMO/Semester5/OS-new/lab/intro-exp/out/graph-rand.bin ... OK (436905 nodes processed)
Iteration 4/5 (read): traversing /Users/rmntim/Personal/ITMO/Semester5/OS-new/lab/intro-exp/out/graph-rand.bin ... OK (436905 nodes processed)
Iteration 5/5 (read): traversing /Users/rmntim/Personal/ITMO/Semester5/OS-new/lab/intro-exp/out/graph-rand.bin ... OK (436905 nodes processed)

final/28/3: ['/Users/rmntim/Personal/ITMO/Semester5/OS-new/lab/intro-exp/out/graph_traverse_mmap', '5', '/Users/rmntim/Personal/ITMO/Semester5/OS-new/lab/intro-exp/out/graph-rand.bin']
Iteration 1/5 (read): traversing /Users/rmntim/Personal/ITMO/Semester5/OS-new/lab/intro-exp/out/graph-rand.bin ... OK (436905 nodes processed)
Iteration 2/5 (read): traversing /Users/rmntim/Personal/ITMO/Semester5/OS-new/lab/intro-exp/out/graph-rand.bin ... OK (436905 nodes processed)
Iteration 3/5 (read): traversing /Users/rmntim/Personal/ITMO/Semester5/OS-new/lab/intro-exp/out/graph-rand.bin ... OK (436905 nodes processed)
Iteration 4/5 (read): traversing /Users/rmntim/Personal/ITMO/Semester5/OS-new/lab/intro-exp/out/graph-rand.bin ... OK (436905 nodes processed)
Iteration 5/5 (read): traversing /Users/rmntim/Personal/ITMO/Semester5/OS-new/lab/intro-exp/out/graph-rand.bin ... OK (436905 nodes processed)

final/28/4: ['/Users/rmntim/Personal/ITMO/Semester5/OS-new/lab/intro-exp/out/graph_traverse', '--write', '5', '/Users/rmntim/Personal/ITMO/Semester5/OS-new/lab/intro-exp/out/graph-rand.bin']
Iteration 1/5 (write): traversing /Users/rmntim/Personal/ITMO/Semester5/OS-new/lab/intro-exp/out/graph-rand.bin ... OK (436905 nodes processed)
Iteration 2/5 (write): traversing /Users/rmntim/Personal/ITMO/Semester5/OS-new/lab/intro-exp/out/graph-rand.bin ... OK (436905 nodes processed)
Iteration 3/5 (write): traversing /Users/rmntim/Personal/ITMO/Semester5/OS-new/lab/intro-exp/out/graph-rand.bin ... OK (436905 nodes processed)
Iteration 4/5 (write): traversing /Users/rmntim/Personal/ITMO/Semester5/OS-new/lab/intro-exp/out/graph-rand.bin ... OK (436905 nodes processed)
Iteration 5/5 (write): traversing /Users/rmntim/Personal/ITMO/Semester5/OS-new/lab/intro-exp/out/graph-rand.bin ... OK (436905 nodes processed)

final/29/1: ['/Users/rmntim/Personal/ITMO/Semester5/OS-new/lab/intro-exp/out/graph_traverse_mmap', '5', '/Users/rmntim/Personal/ITMO/Semester5/OS-new/lab/intro-exp/out/graph-rand.bin']
Iteration 1/5 (read): traversing /Users/rmntim/Personal/ITMO/Semester5/OS-new/lab/intro-exp/out/graph-rand.bin ... OK (436905 nodes processed)
Iteration 2/5 (read): traversing /Users/rmntim/Personal/ITMO/Semester5/OS-new/lab/intro-exp/out/graph-rand.bin ... OK (436905 nodes processed)
Iteration 3/5 (read): traversing /Users/rmntim/Personal/ITMO/Semester5/OS-new/lab/intro-exp/out/graph-rand.bin ... OK (436905 nodes processed)
Iteration 4/5 (read): traversing /Users/rmntim/Personal/ITMO/Semester5/OS-new/lab/intro-exp/out/graph-rand.bin ... OK (436905 nodes processed)
Iteration 5/5 (read): traversing /Users/rmntim/Personal/ITMO/Semester5/OS-new/lab/intro-exp/out/graph-rand.bin ... OK (436905 nodes processed)

final/29/2: ['/Users/rmntim/Personal/ITMO/Semester5/OS-new/lab/intro-exp/out/graph_traverse', '--write', '5', '/Users/rmntim/Personal/ITMO/Semester5/OS-new/lab/intro-exp/out/graph-rand.bin']
Iteration 1/5 (write): traversing /Users/rmntim/Personal/ITMO/Semester5/OS-new/lab/intro-exp/out/graph-rand.bin ... OK (436905 nodes processed)
Iteration 2/5 (write): traversing /Users/rmntim/Personal/ITMO/Semester5/OS-new/lab/intro-exp/out/graph-rand.bin ... OK (436905 nodes processed)
Iteration 3/5 (write): traversing /Users/rmntim/Personal/ITMO/Semester5/OS-new/lab/intro-exp/out/graph-rand.bin ... OK (436905 nodes processed)
Iteration 4/5 (write): traversing /Users/rmntim/Personal/ITMO/Semester5/OS-new/lab/intro-exp/out/graph-rand.bin ... OK (436905 nodes processed)
Iteration 5/5 (write): traversing /Users/rmntim/Personal/ITMO/Semester5/OS-new/lab/intro-exp/out/graph-rand.bin ... OK (436905 nodes processed)

final/29/3: ['/Users/rmntim/Personal/ITMO/Semester5/OS-new/lab/intro-exp/out/graph_traverse', '5', '/Users/rmntim/Personal/ITMO/Semester5/OS-new/lab/intro-exp/out/graph-rand.bin']
Iteration 1/5 (read): traversing /Users/rmntim/Personal/ITMO/Semester5/OS-new/lab/intro-exp/out/graph-rand.bin ... OK (436905 nodes processed)
Iteration 2/5 (read): traversing /Users/rmntim/Personal/ITMO/Semester5/OS-new/lab/intro-exp/out/graph-rand.bin ... OK (436905 nodes processed)
Iteration 3/5 (read): traversing /Users/rmntim/Personal/ITMO/Semester5/OS-new/lab/intro-exp/out/graph-rand.bin ... OK (436905 nodes processed)
Iteration 4/5 (read): traversing /Users/rmntim/Personal/ITMO/Semester5/OS-new/lab/intro-exp/out/graph-rand.bin ... OK (436905 nodes processed)
Iteration 5/5 (read): traversing /Users/rmntim/Personal/ITMO/Semester5/OS-new/lab/intro-exp/out/graph-rand.bin ... OK (436905 nodes processed)

final/29/4: ['/Users/rmntim/Personal/ITMO/Semester5/OS-new/lab/intro-exp/out/graph_traverse_mmap', '--write', '5', '/Users/rmntim/Personal/ITMO/Semester5/OS-new/lab/intro-exp/out/graph-rand.bin']
Iteration 1/5 (write): traversing /Users/rmntim/Personal/ITMO/Semester5/OS-new/lab/intro-exp/out/graph-rand.bin ... OK (436905 nodes processed)
Iteration 2/5 (write): traversing /Users/rmntim/Personal/ITMO/Semester5/OS-new/lab/intro-exp/out/graph-rand.bin ... OK (436905 nodes processed)
Iteration 3/5 (write): traversing /Users/rmntim/Personal/ITMO/Semester5/OS-new/lab/intro-exp/out/graph-rand.bin ... OK (436905 nodes processed)
Iteration 4/5 (write): traversing /Users/rmntim/Personal/ITMO/Semester5/OS-new/lab/intro-exp/out/graph-rand.bin ... OK (436905 nodes processed)
Iteration 5/5 (write): traversing /Users/rmntim/Personal/ITMO/Semester5/OS-new/lab/intro-exp/out/graph-rand.bin ... OK (436905 nodes processed)

final/30/1: ['/Users/rmntim/Personal/ITMO/Semester5/OS-new/lab/intro-exp/out/graph_traverse_mmap', '5', '/Users/rmntim/Personal/ITMO/Semester5/OS-new/lab/intro-exp/out/graph-rand.bin']
Iteration 1/5 (read): traversing /Users/rmntim/Personal/ITMO/Semester5/OS-new/lab/intro-exp/out/graph-rand.bin ... OK (436905 nodes processed)
Iteration 2/5 (read): traversing /Users/rmntim/Personal/ITMO/Semester5/OS-new/lab/intro-exp/out/graph-rand.bin ... OK (436905 nodes processed)
Iteration 3/5 (read): traversing /Users/rmntim/Personal/ITMO/Semester5/OS-new/lab/intro-exp/out/graph-rand.bin ... OK (436905 nodes processed)
Iteration 4/5 (read): traversing /Users/rmntim/Personal/ITMO/Semester5/OS-new/lab/intro-exp/out/graph-rand.bin ... OK (436905 nodes processed)
Iteration 5/5 (read): traversing /Users/rmntim/Personal/ITMO/Semester5/OS-new/lab/intro-exp/out/graph-rand.bin ... OK (436905 nodes processed)

final/30/2: ['/Users/rmntim/Personal/ITMO/Semester5/OS-new/lab/intro-exp/out/graph_traverse_mmap', '--write', '5', '/Users/rmntim/Personal/ITMO/Semester5/OS-new/lab/intro-exp/out/graph-rand.bin']
Iteration 1/5 (write): traversing /Users/rmntim/Personal/ITMO/Semester5/OS-new/lab/intro-exp/out/graph-rand.bin ... OK (436905 nodes processed)
Iteration 2/5 (write): traversing /Users/rmntim/Personal/ITMO/Semester5/OS-new/lab/intro-exp/out/graph-rand.bin ... OK (436905 nodes processed)
Iteration 3/5 (write): traversing /Users/rmntim/Personal/ITMO/Semester5/OS-new/lab/intro-exp/out/graph-rand.bin ... OK (436905 nodes processed)
Iteration 4/5 (write): traversing /Users/rmntim/Personal/ITMO/Semester5/OS-new/lab/intro-exp/out/graph-rand.bin ... OK (436905 nodes processed)
Iteration 5/5 (write): traversing /Users/rmntim/Personal/ITMO/Semester5/OS-new/lab/intro-exp/out/graph-rand.bin ... OK (436905 nodes processed)

final/30/3: ['/Users/rmntim/Personal/ITMO/Semester5/OS-new/lab/intro-exp/out/graph_traverse', '--write', '5', '/Users/rmntim/Personal/ITMO/Semester5/OS-new/lab/intro-exp/out/graph-rand.bin']
Iteration 1/5 (write): traversing /Users/rmntim/Personal/ITMO/Semester5/OS-new/lab/intro-exp/out/graph-rand.bin ... OK (436905 nodes processed)
Iteration 2/5 (write): traversing /Users/rmntim/Personal/ITMO/Semester5/OS-new/lab/intro-exp/out/graph-rand.bin ... OK (436905 nodes processed)
Iteration 3/5 (write): traversing /Users/rmntim/Personal/ITMO/Semester5/OS-new/lab/intro-exp/out/graph-rand.bin ... OK (436905 nodes processed)
Iteration 4/5 (write): traversing /Users/rmntim/Personal/ITMO/Semester5/OS-new/lab/intro-exp/out/graph-rand.bin ... OK (436905 nodes processed)
Iteration 5/5 (write): traversing /Users/rmntim/Personal/ITMO/Semester5/OS-new/lab/intro-exp/out/graph-rand.bin ... OK (436905 nodes processed)

final/30/4: ['/Users/rmntim/Personal/ITMO/Semester5/OS-new/lab/intro-exp/out/graph_traverse', '5', '/Users/rmntim/Personal/ITMO/Semester5/OS-new/lab/intro-exp/out/graph-rand.bin']
Iteration 1/5 (read): traversing /Users/rmntim/Personal/ITMO/Semester5/OS-new/lab/intro-exp/out/graph-rand.bin ... OK (436905 nodes processed)
Iteration 2/5 (read): traversing /Users/rmntim/Personal/ITMO/Semester5/OS-new/lab/intro-exp/out/graph-rand.bin ... OK (436905 nodes processed)
Iteration 3/5 (read): traversing /Users/rmntim/Personal/ITMO/Semester5/OS-new/lab/intro-exp/out/graph-rand.bin ... OK (436905 nodes processed)
Iteration 4/5 (read): traversing /Users/rmntim/Personal/ITMO/Semester5/OS-new/lab/intro-exp/out/graph-rand.bin ... OK (436905 nodes processed)
Iteration 5/5 (read): traversing /Users/rmntim/Personal/ITMO/Semester5/OS-new/lab/intro-exp/out/graph-rand.bin ... OK (436905 nodes processed)

baseline/1/1: ['/Users/rmntim/Personal/ITMO/Semester5/OS-new/lab/intro-exp/out/graph_traverse', '1', '/Users/rmntim/Personal/ITMO/Semester5/OS-new/lab/intro-exp/out/graph-rand.bin']
Iteration 1/1 (read): traversing /Users/rmntim/Personal/ITMO/Semester5/OS-new/lab/intro-exp/out/graph-rand.bin ... OK (436905 nodes processed)

baseline/1/1: ['/Users/rmntim/Personal/ITMO/Semester5/OS-new/lab/intro-exp/out/graph_traverse', '1', '/Users/rmntim/Personal/ITMO/Semester5/OS-new/lab/intro-exp/out/graph-seq.bin']
Iteration 1/1 (read): traversing /Users/rmntim/Personal/ITMO/Semester5/OS-new/lab/intro-exp/out/graph-seq.bin ... OK (436905 nodes processed)

baseline/1/1: ['/Users/rmntim/Personal/ITMO/Semester5/OS-new/lab/intro-exp/out/graph_traverse', '--write', '1', '/Users/rmntim/Personal/ITMO/Semester5/OS-new/lab/intro-exp/out/graph-rand.bin']
Iteration 1/1 (write): traversing /Users/rmntim/Personal/ITMO/Semester5/OS-new/lab/intro-exp/out/graph-rand.bin ... OK (436905 nodes processed)

baseline/1/1: ['/Users/rmntim/Personal/ITMO/Semester5/OS-new/lab/intro-exp/out/graph_traverse', '--write', '1', '/Users/rmntim/Personal/ITMO/Semester5/OS-new/lab/intro-exp/out/graph-seq.bin']
Iteration 1/1 (write): traversing /Users/rmntim/Personal/ITMO/Semester5/OS-new/lab/intro-exp/out/graph-seq.bin ... OK (436905 nodes processed)

baseline/1/1: ['/Users/rmntim/Personal/ITMO/Semester5/OS-new/lab/intro-exp/out/graph_traverse_mmap', '1', '/Users/rmntim/Personal/ITMO/Semester5/OS-new/lab/intro-exp/out/graph-rand.bin']
Iteration 1/1 (read): traversing /Users/rmntim/Personal/ITMO/Semester5/OS-new/lab/intro-exp/out/graph-rand.bin ... OK (436905 nodes processed)

baseline/1/1: ['/Users/rmntim/Personal/ITMO/Semester5/OS-new/lab/intro-exp/out/graph_traverse_mmap', '1', '/Users/rmntim/Personal/ITMO/Semester5/OS-new/lab/intro-exp/out/graph-seq.bin']
Iteration 1/1 (read): traversing /Users/rmntim/Personal/ITMO/Semester5/OS-new/lab/intro-exp/out/graph-seq.bin ... OK (436905 nodes processed)

baseline/1/1: ['/Users/rmntim/Personal/ITMO/Semester5/OS-new/lab/intro-exp/out/graph_traverse_mmap', '--write', '1', '/Users/rmntim/Personal/ITMO/Semester5/OS-new/lab/intro-exp/out/graph-rand.bin']
Iteration 1/1 (write): traversing /Users/rmntim/Personal/ITMO/Semester5/OS-new/lab/intro-exp/out/graph-rand.bin ... OK (436905 nodes processed)

baseline/1/1: ['/Users/rmntim/Personal/ITMO/Semester5/OS-new/lab/intro-exp/out/graph_traverse_mmap', '--write', '1', '/Users/rmntim/Personal/ITMO/Semester5/OS-new/lab/intro-exp/out/graph-seq.bin']
Iteration 1/1 (write): traversing /Users/rmntim/Personal/ITMO/Semester5/OS-new/lab/intro-exp/out/graph-seq.bin ... OK (436905 nodes processed)

monitor-bare/1/1: ['/Users/rmntim/Personal/ITMO/Semester5/OS-new/lab/intro-exp/out/graph_traverse', '5', '/Users/rmntim/Personal/ITMO/Semester5/OS-new/lab/intro-exp/out/graph-rand.bin']
Iteration 1/5 (read): traversing /Users/rmntim/Personal/ITMO/Semester5/OS-new/lab/intro-exp/out/graph-rand.bin ... OK (436905 nodes processed)
Iteration 2/5 (read): traversing /Users/rmntim/Personal/ITMO/Semester5/OS-new/lab/intro-exp/out/graph-rand.bin ... OK (436905 nodes processed)
Iteration 3/5 (read): traversing /Users/rmntim/Personal/ITMO/Semester5/OS-new/lab/intro-exp/out/graph-rand.bin ... OK (436905 nodes processed)
Iteration 4/5 (read): traversing /Users/rmntim/Personal/ITMO/Semester5/OS-new/lab/intro-exp/out/graph-rand.bin ... OK (436905 nodes processed)
Iteration 5/5 (read): traversing /Users/rmntim/Personal/ITMO/Semester5/OS-new/lab/intro-exp/out/graph-rand.bin ... OK (436905 nodes processed)

monitor-time/1/2: ['/usr/bin/time', '-l', '/Users/rmntim/Personal/ITMO/Semester5/OS-new/lab/intro-exp/out/graph_traverse', '5', '/Users/rmntim/Personal/ITMO/Semester5/OS-new/lab/intro-exp/out/graph-rand.bin']
Iteration 1/5 (read): traversing /Users/rmntim/Personal/ITMO/Semester5/OS-new/lab/intro-exp/out/graph-rand.bin ... OK (436905 nodes processed)
Iteration 2/5 (read): traversing /Users/rmntim/Personal/ITMO/Semester5/OS-new/lab/intro-exp/out/graph-rand.bin ... OK (436905 nodes processed)
Iteration 3/5 (read): traversing /Users/rmntim/Personal/ITMO/Semester5/OS-new/lab/intro-exp/out/graph-rand.bin ... OK (436905 nodes processed)
Iteration 4/5 (read): traversing /Users/rmntim/Personal/ITMO/Semester5/OS-new/lab/intro-exp/out/graph-rand.bin ... OK (436905 nodes processed)
Iteration 5/5 (read): traversing /Users/rmntim/Personal/ITMO/Semester5/OS-new/lab/intro-exp/out/graph-rand.bin ... OK (436905 nodes processed)
        1.28 real         0.22 user         1.05 sys
             1720320  maximum resident set size
                   0  average shared memory size
                   0  average unshared data size
                   0  average unshared stack size
                 282  page reclaims
                   1  page faults
                   0  swaps
                   0  block input operations
                   0  block output operations
                   0  messages sent
                   0  messages received
                   0  signals received
                   0  voluntary context switches
                  12  involuntary context switches
         15128340996  instructions retired
          4820230343  cycles elapsed
             1278336  peak memory footprint

monitor-bare/1/1: ['/Users/rmntim/Personal/ITMO/Semester5/OS-new/lab/intro-exp/out/graph_traverse_mmap', '5', '/Users/rmntim/Personal/ITMO/Semester5/OS-new/lab/intro-exp/out/graph-rand.bin']
Iteration 1/5 (read): traversing /Users/rmntim/Personal/ITMO/Semester5/OS-new/lab/intro-exp/out/graph-rand.bin ... OK (436905 nodes processed)
Iteration 2/5 (read): traversing /Users/rmntim/Personal/ITMO/Semester5/OS-new/lab/intro-exp/out/graph-rand.bin ... OK (436905 nodes processed)
Iteration 3/5 (read): traversing /Users/rmntim/Personal/ITMO/Semester5/OS-new/lab/intro-exp/out/graph-rand.bin ... OK (436905 nodes processed)
Iteration 4/5 (read): traversing /Users/rmntim/Personal/ITMO/Semester5/OS-new/lab/intro-exp/out/graph-rand.bin ... OK (436905 nodes processed)
Iteration 5/5 (read): traversing /Users/rmntim/Personal/ITMO/Semester5/OS-new/lab/intro-exp/out/graph-rand.bin ... OK (436905 nodes processed)

monitor-time/1/2: ['/usr/bin/time', '-l', '/Users/rmntim/Personal/ITMO/Semester5/OS-new/lab/intro-exp/out/graph_traverse_mmap', '5', '/Users/rmntim/Personal/ITMO/Semester5/OS-new/lab/intro-exp/out/graph-rand.bin']
Iteration 1/5 (read): traversing /Users/rmntim/Personal/ITMO/Semester5/OS-new/lab/intro-exp/out/graph-rand.bin ... OK (436905 nodes processed)
Iteration 2/5 (read): traversing /Users/rmntim/Personal/ITMO/Semester5/OS-new/lab/intro-exp/out/graph-rand.bin ... OK (436905 nodes processed)
Iteration 3/5 (read): traversing /Users/rmntim/Personal/ITMO/Semester5/OS-new/lab/intro-exp/out/graph-rand.bin ... OK (436905 nodes processed)
Iteration 4/5 (read): traversing /Users/rmntim/Personal/ITMO/Semester5/OS-new/lab/intro-exp/out/graph-rand.bin ... OK (436905 nodes processed)
Iteration 5/5 (read): traversing /Users/rmntim/Personal/ITMO/Semester5/OS-new/lab/intro-exp/out/graph-rand.bin ... OK (436905 nodes processed)
        0.02 real         0.02 user         0.00 sys
            12189696  maximum resident set size
                   0  average shared memory size
                   0  average unshared data size
                   0  average unshared stack size
                3483  page reclaims
                   1  page faults
                   0  swaps
                   0  block input operations
                   0  block output operations
                   0  messages sent
                   0  messages received
                   0  signals received
                   0  voluntary context switches
                   8  involuntary context switches
            64768632  instructions retired
            98387433  cycles elapsed
             1261952  peak memory footprint

monitor-bare/2/1: ['/Users/rmntim/Personal/ITMO/Semester5/OS-new/lab/intro-exp/out/graph_traverse', '5', '/Users/rmntim/Personal/ITMO/Semester5/OS-new/lab/intro-exp/out/graph-rand.bin']
Iteration 1/5 (read): traversing /Users/rmntim/Personal/ITMO/Semester5/OS-new/lab/intro-exp/out/graph-rand.bin ... OK (436905 nodes processed)
Iteration 2/5 (read): traversing /Users/rmntim/Personal/ITMO/Semester5/OS-new/lab/intro-exp/out/graph-rand.bin ... OK (436905 nodes processed)
Iteration 3/5 (read): traversing /Users/rmntim/Personal/ITMO/Semester5/OS-new/lab/intro-exp/out/graph-rand.bin ... OK (436905 nodes processed)
Iteration 4/5 (read): traversing /Users/rmntim/Personal/ITMO/Semester5/OS-new/lab/intro-exp/out/graph-rand.bin ... OK (436905 nodes processed)
Iteration 5/5 (read): traversing /Users/rmntim/Personal/ITMO/Semester5/OS-new/lab/intro-exp/out/graph-rand.bin ... OK (436905 nodes processed)

monitor-time/2/2: ['/usr/bin/time', '-l', '/Users/rmntim/Personal/ITMO/Semester5/OS-new/lab/intro-exp/out/graph_traverse', '5', '/Users/rmntim/Personal/ITMO/Semester5/OS-new/lab/intro-exp/out/graph-rand.bin']
Iteration 1/5 (read): traversing /Users/rmntim/Personal/ITMO/Semester5/OS-new/lab/intro-exp/out/graph-rand.bin ... OK (436905 nodes processed)
Iteration 2/5 (read): traversing /Users/rmntim/Personal/ITMO/Semester5/OS-new/lab/intro-exp/out/graph-rand.bin ... OK (436905 nodes processed)
Iteration 3/5 (read): traversing /Users/rmntim/Personal/ITMO/Semester5/OS-new/lab/intro-exp/out/graph-rand.bin ... OK (436905 nodes processed)
Iteration 4/5 (read): traversing /Users/rmntim/Personal/ITMO/Semester5/OS-new/lab/intro-exp/out/graph-rand.bin ... OK (436905 nodes processed)
Iteration 5/5 (read): traversing /Users/rmntim/Personal/ITMO/Semester5/OS-new/lab/intro-exp/out/graph-rand.bin ... OK (436905 nodes processed)
        1.28 real         0.22 user         1.05 sys
             1720320  maximum resident set size
                   0  average shared memory size
                   0  average unshared data size
                   0  average unshared stack size
                 281  page reclaims
                   1  page faults
                   0  swaps
                   0  block input operations
                   0  block output operations
                   0  messages sent
                   0  messages received
                   0  signals received
                   0  voluntary context switches
                   8  involuntary context switches
         15128181705  instructions retired
          4824367353  cycles elapsed
             1278336  peak memory footprint

monitor-bare/2/1: ['/Users/rmntim/Personal/ITMO/Semester5/OS-new/lab/intro-exp/out/graph_traverse_mmap', '5', '/Users/rmntim/Personal/ITMO/Semester5/OS-new/lab/intro-exp/out/graph-rand.bin']
Iteration 1/5 (read): traversing /Users/rmntim/Personal/ITMO/Semester5/OS-new/lab/intro-exp/out/graph-rand.bin ... OK (436905 nodes processed)
Iteration 2/5 (read): traversing /Users/rmntim/Personal/ITMO/Semester5/OS-new/lab/intro-exp/out/graph-rand.bin ... OK (436905 nodes processed)
Iteration 3/5 (read): traversing /Users/rmntim/Personal/ITMO/Semester5/OS-new/lab/intro-exp/out/graph-rand.bin ... OK (436905 nodes processed)
Iteration 4/5 (read): traversing /Users/rmntim/Personal/ITMO/Semester5/OS-new/lab/intro-exp/out/graph-rand.bin ... OK (436905 nodes processed)
Iteration 5/5 (read): traversing /Users/rmntim/Personal/ITMO/Semester5/OS-new/lab/intro-exp/out/graph-rand.bin ... OK (436905 nodes processed)

monitor-time/2/2: ['/usr/bin/time', '-l', '/Users/rmntim/Personal/ITMO/Semester5/OS-new/lab/intro-exp/out/graph_traverse_mmap', '5', '/Users/rmntim/Personal/ITMO/Semester5/OS-new/lab/intro-exp/out/graph-rand.bin']
Iteration 1/5 (read): traversing /Users/rmntim/Personal/ITMO/Semester5/OS-new/lab/intro-exp/out/graph-rand.bin ... OK (436905 nodes processed)
Iteration 2/5 (read): traversing /Users/rmntim/Personal/ITMO/Semester5/OS-new/lab/intro-exp/out/graph-rand.bin ... OK (436905 nodes processed)
Iteration 3/5 (read): traversing /Users/rmntim/Personal/ITMO/Semester5/OS-new/lab/intro-exp/out/graph-rand.bin ... OK (436905 nodes processed)
Iteration 4/5 (read): traversing /Users/rmntim/Personal/ITMO/Semester5/OS-new/lab/intro-exp/out/graph-rand.bin ... OK (436905 nodes processed)
Iteration 5/5 (read): traversing /Users/rmntim/Personal/ITMO/Semester5/OS-new/lab/intro-exp/out/graph-rand.bin ... OK (436905 nodes processed)
        0.02 real         0.02 user         0.00 sys
            12189696  maximum resident set size
                   0  average shared memory size
                   0  average unshared data size
                   0  average unshared stack size
                3483  page reclaims
                   1  page faults
                   0  swaps
                   0  block input operations
                   0  block output operations
                   0  messages sent
                   0  messages received
                   0  signals received
                   0  voluntary context switches
                  10  involuntary context switches
            64926692  instructions retired
            98979090  cycles elapsed
             1261976  peak memory footprint

monitor-bare/3/1: ['/Users/rmntim/Personal/ITMO/Semester5/OS-new/lab/intro-exp/out/graph_traverse', '5', '/Users/rmntim/Personal/ITMO/Semester5/OS-new/lab/intro-exp/out/graph-rand.bin']
Iteration 1/5 (read): traversing /Users/rmntim/Personal/ITMO/Semester5/OS-new/lab/intro-exp/out/graph-rand.bin ... OK (436905 nodes processed)
Iteration 2/5 (read): traversing /Users/rmntim/Personal/ITMO/Semester5/OS-new/lab/intro-exp/out/graph-rand.bin ... OK (436905 nodes processed)
Iteration 3/5 (read): traversing /Users/rmntim/Personal/ITMO/Semester5/OS-new/lab/intro-exp/out/graph-rand.bin ... OK (436905 nodes processed)
Iteration 4/5 (read): traversing /Users/rmntim/Personal/ITMO/Semester5/OS-new/lab/intro-exp/out/graph-rand.bin ... OK (436905 nodes processed)
Iteration 5/5 (read): traversing /Users/rmntim/Personal/ITMO/Semester5/OS-new/lab/intro-exp/out/graph-rand.bin ... OK (436905 nodes processed)

monitor-time/3/2: ['/usr/bin/time', '-l', '/Users/rmntim/Personal/ITMO/Semester5/OS-new/lab/intro-exp/out/graph_traverse', '5', '/Users/rmntim/Personal/ITMO/Semester5/OS-new/lab/intro-exp/out/graph-rand.bin']
Iteration 1/5 (read): traversing /Users/rmntim/Personal/ITMO/Semester5/OS-new/lab/intro-exp/out/graph-rand.bin ... OK (436905 nodes processed)
Iteration 2/5 (read): traversing /Users/rmntim/Personal/ITMO/Semester5/OS-new/lab/intro-exp/out/graph-rand.bin ... OK (436905 nodes processed)
Iteration 3/5 (read): traversing /Users/rmntim/Personal/ITMO/Semester5/OS-new/lab/intro-exp/out/graph-rand.bin ... OK (436905 nodes processed)
Iteration 4/5 (read): traversing /Users/rmntim/Personal/ITMO/Semester5/OS-new/lab/intro-exp/out/graph-rand.bin ... OK (436905 nodes processed)
Iteration 5/5 (read): traversing /Users/rmntim/Personal/ITMO/Semester5/OS-new/lab/intro-exp/out/graph-rand.bin ... OK (436905 nodes processed)
        1.29 real         0.22 user         1.06 sys
             1720320  maximum resident set size
                   0  average shared memory size
                   0  average unshared data size
                   0  average unshared stack size
                 282  page reclaims
                   1  page faults
                   0  swaps
                   0  block input operations
                   0  block output operations
                   0  messages sent
                   0  messages received
                   0  signals received
                   0  voluntary context switches
                   9  involuntary context switches
         15128163893  instructions retired
          4844640372  cycles elapsed
             1278336  peak memory footprint

monitor-bare/3/1: ['/Users/rmntim/Personal/ITMO/Semester5/OS-new/lab/intro-exp/out/graph_traverse_mmap', '5', '/Users/rmntim/Personal/ITMO/Semester5/OS-new/lab/intro-exp/out/graph-rand.bin']
Iteration 1/5 (read): traversing /Users/rmntim/Personal/ITMO/Semester5/OS-new/lab/intro-exp/out/graph-rand.bin ... OK (436905 nodes processed)
Iteration 2/5 (read): traversing /Users/rmntim/Personal/ITMO/Semester5/OS-new/lab/intro-exp/out/graph-rand.bin ... OK (436905 nodes processed)
Iteration 3/5 (read): traversing /Users/rmntim/Personal/ITMO/Semester5/OS-new/lab/intro-exp/out/graph-rand.bin ... OK (436905 nodes processed)
Iteration 4/5 (read): traversing /Users/rmntim/Personal/ITMO/Semester5/OS-new/lab/intro-exp/out/graph-rand.bin ... OK (436905 nodes processed)
Iteration 5/5 (read): traversing /Users/rmntim/Personal/ITMO/Semester5/OS-new/lab/intro-exp/out/graph-rand.bin ... OK (436905 nodes processed)

monitor-time/3/2: ['/usr/bin/time', '-l', '/Users/rmntim/Personal/ITMO/Semester5/OS-new/lab/intro-exp/out/graph_traverse_mmap', '5', '/Users/rmntim/Personal/ITMO/Semester5/OS-new/lab/intro-exp/out/graph-rand.bin']
Iteration 1/5 (read): traversing /Users/rmntim/Personal/ITMO/Semester5/OS-new/lab/intro-exp/out/graph-rand.bin ... OK (436905 nodes processed)
Iteration 2/5 (read): traversing /Users/rmntim/Personal/ITMO/Semester5/OS-new/lab/intro-exp/out/graph-rand.bin ... OK (436905 nodes processed)
Iteration 3/5 (read): traversing /Users/rmntim/Personal/ITMO/Semester5/OS-new/lab/intro-exp/out/graph-rand.bin ... OK (436905 nodes processed)
Iteration 4/5 (read): traversing /Users/rmntim/Personal/ITMO/Semester5/OS-new/lab/intro-exp/out/graph-rand.bin ... OK (436905 nodes processed)
Iteration 5/5 (read): traversing /Users/rmntim/Personal/ITMO/Semester5/OS-new/lab/intro-exp/out/graph-rand.bin ... OK (436905 nodes processed)
        0.02 real         0.02 user         0.00 sys
            12189696  maximum resident set size
                   0  average shared memory size
                   0  average unshared data size
                   0  average unshared stack size
                3482  page reclaims
                   1  page faults
                   0  swaps
                   0  block input operations
                   0  block output operations
                   0  messages sent
                   0  messages received
                   0  signals received
                   0  voluntary context switches
                   9  involuntary context switches
            64855026  instructions retired
           109980714  cycles elapsed
             1261952  peak memory footprint

monitor-bare/4/1: ['/Users/rmntim/Personal/ITMO/Semester5/OS-new/lab/intro-exp/out/graph_traverse', '5', '/Users/rmntim/Personal/ITMO/Semester5/OS-new/lab/intro-exp/out/graph-rand.bin']
Iteration 1/5 (read): traversing /Users/rmntim/Personal/ITMO/Semester5/OS-new/lab/intro-exp/out/graph-rand.bin ... OK (436905 nodes processed)
Iteration 2/5 (read): traversing /Users/rmntim/Personal/ITMO/Semester5/OS-new/lab/intro-exp/out/graph-rand.bin ... OK (436905 nodes processed)
Iteration 3/5 (read): traversing /Users/rmntim/Personal/ITMO/Semester5/OS-new/lab/intro-exp/out/graph-rand.bin ... OK (436905 nodes processed)
Iteration 4/5 (read): traversing /Users/rmntim/Personal/ITMO/Semester5/OS-new/lab/intro-exp/out/graph-rand.bin ... OK (436905 nodes processed)
Iteration 5/5 (read): traversing /Users/rmntim/Personal/ITMO/Semester5/OS-new/lab/intro-exp/out/graph-rand.bin ... OK (436905 nodes processed)

monitor-time/4/2: ['/usr/bin/time', '-l', '/Users/rmntim/Personal/ITMO/Semester5/OS-new/lab/intro-exp/out/graph_traverse', '5', '/Users/rmntim/Personal/ITMO/Semester5/OS-new/lab/intro-exp/out/graph-rand.bin']
Iteration 1/5 (read): traversing /Users/rmntim/Personal/ITMO/Semester5/OS-new/lab/intro-exp/out/graph-rand.bin ... OK (436905 nodes processed)
Iteration 2/5 (read): traversing /Users/rmntim/Personal/ITMO/Semester5/OS-new/lab/intro-exp/out/graph-rand.bin ... OK (436905 nodes processed)
Iteration 3/5 (read): traversing /Users/rmntim/Personal/ITMO/Semester5/OS-new/lab/intro-exp/out/graph-rand.bin ... OK (436905 nodes processed)
Iteration 4/5 (read): traversing /Users/rmntim/Personal/ITMO/Semester5/OS-new/lab/intro-exp/out/graph-rand.bin ... OK (436905 nodes processed)
Iteration 5/5 (read): traversing /Users/rmntim/Personal/ITMO/Semester5/OS-new/lab/intro-exp/out/graph-rand.bin ... OK (436905 nodes processed)
        1.28 real         0.22 user         1.06 sys
             1720320  maximum resident set size
                   0  average shared memory size
                   0  average unshared data size
                   0  average unshared stack size
                 281  page reclaims
                   1  page faults
                   0  swaps
                   0  block input operations
                   0  block output operations
                   0  messages sent
                   0  messages received
                   0  signals received
                   0  voluntary context switches
                   7  involuntary context switches
         15128145341  instructions retired
          4833784812  cycles elapsed
             1278336  peak memory footprint

monitor-bare/4/1: ['/Users/rmntim/Personal/ITMO/Semester5/OS-new/lab/intro-exp/out/graph_traverse_mmap', '5', '/Users/rmntim/Personal/ITMO/Semester5/OS-new/lab/intro-exp/out/graph-rand.bin']
Iteration 1/5 (read): traversing /Users/rmntim/Personal/ITMO/Semester5/OS-new/lab/intro-exp/out/graph-rand.bin ... OK (436905 nodes processed)
Iteration 2/5 (read): traversing /Users/rmntim/Personal/ITMO/Semester5/OS-new/lab/intro-exp/out/graph-rand.bin ... OK (436905 nodes processed)
Iteration 3/5 (read): traversing /Users/rmntim/Personal/ITMO/Semester5/OS-new/lab/intro-exp/out/graph-rand.bin ... OK (436905 nodes processed)
Iteration 4/5 (read): traversing /Users/rmntim/Personal/ITMO/Semester5/OS-new/lab/intro-exp/out/graph-rand.bin ... OK (436905 nodes processed)
Iteration 5/5 (read): traversing /Users/rmntim/Personal/ITMO/Semester5/OS-new/lab/intro-exp/out/graph-rand.bin ... OK (436905 nodes processed)

monitor-time/4/2: ['/usr/bin/time', '-l', '/Users/rmntim/Personal/ITMO/Semester5/OS-new/lab/intro-exp/out/graph_traverse_mmap', '5', '/Users/rmntim/Personal/ITMO/Semester5/OS-new/lab/intro-exp/out/graph-rand.bin']
Iteration 1/5 (read): traversing /Users/rmntim/Personal/ITMO/Semester5/OS-new/lab/intro-exp/out/graph-rand.bin ... OK (436905 nodes processed)
Iteration 2/5 (read): traversing /Users/rmntim/Personal/ITMO/Semester5/OS-new/lab/intro-exp/out/graph-rand.bin ... OK (436905 nodes processed)
Iteration 3/5 (read): traversing /Users/rmntim/Personal/ITMO/Semester5/OS-new/lab/intro-exp/out/graph-rand.bin ... OK (436905 nodes processed)
Iteration 4/5 (read): traversing /Users/rmntim/Personal/ITMO/Semester5/OS-new/lab/intro-exp/out/graph-rand.bin ... OK (436905 nodes processed)
Iteration 5/5 (read): traversing /Users/rmntim/Personal/ITMO/Semester5/OS-new/lab/intro-exp/out/graph-rand.bin ... OK (436905 nodes processed)
        0.02 real         0.02 user         0.00 sys
            12189696  maximum resident set size
                   0  average shared memory size
                   0  average unshared data size
                   0  average unshared stack size
                3483  page reclaims
                   1  page faults
                   0  swaps
                   0  block input operations
                   0  block output operations
                   0  messages sent
                   0  messages received
                   0  signals received
                   0  voluntary context switches
                  10  involuntary context switches
            64823156  instructions retired
            98877991  cycles elapsed
             1261952  peak memory footprint

monitor-bare/5/1: ['/Users/rmntim/Personal/ITMO/Semester5/OS-new/lab/intro-exp/out/graph_traverse', '5', '/Users/rmntim/Personal/ITMO/Semester5/OS-new/lab/intro-exp/out/graph-rand.bin']
Iteration 1/5 (read): traversing /Users/rmntim/Personal/ITMO/Semester5/OS-new/lab/intro-exp/out/graph-rand.bin ... OK (436905 nodes processed)
Iteration 2/5 (read): traversing /Users/rmntim/Personal/ITMO/Semester5/OS-new/lab/intro-exp/out/graph-rand.bin ... OK (436905 nodes processed)
Iteration 3/5 (read): traversing /Users/rmntim/Personal/ITMO/Semester5/OS-new/lab/intro-exp/out/graph-rand.bin ... OK (436905 nodes processed)
Iteration 4/5 (read): traversing /Users/rmntim/Personal/ITMO/Semester5/OS-new/lab/intro-exp/out/graph-rand.bin ... OK (436905 nodes processed)
Iteration 5/5 (read): traversing /Users/rmntim/Personal/ITMO/Semester5/OS-new/lab/intro-exp/out/graph-rand.bin ... OK (436905 nodes processed)

monitor-time/5/2: ['/usr/bin/time', '-l', '/Users/rmntim/Personal/ITMO/Semester5/OS-new/lab/intro-exp/out/graph_traverse', '5', '/Users/rmntim/Personal/ITMO/Semester5/OS-new/lab/intro-exp/out/graph-rand.bin']
Iteration 1/5 (read): traversing /Users/rmntim/Personal/ITMO/Semester5/OS-new/lab/intro-exp/out/graph-rand.bin ... OK (436905 nodes processed)
Iteration 2/5 (read): traversing /Users/rmntim/Personal/ITMO/Semester5/OS-new/lab/intro-exp/out/graph-rand.bin ... OK (436905 nodes processed)
Iteration 3/5 (read): traversing /Users/rmntim/Personal/ITMO/Semester5/OS-new/lab/intro-exp/out/graph-rand.bin ... OK (436905 nodes processed)
Iteration 4/5 (read): traversing /Users/rmntim/Personal/ITMO/Semester5/OS-new/lab/intro-exp/out/graph-rand.bin ... OK (436905 nodes processed)
Iteration 5/5 (read): traversing /Users/rmntim/Personal/ITMO/Semester5/OS-new/lab/intro-exp/out/graph-rand.bin ... OK (436905 nodes processed)
        1.28 real         0.22 user         1.05 sys
             1720320  maximum resident set size
                   0  average shared memory size
                   0  average unshared data size
                   0  average unshared stack size
                 281  page reclaims
                   1  page faults
                   0  swaps
                   0  block input operations
                   0  block output operations
                   0  messages sent
                   0  messages received
                   0  signals received
                   0  voluntary context switches
                   6  involuntary context switches
         15128137125  instructions retired
          4815704955  cycles elapsed
             1278336  peak memory footprint

monitor-bare/5/1: ['/Users/rmntim/Personal/ITMO/Semester5/OS-new/lab/intro-exp/out/graph_traverse_mmap', '5', '/Users/rmntim/Personal/ITMO/Semester5/OS-new/lab/intro-exp/out/graph-rand.bin']
Iteration 1/5 (read): traversing /Users/rmntim/Personal/ITMO/Semester5/OS-new/lab/intro-exp/out/graph-rand.bin ... OK (436905 nodes processed)
Iteration 2/5 (read): traversing /Users/rmntim/Personal/ITMO/Semester5/OS-new/lab/intro-exp/out/graph-rand.bin ... OK (436905 nodes processed)
Iteration 3/5 (read): traversing /Users/rmntim/Personal/ITMO/Semester5/OS-new/lab/intro-exp/out/graph-rand.bin ... OK (436905 nodes processed)
Iteration 4/5 (read): traversing /Users/rmntim/Personal/ITMO/Semester5/OS-new/lab/intro-exp/out/graph-rand.bin ... OK (436905 nodes processed)
Iteration 5/5 (read): traversing /Users/rmntim/Personal/ITMO/Semester5/OS-new/lab/intro-exp/out/graph-rand.bin ... OK (436905 nodes processed)

monitor-time/5/2: ['/usr/bin/time', '-l', '/Users/rmntim/Personal/ITMO/Semester5/OS-new/lab/intro-exp/out/graph_traverse_mmap', '5', '/Users/rmntim/Personal/ITMO/Semester5/OS-new/lab/intro-exp/out/graph-rand.bin']
Iteration 1/5 (read): traversing /Users/rmntim/Personal/ITMO/Semester5/OS-new/lab/intro-exp/out/graph-rand.bin ... OK (436905 nodes processed)
Iteration 2/5 (read): traversing /Users/rmntim/Personal/ITMO/Semester5/OS-new/lab/intro-exp/out/graph-rand.bin ... OK (436905 nodes processed)
Iteration 3/5 (read): traversing /Users/rmntim/Personal/ITMO/Semester5/OS-new/lab/intro-exp/out/graph-rand.bin ... OK (436905 nodes processed)
Iteration 4/5 (read): traversing /Users/rmntim/Personal/ITMO/Semester5/OS-new/lab/intro-exp/out/graph-rand.bin ... OK (436905 nodes processed)
Iteration 5/5 (read): traversing /Users/rmntim/Personal/ITMO/Semester5/OS-new/lab/intro-exp/out/graph-rand.bin ... OK (436905 nodes processed)
        0.02 real         0.02 user         0.00 sys
            12189696  maximum resident set size
                   0  average shared memory size
                   0  average unshared data size
                   0  average unshared stack size
                3483  page reclaims
                   1  page faults
                   0  swaps
                   0  block input operations
                   0  block output operations
                   0  messages sent
                   0  messages received
                   0  signals received
                   0  voluntary context switches
                   8  involuntary context switches
            64754899  instructions retired
           104317637  cycles elapsed
             1261952  peak memory footprint

cpu-noise/1/1: ['/Users/rmntim/Personal/ITMO/Semester5/OS-new/lab/intro-exp/out/graph_traverse', '5', '/Users/rmntim/Personal/ITMO/Semester5/OS-new/lab/intro-exp/out/graph-rand.bin']
Iteration 1/5 (read): traversing /Users/rmntim/Personal/ITMO/Semester5/OS-new/lab/intro-exp/out/graph-rand.bin ... OK (436905 nodes processed)
Iteration 2/5 (read): traversing /Users/rmntim/Personal/ITMO/Semester5/OS-new/lab/intro-exp/out/graph-rand.bin ... OK (436905 nodes processed)
Iteration 3/5 (read): traversing /Users/rmntim/Personal/ITMO/Semester5/OS-new/lab/intro-exp/out/graph-rand.bin ... OK (436905 nodes processed)
Iteration 4/5 (read): traversing /Users/rmntim/Personal/ITMO/Semester5/OS-new/lab/intro-exp/out/graph-rand.bin ... OK (436905 nodes processed)
Iteration 5/5 (read): traversing /Users/rmntim/Personal/ITMO/Semester5/OS-new/lab/intro-exp/out/graph-rand.bin ... OK (436905 nodes processed)

warmup/1/1: ['/Users/rmntim/Personal/ITMO/Semester5/OS-new/lab/intro-exp/out/graph_traverse', '5', '/Users/rmntim/Personal/ITMO/Semester5/OS-new/lab/intro-exp/out/graph-rand.bin']
Iteration 1/5 (read): traversing /Users/rmntim/Personal/ITMO/Semester5/OS-new/lab/intro-exp/out/graph-rand.bin ... OK (436905 nodes processed)
Iteration 2/5 (read): traversing /Users/rmntim/Personal/ITMO/Semester5/OS-new/lab/intro-exp/out/graph-rand.bin ... OK (436905 nodes processed)
Iteration 3/5 (read): traversing /Users/rmntim/Personal/ITMO/Semester5/OS-new/lab/intro-exp/out/graph-rand.bin ... OK (436905 nodes processed)
Iteration 4/5 (read): traversing /Users/rmntim/Personal/ITMO/Semester5/OS-new/lab/intro-exp/out/graph-rand.bin ... OK (436905 nodes processed)
Iteration 5/5 (read): traversing /Users/rmntim/Personal/ITMO/Semester5/OS-new/lab/intro-exp/out/graph-rand.bin ... OK (436905 nodes processed)

warmup/1/2: ['/Users/rmntim/Personal/ITMO/Semester5/OS-new/lab/intro-exp/out/graph_traverse_mmap', '--write', '5', '/Users/rmntim/Personal/ITMO/Semester5/OS-new/lab/intro-exp/out/graph-rand.bin']
Iteration 1/5 (write): traversing /Users/rmntim/Personal/ITMO/Semester5/OS-new/lab/intro-exp/out/graph-rand.bin ... OK (436905 nodes processed)
Iteration 2/5 (write): traversing /Users/rmntim/Personal/ITMO/Semester5/OS-new/lab/intro-exp/out/graph-rand.bin ... OK (436905 nodes processed)
Iteration 3/5 (write): traversing /Users/rmntim/Personal/ITMO/Semester5/OS-new/lab/intro-exp/out/graph-rand.bin ... OK (436905 nodes processed)
Iteration 4/5 (write): traversing /Users/rmntim/Personal/ITMO/Semester5/OS-new/lab/intro-exp/out/graph-rand.bin ... OK (436905 nodes processed)
Iteration 5/5 (write): traversing /Users/rmntim/Personal/ITMO/Semester5/OS-new/lab/intro-exp/out/graph-rand.bin ... OK (436905 nodes processed)

warmup/1/3: ['/Users/rmntim/Personal/ITMO/Semester5/OS-new/lab/intro-exp/out/graph_traverse_mmap', '5', '/Users/rmntim/Personal/ITMO/Semester5/OS-new/lab/intro-exp/out/graph-rand.bin']
Iteration 1/5 (read): traversing /Users/rmntim/Personal/ITMO/Semester5/OS-new/lab/intro-exp/out/graph-rand.bin ... OK (436905 nodes processed)
Iteration 2/5 (read): traversing /Users/rmntim/Personal/ITMO/Semester5/OS-new/lab/intro-exp/out/graph-rand.bin ... OK (436905 nodes processed)
Iteration 3/5 (read): traversing /Users/rmntim/Personal/ITMO/Semester5/OS-new/lab/intro-exp/out/graph-rand.bin ... OK (436905 nodes processed)
Iteration 4/5 (read): traversing /Users/rmntim/Personal/ITMO/Semester5/OS-new/lab/intro-exp/out/graph-rand.bin ... OK (436905 nodes processed)
Iteration 5/5 (read): traversing /Users/rmntim/Personal/ITMO/Semester5/OS-new/lab/intro-exp/out/graph-rand.bin ... OK (436905 nodes processed)

warmup/1/4: ['/Users/rmntim/Personal/ITMO/Semester5/OS-new/lab/intro-exp/out/graph_traverse', '--write', '5', '/Users/rmntim/Personal/ITMO/Semester5/OS-new/lab/intro-exp/out/graph-rand.bin']
Iteration 1/5 (write): traversing /Users/rmntim/Personal/ITMO/Semester5/OS-new/lab/intro-exp/out/graph-rand.bin ... OK (436905 nodes processed)
Iteration 2/5 (write): traversing /Users/rmntim/Personal/ITMO/Semester5/OS-new/lab/intro-exp/out/graph-rand.bin ... OK (436905 nodes processed)
Iteration 3/5 (write): traversing /Users/rmntim/Personal/ITMO/Semester5/OS-new/lab/intro-exp/out/graph-rand.bin ... OK (436905 nodes processed)
Iteration 4/5 (write): traversing /Users/rmntim/Personal/ITMO/Semester5/OS-new/lab/intro-exp/out/graph-rand.bin ... OK (436905 nodes processed)
Iteration 5/5 (write): traversing /Users/rmntim/Personal/ITMO/Semester5/OS-new/lab/intro-exp/out/graph-rand.bin ... OK (436905 nodes processed)

warmup/2/1: ['/Users/rmntim/Personal/ITMO/Semester5/OS-new/lab/intro-exp/out/graph_traverse', '--write', '5', '/Users/rmntim/Personal/ITMO/Semester5/OS-new/lab/intro-exp/out/graph-rand.bin']
Iteration 1/5 (write): traversing /Users/rmntim/Personal/ITMO/Semester5/OS-new/lab/intro-exp/out/graph-rand.bin ... OK (436905 nodes processed)
Iteration 2/5 (write): traversing /Users/rmntim/Personal/ITMO/Semester5/OS-new/lab/intro-exp/out/graph-rand.bin ... OK (436905 nodes processed)
Iteration 3/5 (write): traversing /Users/rmntim/Personal/ITMO/Semester5/OS-new/lab/intro-exp/out/graph-rand.bin ... OK (436905 nodes processed)
Iteration 4/5 (write): traversing /Users/rmntim/Personal/ITMO/Semester5/OS-new/lab/intro-exp/out/graph-rand.bin ... OK (436905 nodes processed)
Iteration 5/5 (write): traversing /Users/rmntim/Personal/ITMO/Semester5/OS-new/lab/intro-exp/out/graph-rand.bin ... OK (436905 nodes processed)

warmup/2/2: ['/Users/rmntim/Personal/ITMO/Semester5/OS-new/lab/intro-exp/out/graph_traverse_mmap', '--write', '5', '/Users/rmntim/Personal/ITMO/Semester5/OS-new/lab/intro-exp/out/graph-rand.bin']
Iteration 1/5 (write): traversing /Users/rmntim/Personal/ITMO/Semester5/OS-new/lab/intro-exp/out/graph-rand.bin ... OK (436905 nodes processed)
Iteration 2/5 (write): traversing /Users/rmntim/Personal/ITMO/Semester5/OS-new/lab/intro-exp/out/graph-rand.bin ... OK (436905 nodes processed)
Iteration 3/5 (write): traversing /Users/rmntim/Personal/ITMO/Semester5/OS-new/lab/intro-exp/out/graph-rand.bin ... OK (436905 nodes processed)
Iteration 4/5 (write): traversing /Users/rmntim/Personal/ITMO/Semester5/OS-new/lab/intro-exp/out/graph-rand.bin ... OK (436905 nodes processed)
Iteration 5/5 (write): traversing /Users/rmntim/Personal/ITMO/Semester5/OS-new/lab/intro-exp/out/graph-rand.bin ... OK (436905 nodes processed)

warmup/2/3: ['/Users/rmntim/Personal/ITMO/Semester5/OS-new/lab/intro-exp/out/graph_traverse', '5', '/Users/rmntim/Personal/ITMO/Semester5/OS-new/lab/intro-exp/out/graph-rand.bin']
Iteration 1/5 (read): traversing /Users/rmntim/Personal/ITMO/Semester5/OS-new/lab/intro-exp/out/graph-rand.bin ... OK (436905 nodes processed)
Iteration 2/5 (read): traversing /Users/rmntim/Personal/ITMO/Semester5/OS-new/lab/intro-exp/out/graph-rand.bin ... OK (436905 nodes processed)
Iteration 3/5 (read): traversing /Users/rmntim/Personal/ITMO/Semester5/OS-new/lab/intro-exp/out/graph-rand.bin ... OK (436905 nodes processed)
Iteration 4/5 (read): traversing /Users/rmntim/Personal/ITMO/Semester5/OS-new/lab/intro-exp/out/graph-rand.bin ... OK (436905 nodes processed)
Iteration 5/5 (read): traversing /Users/rmntim/Personal/ITMO/Semester5/OS-new/lab/intro-exp/out/graph-rand.bin ... OK (436905 nodes processed)

warmup/2/4: ['/Users/rmntim/Personal/ITMO/Semester5/OS-new/lab/intro-exp/out/graph_traverse_mmap', '5', '/Users/rmntim/Personal/ITMO/Semester5/OS-new/lab/intro-exp/out/graph-rand.bin']
Iteration 1/5 (read): traversing /Users/rmntim/Personal/ITMO/Semester5/OS-new/lab/intro-exp/out/graph-rand.bin ... OK (436905 nodes processed)
Iteration 2/5 (read): traversing /Users/rmntim/Personal/ITMO/Semester5/OS-new/lab/intro-exp/out/graph-rand.bin ... OK (436905 nodes processed)
Iteration 3/5 (read): traversing /Users/rmntim/Personal/ITMO/Semester5/OS-new/lab/intro-exp/out/graph-rand.bin ... OK (436905 nodes processed)
Iteration 4/5 (read): traversing /Users/rmntim/Personal/ITMO/Semester5/OS-new/lab/intro-exp/out/graph-rand.bin ... OK (436905 nodes processed)
Iteration 5/5 (read): traversing /Users/rmntim/Personal/ITMO/Semester5/OS-new/lab/intro-exp/out/graph-rand.bin ... OK (436905 nodes processed)

pilot/1/1: ['/Users/rmntim/Personal/ITMO/Semester5/OS-new/lab/intro-exp/out/graph_traverse', '--write', '5', '/Users/rmntim/Personal/ITMO/Semester5/OS-new/lab/intro-exp/out/graph-rand.bin']
Iteration 1/5 (write): traversing /Users/rmntim/Personal/ITMO/Semester5/OS-new/lab/intro-exp/out/graph-rand.bin ... OK (436905 nodes processed)
Iteration 2/5 (write): traversing /Users/rmntim/Personal/ITMO/Semester5/OS-new/lab/intro-exp/out/graph-rand.bin ... OK (436905 nodes processed)
Iteration 3/5 (write): traversing /Users/rmntim/Personal/ITMO/Semester5/OS-new/lab/intro-exp/out/graph-rand.bin ... OK (436905 nodes processed)
Iteration 4/5 (write): traversing /Users/rmntim/Personal/ITMO/Semester5/OS-new/lab/intro-exp/out/graph-rand.bin ... OK (436905 nodes processed)
Iteration 5/5 (write): traversing /Users/rmntim/Personal/ITMO/Semester5/OS-new/lab/intro-exp/out/graph-rand.bin ... OK (436905 nodes processed)

pilot/1/2: ['/Users/rmntim/Personal/ITMO/Semester5/OS-new/lab/intro-exp/out/graph_traverse_mmap', '--write', '5', '/Users/rmntim/Personal/ITMO/Semester5/OS-new/lab/intro-exp/out/graph-rand.bin']
Iteration 1/5 (write): traversing /Users/rmntim/Personal/ITMO/Semester5/OS-new/lab/intro-exp/out/graph-rand.bin ... OK (436905 nodes processed)
Iteration 2/5 (write): traversing /Users/rmntim/Personal/ITMO/Semester5/OS-new/lab/intro-exp/out/graph-rand.bin ... OK (436905 nodes processed)
Iteration 3/5 (write): traversing /Users/rmntim/Personal/ITMO/Semester5/OS-new/lab/intro-exp/out/graph-rand.bin ... OK (436905 nodes processed)
Iteration 4/5 (write): traversing /Users/rmntim/Personal/ITMO/Semester5/OS-new/lab/intro-exp/out/graph-rand.bin ... OK (436905 nodes processed)
Iteration 5/5 (write): traversing /Users/rmntim/Personal/ITMO/Semester5/OS-new/lab/intro-exp/out/graph-rand.bin ... OK (436905 nodes processed)

pilot/1/3: ['/Users/rmntim/Personal/ITMO/Semester5/OS-new/lab/intro-exp/out/graph_traverse', '5', '/Users/rmntim/Personal/ITMO/Semester5/OS-new/lab/intro-exp/out/graph-rand.bin']
Iteration 1/5 (read): traversing /Users/rmntim/Personal/ITMO/Semester5/OS-new/lab/intro-exp/out/graph-rand.bin ... OK (436905 nodes processed)
Iteration 2/5 (read): traversing /Users/rmntim/Personal/ITMO/Semester5/OS-new/lab/intro-exp/out/graph-rand.bin ... OK (436905 nodes processed)
Iteration 3/5 (read): traversing /Users/rmntim/Personal/ITMO/Semester5/OS-new/lab/intro-exp/out/graph-rand.bin ... OK (436905 nodes processed)
Iteration 4/5 (read): traversing /Users/rmntim/Personal/ITMO/Semester5/OS-new/lab/intro-exp/out/graph-rand.bin ... OK (436905 nodes processed)
Iteration 5/5 (read): traversing /Users/rmntim/Personal/ITMO/Semester5/OS-new/lab/intro-exp/out/graph-rand.bin ... OK (436905 nodes processed)

pilot/1/4: ['/Users/rmntim/Personal/ITMO/Semester5/OS-new/lab/intro-exp/out/graph_traverse_mmap', '5', '/Users/rmntim/Personal/ITMO/Semester5/OS-new/lab/intro-exp/out/graph-rand.bin']
Iteration 1/5 (read): traversing /Users/rmntim/Personal/ITMO/Semester5/OS-new/lab/intro-exp/out/graph-rand.bin ... OK (436905 nodes processed)
Iteration 2/5 (read): traversing /Users/rmntim/Personal/ITMO/Semester5/OS-new/lab/intro-exp/out/graph-rand.bin ... OK (436905 nodes processed)
Iteration 3/5 (read): traversing /Users/rmntim/Personal/ITMO/Semester5/OS-new/lab/intro-exp/out/graph-rand.bin ... OK (436905 nodes processed)
Iteration 4/5 (read): traversing /Users/rmntim/Personal/ITMO/Semester5/OS-new/lab/intro-exp/out/graph-rand.bin ... OK (436905 nodes processed)
Iteration 5/5 (read): traversing /Users/rmntim/Personal/ITMO/Semester5/OS-new/lab/intro-exp/out/graph-rand.bin ... OK (436905 nodes processed)

pilot/2/1: ['/Users/rmntim/Personal/ITMO/Semester5/OS-new/lab/intro-exp/out/graph_traverse', '5', '/Users/rmntim/Personal/ITMO/Semester5/OS-new/lab/intro-exp/out/graph-rand.bin']
Iteration 1/5 (read): traversing /Users/rmntim/Personal/ITMO/Semester5/OS-new/lab/intro-exp/out/graph-rand.bin ... OK (436905 nodes processed)
Iteration 2/5 (read): traversing /Users/rmntim/Personal/ITMO/Semester5/OS-new/lab/intro-exp/out/graph-rand.bin ... OK (436905 nodes processed)
Iteration 3/5 (read): traversing /Users/rmntim/Personal/ITMO/Semester5/OS-new/lab/intro-exp/out/graph-rand.bin ... OK (436905 nodes processed)
Iteration 4/5 (read): traversing /Users/rmntim/Personal/ITMO/Semester5/OS-new/lab/intro-exp/out/graph-rand.bin ... OK (436905 nodes processed)
Iteration 5/5 (read): traversing /Users/rmntim/Personal/ITMO/Semester5/OS-new/lab/intro-exp/out/graph-rand.bin ... OK (436905 nodes processed)

pilot/2/2: ['/Users/rmntim/Personal/ITMO/Semester5/OS-new/lab/intro-exp/out/graph_traverse_mmap', '5', '/Users/rmntim/Personal/ITMO/Semester5/OS-new/lab/intro-exp/out/graph-rand.bin']
Iteration 1/5 (read): traversing /Users/rmntim/Personal/ITMO/Semester5/OS-new/lab/intro-exp/out/graph-rand.bin ... OK (436905 nodes processed)
Iteration 2/5 (read): traversing /Users/rmntim/Personal/ITMO/Semester5/OS-new/lab/intro-exp/out/graph-rand.bin ... OK (436905 nodes processed)
Iteration 3/5 (read): traversing /Users/rmntim/Personal/ITMO/Semester5/OS-new/lab/intro-exp/out/graph-rand.bin ... OK (436905 nodes processed)
Iteration 4/5 (read): traversing /Users/rmntim/Personal/ITMO/Semester5/OS-new/lab/intro-exp/out/graph-rand.bin ... OK (436905 nodes processed)
Iteration 5/5 (read): traversing /Users/rmntim/Personal/ITMO/Semester5/OS-new/lab/intro-exp/out/graph-rand.bin ... OK (436905 nodes processed)

pilot/2/3: ['/Users/rmntim/Personal/ITMO/Semester5/OS-new/lab/intro-exp/out/graph_traverse', '--write', '5', '/Users/rmntim/Personal/ITMO/Semester5/OS-new/lab/intro-exp/out/graph-rand.bin']
Iteration 1/5 (write): traversing /Users/rmntim/Personal/ITMO/Semester5/OS-new/lab/intro-exp/out/graph-rand.bin ... OK (436905 nodes processed)
Iteration 2/5 (write): traversing /Users/rmntim/Personal/ITMO/Semester5/OS-new/lab/intro-exp/out/graph-rand.bin ... OK (436905 nodes processed)
Iteration 3/5 (write): traversing /Users/rmntim/Personal/ITMO/Semester5/OS-new/lab/intro-exp/out/graph-rand.bin ... OK (436905 nodes processed)
Iteration 4/5 (write): traversing /Users/rmntim/Personal/ITMO/Semester5/OS-new/lab/intro-exp/out/graph-rand.bin ... OK (436905 nodes processed)
Iteration 5/5 (write): traversing /Users/rmntim/Personal/ITMO/Semester5/OS-new/lab/intro-exp/out/graph-rand.bin ... OK (436905 nodes processed)

pilot/2/4: ['/Users/rmntim/Personal/ITMO/Semester5/OS-new/lab/intro-exp/out/graph_traverse_mmap', '--write', '5', '/Users/rmntim/Personal/ITMO/Semester5/OS-new/lab/intro-exp/out/graph-rand.bin']
Iteration 1/5 (write): traversing /Users/rmntim/Personal/ITMO/Semester5/OS-new/lab/intro-exp/out/graph-rand.bin ... OK (436905 nodes processed)
Iteration 2/5 (write): traversing /Users/rmntim/Personal/ITMO/Semester5/OS-new/lab/intro-exp/out/graph-rand.bin ... OK (436905 nodes processed)
Iteration 3/5 (write): traversing /Users/rmntim/Personal/ITMO/Semester5/OS-new/lab/intro-exp/out/graph-rand.bin ... OK (436905 nodes processed)
Iteration 4/5 (write): traversing /Users/rmntim/Personal/ITMO/Semester5/OS-new/lab/intro-exp/out/graph-rand.bin ... OK (436905 nodes processed)
Iteration 5/5 (write): traversing /Users/rmntim/Personal/ITMO/Semester5/OS-new/lab/intro-exp/out/graph-rand.bin ... OK (436905 nodes processed)

pilot/3/1: ['/Users/rmntim/Personal/ITMO/Semester5/OS-new/lab/intro-exp/out/graph_traverse', '5', '/Users/rmntim/Personal/ITMO/Semester5/OS-new/lab/intro-exp/out/graph-rand.bin']
Iteration 1/5 (read): traversing /Users/rmntim/Personal/ITMO/Semester5/OS-new/lab/intro-exp/out/graph-rand.bin ... OK (436905 nodes processed)
Iteration 2/5 (read): traversing /Users/rmntim/Personal/ITMO/Semester5/OS-new/lab/intro-exp/out/graph-rand.bin ... OK (436905 nodes processed)
Iteration 3/5 (read): traversing /Users/rmntim/Personal/ITMO/Semester5/OS-new/lab/intro-exp/out/graph-rand.bin ... OK (436905 nodes processed)
Iteration 4/5 (read): traversing /Users/rmntim/Personal/ITMO/Semester5/OS-new/lab/intro-exp/out/graph-rand.bin ... OK (436905 nodes processed)
Iteration 5/5 (read): traversing /Users/rmntim/Personal/ITMO/Semester5/OS-new/lab/intro-exp/out/graph-rand.bin ... OK (436905 nodes processed)

pilot/3/2: ['/Users/rmntim/Personal/ITMO/Semester5/OS-new/lab/intro-exp/out/graph_traverse_mmap', '--write', '5', '/Users/rmntim/Personal/ITMO/Semester5/OS-new/lab/intro-exp/out/graph-rand.bin']
Iteration 1/5 (write): traversing /Users/rmntim/Personal/ITMO/Semester5/OS-new/lab/intro-exp/out/graph-rand.bin ... OK (436905 nodes processed)
Iteration 2/5 (write): traversing /Users/rmntim/Personal/ITMO/Semester5/OS-new/lab/intro-exp/out/graph-rand.bin ... OK (436905 nodes processed)
Iteration 3/5 (write): traversing /Users/rmntim/Personal/ITMO/Semester5/OS-new/lab/intro-exp/out/graph-rand.bin ... OK (436905 nodes processed)
Iteration 4/5 (write): traversing /Users/rmntim/Personal/ITMO/Semester5/OS-new/lab/intro-exp/out/graph-rand.bin ... OK (436905 nodes processed)
Iteration 5/5 (write): traversing /Users/rmntim/Personal/ITMO/Semester5/OS-new/lab/intro-exp/out/graph-rand.bin ... OK (436905 nodes processed)

pilot/3/3: ['/Users/rmntim/Personal/ITMO/Semester5/OS-new/lab/intro-exp/out/graph_traverse', '--write', '5', '/Users/rmntim/Personal/ITMO/Semester5/OS-new/lab/intro-exp/out/graph-rand.bin']
Iteration 1/5 (write): traversing /Users/rmntim/Personal/ITMO/Semester5/OS-new/lab/intro-exp/out/graph-rand.bin ... OK (436905 nodes processed)
Iteration 2/5 (write): traversing /Users/rmntim/Personal/ITMO/Semester5/OS-new/lab/intro-exp/out/graph-rand.bin ... OK (436905 nodes processed)
Iteration 3/5 (write): traversing /Users/rmntim/Personal/ITMO/Semester5/OS-new/lab/intro-exp/out/graph-rand.bin ... OK (436905 nodes processed)
Iteration 4/5 (write): traversing /Users/rmntim/Personal/ITMO/Semester5/OS-new/lab/intro-exp/out/graph-rand.bin ... OK (436905 nodes processed)
Iteration 5/5 (write): traversing /Users/rmntim/Personal/ITMO/Semester5/OS-new/lab/intro-exp/out/graph-rand.bin ... OK (436905 nodes processed)

pilot/3/4: ['/Users/rmntim/Personal/ITMO/Semester5/OS-new/lab/intro-exp/out/graph_traverse_mmap', '5', '/Users/rmntim/Personal/ITMO/Semester5/OS-new/lab/intro-exp/out/graph-rand.bin']
Iteration 1/5 (read): traversing /Users/rmntim/Personal/ITMO/Semester5/OS-new/lab/intro-exp/out/graph-rand.bin ... OK (436905 nodes processed)
Iteration 2/5 (read): traversing /Users/rmntim/Personal/ITMO/Semester5/OS-new/lab/intro-exp/out/graph-rand.bin ... OK (436905 nodes processed)
Iteration 3/5 (read): traversing /Users/rmntim/Personal/ITMO/Semester5/OS-new/lab/intro-exp/out/graph-rand.bin ... OK (436905 nodes processed)
Iteration 4/5 (read): traversing /Users/rmntim/Personal/ITMO/Semester5/OS-new/lab/intro-exp/out/graph-rand.bin ... OK (436905 nodes processed)
Iteration 5/5 (read): traversing /Users/rmntim/Personal/ITMO/Semester5/OS-new/lab/intro-exp/out/graph-rand.bin ... OK (436905 nodes processed)

pilot/4/1: ['/Users/rmntim/Personal/ITMO/Semester5/OS-new/lab/intro-exp/out/graph_traverse_mmap', '5', '/Users/rmntim/Personal/ITMO/Semester5/OS-new/lab/intro-exp/out/graph-rand.bin']
Iteration 1/5 (read): traversing /Users/rmntim/Personal/ITMO/Semester5/OS-new/lab/intro-exp/out/graph-rand.bin ... OK (436905 nodes processed)
Iteration 2/5 (read): traversing /Users/rmntim/Personal/ITMO/Semester5/OS-new/lab/intro-exp/out/graph-rand.bin ... OK (436905 nodes processed)
Iteration 3/5 (read): traversing /Users/rmntim/Personal/ITMO/Semester5/OS-new/lab/intro-exp/out/graph-rand.bin ... OK (436905 nodes processed)
Iteration 4/5 (read): traversing /Users/rmntim/Personal/ITMO/Semester5/OS-new/lab/intro-exp/out/graph-rand.bin ... OK (436905 nodes processed)
Iteration 5/5 (read): traversing /Users/rmntim/Personal/ITMO/Semester5/OS-new/lab/intro-exp/out/graph-rand.bin ... OK (436905 nodes processed)

pilot/4/2: ['/Users/rmntim/Personal/ITMO/Semester5/OS-new/lab/intro-exp/out/graph_traverse_mmap', '--write', '5', '/Users/rmntim/Personal/ITMO/Semester5/OS-new/lab/intro-exp/out/graph-rand.bin']
Iteration 1/5 (write): traversing /Users/rmntim/Personal/ITMO/Semester5/OS-new/lab/intro-exp/out/graph-rand.bin ... OK (436905 nodes processed)
Iteration 2/5 (write): traversing /Users/rmntim/Personal/ITMO/Semester5/OS-new/lab/intro-exp/out/graph-rand.bin ... OK (436905 nodes processed)
Iteration 3/5 (write): traversing /Users/rmntim/Personal/ITMO/Semester5/OS-new/lab/intro-exp/out/graph-rand.bin ... OK (436905 nodes processed)
Iteration 4/5 (write): traversing /Users/rmntim/Personal/ITMO/Semester5/OS-new/lab/intro-exp/out/graph-rand.bin ... OK (436905 nodes processed)
Iteration 5/5 (write): traversing /Users/rmntim/Personal/ITMO/Semester5/OS-new/lab/intro-exp/out/graph-rand.bin ... OK (436905 nodes processed)

pilot/4/3: ['/Users/rmntim/Personal/ITMO/Semester5/OS-new/lab/intro-exp/out/graph_traverse', '--write', '5', '/Users/rmntim/Personal/ITMO/Semester5/OS-new/lab/intro-exp/out/graph-rand.bin']
Iteration 1/5 (write): traversing /Users/rmntim/Personal/ITMO/Semester5/OS-new/lab/intro-exp/out/graph-rand.bin ... OK (436905 nodes processed)
Iteration 2/5 (write): traversing /Users/rmntim/Personal/ITMO/Semester5/OS-new/lab/intro-exp/out/graph-rand.bin ... OK (436905 nodes processed)
Iteration 3/5 (write): traversing /Users/rmntim/Personal/ITMO/Semester5/OS-new/lab/intro-exp/out/graph-rand.bin ... OK (436905 nodes processed)
Iteration 4/5 (write): traversing /Users/rmntim/Personal/ITMO/Semester5/OS-new/lab/intro-exp/out/graph-rand.bin ... OK (436905 nodes processed)
Iteration 5/5 (write): traversing /Users/rmntim/Personal/ITMO/Semester5/OS-new/lab/intro-exp/out/graph-rand.bin ... OK (436905 nodes processed)

pilot/4/4: ['/Users/rmntim/Personal/ITMO/Semester5/OS-new/lab/intro-exp/out/graph_traverse', '5', '/Users/rmntim/Personal/ITMO/Semester5/OS-new/lab/intro-exp/out/graph-rand.bin']
Iteration 1/5 (read): traversing /Users/rmntim/Personal/ITMO/Semester5/OS-new/lab/intro-exp/out/graph-rand.bin ... OK (436905 nodes processed)
Iteration 2/5 (read): traversing /Users/rmntim/Personal/ITMO/Semester5/OS-new/lab/intro-exp/out/graph-rand.bin ... OK (436905 nodes processed)
Iteration 3/5 (read): traversing /Users/rmntim/Personal/ITMO/Semester5/OS-new/lab/intro-exp/out/graph-rand.bin ... OK (436905 nodes processed)
Iteration 4/5 (read): traversing /Users/rmntim/Personal/ITMO/Semester5/OS-new/lab/intro-exp/out/graph-rand.bin ... OK (436905 nodes processed)
Iteration 5/5 (read): traversing /Users/rmntim/Personal/ITMO/Semester5/OS-new/lab/intro-exp/out/graph-rand.bin ... OK (436905 nodes processed)

pilot/5/1: ['/Users/rmntim/Personal/ITMO/Semester5/OS-new/lab/intro-exp/out/graph_traverse', '--write', '5', '/Users/rmntim/Personal/ITMO/Semester5/OS-new/lab/intro-exp/out/graph-rand.bin']
Iteration 1/5 (write): traversing /Users/rmntim/Personal/ITMO/Semester5/OS-new/lab/intro-exp/out/graph-rand.bin ... OK (436905 nodes processed)
Iteration 2/5 (write): traversing /Users/rmntim/Personal/ITMO/Semester5/OS-new/lab/intro-exp/out/graph-rand.bin ... OK (436905 nodes processed)
Iteration 3/5 (write): traversing /Users/rmntim/Personal/ITMO/Semester5/OS-new/lab/intro-exp/out/graph-rand.bin ... OK (436905 nodes processed)
Iteration 4/5 (write): traversing /Users/rmntim/Personal/ITMO/Semester5/OS-new/lab/intro-exp/out/graph-rand.bin ... OK (436905 nodes processed)
Iteration 5/5 (write): traversing /Users/rmntim/Personal/ITMO/Semester5/OS-new/lab/intro-exp/out/graph-rand.bin ... OK (436905 nodes processed)

pilot/5/2: ['/Users/rmntim/Personal/ITMO/Semester5/OS-new/lab/intro-exp/out/graph_traverse', '5', '/Users/rmntim/Personal/ITMO/Semester5/OS-new/lab/intro-exp/out/graph-rand.bin']
Iteration 1/5 (read): traversing /Users/rmntim/Personal/ITMO/Semester5/OS-new/lab/intro-exp/out/graph-rand.bin ... OK (436905 nodes processed)
Iteration 2/5 (read): traversing /Users/rmntim/Personal/ITMO/Semester5/OS-new/lab/intro-exp/out/graph-rand.bin ... OK (436905 nodes processed)
Iteration 3/5 (read): traversing /Users/rmntim/Personal/ITMO/Semester5/OS-new/lab/intro-exp/out/graph-rand.bin ... OK (436905 nodes processed)
Iteration 4/5 (read): traversing /Users/rmntim/Personal/ITMO/Semester5/OS-new/lab/intro-exp/out/graph-rand.bin ... OK (436905 nodes processed)
Iteration 5/5 (read): traversing /Users/rmntim/Personal/ITMO/Semester5/OS-new/lab/intro-exp/out/graph-rand.bin ... OK (436905 nodes processed)

pilot/5/3: ['/Users/rmntim/Personal/ITMO/Semester5/OS-new/lab/intro-exp/out/graph_traverse_mmap', '5', '/Users/rmntim/Personal/ITMO/Semester5/OS-new/lab/intro-exp/out/graph-rand.bin']
Iteration 1/5 (read): traversing /Users/rmntim/Personal/ITMO/Semester5/OS-new/lab/intro-exp/out/graph-rand.bin ... OK (436905 nodes processed)
Iteration 2/5 (read): traversing /Users/rmntim/Personal/ITMO/Semester5/OS-new/lab/intro-exp/out/graph-rand.bin ... OK (436905 nodes processed)
Iteration 3/5 (read): traversing /Users/rmntim/Personal/ITMO/Semester5/OS-new/lab/intro-exp/out/graph-rand.bin ... OK (436905 nodes processed)
Iteration 4/5 (read): traversing /Users/rmntim/Personal/ITMO/Semester5/OS-new/lab/intro-exp/out/graph-rand.bin ... OK (436905 nodes processed)
Iteration 5/5 (read): traversing /Users/rmntim/Personal/ITMO/Semester5/OS-new/lab/intro-exp/out/graph-rand.bin ... OK (436905 nodes processed)

pilot/5/4: ['/Users/rmntim/Personal/ITMO/Semester5/OS-new/lab/intro-exp/out/graph_traverse_mmap', '--write', '5', '/Users/rmntim/Personal/ITMO/Semester5/OS-new/lab/intro-exp/out/graph-rand.bin']
Iteration 1/5 (write): traversing /Users/rmntim/Personal/ITMO/Semester5/OS-new/lab/intro-exp/out/graph-rand.bin ... OK (436905 nodes processed)
Iteration 2/5 (write): traversing /Users/rmntim/Personal/ITMO/Semester5/OS-new/lab/intro-exp/out/graph-rand.bin ... OK (436905 nodes processed)
Iteration 3/5 (write): traversing /Users/rmntim/Personal/ITMO/Semester5/OS-new/lab/intro-exp/out/graph-rand.bin ... OK (436905 nodes processed)
Iteration 4/5 (write): traversing /Users/rmntim/Personal/ITMO/Semester5/OS-new/lab/intro-exp/out/graph-rand.bin ... OK (436905 nodes processed)
Iteration 5/5 (write): traversing /Users/rmntim/Personal/ITMO/Semester5/OS-new/lab/intro-exp/out/graph-rand.bin ... OK (436905 nodes processed)

pilot/6/1: ['/Users/rmntim/Personal/ITMO/Semester5/OS-new/lab/intro-exp/out/graph_traverse', '--write', '5', '/Users/rmntim/Personal/ITMO/Semester5/OS-new/lab/intro-exp/out/graph-rand.bin']
Iteration 1/5 (write): traversing /Users/rmntim/Personal/ITMO/Semester5/OS-new/lab/intro-exp/out/graph-rand.bin ... OK (436905 nodes processed)
Iteration 2/5 (write): traversing /Users/rmntim/Personal/ITMO/Semester5/OS-new/lab/intro-exp/out/graph-rand.bin ... OK (436905 nodes processed)
Iteration 3/5 (write): traversing /Users/rmntim/Personal/ITMO/Semester5/OS-new/lab/intro-exp/out/graph-rand.bin ... OK (436905 nodes processed)
Iteration 4/5 (write): traversing /Users/rmntim/Personal/ITMO/Semester5/OS-new/lab/intro-exp/out/graph-rand.bin ... OK (436905 nodes processed)
Iteration 5/5 (write): traversing /Users/rmntim/Personal/ITMO/Semester5/OS-new/lab/intro-exp/out/graph-rand.bin ... OK (436905 nodes processed)

pilot/6/2: ['/Users/rmntim/Personal/ITMO/Semester5/OS-new/lab/intro-exp/out/graph_traverse', '5', '/Users/rmntim/Personal/ITMO/Semester5/OS-new/lab/intro-exp/out/graph-rand.bin']
Iteration 1/5 (read): traversing /Users/rmntim/Personal/ITMO/Semester5/OS-new/lab/intro-exp/out/graph-rand.bin ... OK (436905 nodes processed)
Iteration 2/5 (read): traversing /Users/rmntim/Personal/ITMO/Semester5/OS-new/lab/intro-exp/out/graph-rand.bin ... OK (436905 nodes processed)
Iteration 3/5 (read): traversing /Users/rmntim/Personal/ITMO/Semester5/OS-new/lab/intro-exp/out/graph-rand.bin ... OK (436905 nodes processed)
Iteration 4/5 (read): traversing /Users/rmntim/Personal/ITMO/Semester5/OS-new/lab/intro-exp/out/graph-rand.bin ... OK (436905 nodes processed)
Iteration 5/5 (read): traversing /Users/rmntim/Personal/ITMO/Semester5/OS-new/lab/intro-exp/out/graph-rand.bin ... OK (436905 nodes processed)

pilot/6/3: ['/Users/rmntim/Personal/ITMO/Semester5/OS-new/lab/intro-exp/out/graph_traverse_mmap', '5', '/Users/rmntim/Personal/ITMO/Semester5/OS-new/lab/intro-exp/out/graph-rand.bin']
Iteration 1/5 (read): traversing /Users/rmntim/Personal/ITMO/Semester5/OS-new/lab/intro-exp/out/graph-rand.bin ... OK (436905 nodes processed)
Iteration 2/5 (read): traversing /Users/rmntim/Personal/ITMO/Semester5/OS-new/lab/intro-exp/out/graph-rand.bin ... OK (436905 nodes processed)
Iteration 3/5 (read): traversing /Users/rmntim/Personal/ITMO/Semester5/OS-new/lab/intro-exp/out/graph-rand.bin ... OK (436905 nodes processed)
Iteration 4/5 (read): traversing /Users/rmntim/Personal/ITMO/Semester5/OS-new/lab/intro-exp/out/graph-rand.bin ... OK (436905 nodes processed)
Iteration 5/5 (read): traversing /Users/rmntim/Personal/ITMO/Semester5/OS-new/lab/intro-exp/out/graph-rand.bin ... OK (436905 nodes processed)

pilot/6/4: ['/Users/rmntim/Personal/ITMO/Semester5/OS-new/lab/intro-exp/out/graph_traverse_mmap', '--write', '5', '/Users/rmntim/Personal/ITMO/Semester5/OS-new/lab/intro-exp/out/graph-rand.bin']
Iteration 1/5 (write): traversing /Users/rmntim/Personal/ITMO/Semester5/OS-new/lab/intro-exp/out/graph-rand.bin ... OK (436905 nodes processed)
Iteration 2/5 (write): traversing /Users/rmntim/Personal/ITMO/Semester5/OS-new/lab/intro-exp/out/graph-rand.bin ... OK (436905 nodes processed)
Iteration 3/5 (write): traversing /Users/rmntim/Personal/ITMO/Semester5/OS-new/lab/intro-exp/out/graph-rand.bin ... OK (436905 nodes processed)
Iteration 4/5 (write): traversing /Users/rmntim/Personal/ITMO/Semester5/OS-new/lab/intro-exp/out/graph-rand.bin ... OK (436905 nodes processed)
Iteration 5/5 (write): traversing /Users/rmntim/Personal/ITMO/Semester5/OS-new/lab/intro-exp/out/graph-rand.bin ... OK (436905 nodes processed)

pilot/7/1: ['/Users/rmntim/Personal/ITMO/Semester5/OS-new/lab/intro-exp/out/graph_traverse', '5', '/Users/rmntim/Personal/ITMO/Semester5/OS-new/lab/intro-exp/out/graph-rand.bin']
Iteration 1/5 (read): traversing /Users/rmntim/Personal/ITMO/Semester5/OS-new/lab/intro-exp/out/graph-rand.bin ... OK (436905 nodes processed)
Iteration 2/5 (read): traversing /Users/rmntim/Personal/ITMO/Semester5/OS-new/lab/intro-exp/out/graph-rand.bin ... OK (436905 nodes processed)
Iteration 3/5 (read): traversing /Users/rmntim/Personal/ITMO/Semester5/OS-new/lab/intro-exp/out/graph-rand.bin ... OK (436905 nodes processed)
Iteration 4/5 (read): traversing /Users/rmntim/Personal/ITMO/Semester5/OS-new/lab/intro-exp/out/graph-rand.bin ... OK (436905 nodes processed)
Iteration 5/5 (read): traversing /Users/rmntim/Personal/ITMO/Semester5/OS-new/lab/intro-exp/out/graph-rand.bin ... OK (436905 nodes processed)

pilot/7/2: ['/Users/rmntim/Personal/ITMO/Semester5/OS-new/lab/intro-exp/out/graph_traverse_mmap', '--write', '5', '/Users/rmntim/Personal/ITMO/Semester5/OS-new/lab/intro-exp/out/graph-rand.bin']
Iteration 1/5 (write): traversing /Users/rmntim/Personal/ITMO/Semester5/OS-new/lab/intro-exp/out/graph-rand.bin ... OK (436905 nodes processed)
Iteration 2/5 (write): traversing /Users/rmntim/Personal/ITMO/Semester5/OS-new/lab/intro-exp/out/graph-rand.bin ... OK (436905 nodes processed)
Iteration 3/5 (write): traversing /Users/rmntim/Personal/ITMO/Semester5/OS-new/lab/intro-exp/out/graph-rand.bin ... OK (436905 nodes processed)
Iteration 4/5 (write): traversing /Users/rmntim/Personal/ITMO/Semester5/OS-new/lab/intro-exp/out/graph-rand.bin ... OK (436905 nodes processed)
Iteration 5/5 (write): traversing /Users/rmntim/Personal/ITMO/Semester5/OS-new/lab/intro-exp/out/graph-rand.bin ... OK (436905 nodes processed)

pilot/7/3: ['/Users/rmntim/Personal/ITMO/Semester5/OS-new/lab/intro-exp/out/graph_traverse', '--write', '5', '/Users/rmntim/Personal/ITMO/Semester5/OS-new/lab/intro-exp/out/graph-rand.bin']
Iteration 1/5 (write): traversing /Users/rmntim/Personal/ITMO/Semester5/OS-new/lab/intro-exp/out/graph-rand.bin ... OK (436905 nodes processed)
Iteration 2/5 (write): traversing /Users/rmntim/Personal/ITMO/Semester5/OS-new/lab/intro-exp/out/graph-rand.bin ... OK (436905 nodes processed)
Iteration 3/5 (write): traversing /Users/rmntim/Personal/ITMO/Semester5/OS-new/lab/intro-exp/out/graph-rand.bin ... OK (436905 nodes processed)
Iteration 4/5 (write): traversing /Users/rmntim/Personal/ITMO/Semester5/OS-new/lab/intro-exp/out/graph-rand.bin ... OK (436905 nodes processed)
Iteration 5/5 (write): traversing /Users/rmntim/Personal/ITMO/Semester5/OS-new/lab/intro-exp/out/graph-rand.bin ... OK (436905 nodes processed)

pilot/7/4: ['/Users/rmntim/Personal/ITMO/Semester5/OS-new/lab/intro-exp/out/graph_traverse_mmap', '5', '/Users/rmntim/Personal/ITMO/Semester5/OS-new/lab/intro-exp/out/graph-rand.bin']
Iteration 1/5 (read): traversing /Users/rmntim/Personal/ITMO/Semester5/OS-new/lab/intro-exp/out/graph-rand.bin ... OK (436905 nodes processed)
Iteration 2/5 (read): traversing /Users/rmntim/Personal/ITMO/Semester5/OS-new/lab/intro-exp/out/graph-rand.bin ... OK (436905 nodes processed)
Iteration 3/5 (read): traversing /Users/rmntim/Personal/ITMO/Semester5/OS-new/lab/intro-exp/out/graph-rand.bin ... OK (436905 nodes processed)
Iteration 4/5 (read): traversing /Users/rmntim/Personal/ITMO/Semester5/OS-new/lab/intro-exp/out/graph-rand.bin ... OK (436905 nodes processed)
Iteration 5/5 (read): traversing /Users/rmntim/Personal/ITMO/Semester5/OS-new/lab/intro-exp/out/graph-rand.bin ... OK (436905 nodes processed)

pilot/8/1: ['/Users/rmntim/Personal/ITMO/Semester5/OS-new/lab/intro-exp/out/graph_traverse_mmap', '--write', '5', '/Users/rmntim/Personal/ITMO/Semester5/OS-new/lab/intro-exp/out/graph-rand.bin']
Iteration 1/5 (write): traversing /Users/rmntim/Personal/ITMO/Semester5/OS-new/lab/intro-exp/out/graph-rand.bin ... OK (436905 nodes processed)
Iteration 2/5 (write): traversing /Users/rmntim/Personal/ITMO/Semester5/OS-new/lab/intro-exp/out/graph-rand.bin ... OK (436905 nodes processed)
Iteration 3/5 (write): traversing /Users/rmntim/Personal/ITMO/Semester5/OS-new/lab/intro-exp/out/graph-rand.bin ... OK (436905 nodes processed)
Iteration 4/5 (write): traversing /Users/rmntim/Personal/ITMO/Semester5/OS-new/lab/intro-exp/out/graph-rand.bin ... OK (436905 nodes processed)
Iteration 5/5 (write): traversing /Users/rmntim/Personal/ITMO/Semester5/OS-new/lab/intro-exp/out/graph-rand.bin ... OK (436905 nodes processed)

pilot/8/2: ['/Users/rmntim/Personal/ITMO/Semester5/OS-new/lab/intro-exp/out/graph_traverse_mmap', '5', '/Users/rmntim/Personal/ITMO/Semester5/OS-new/lab/intro-exp/out/graph-rand.bin']
Iteration 1/5 (read): traversing /Users/rmntim/Personal/ITMO/Semester5/OS-new/lab/intro-exp/out/graph-rand.bin ... OK (436905 nodes processed)
Iteration 2/5 (read): traversing /Users/rmntim/Personal/ITMO/Semester5/OS-new/lab/intro-exp/out/graph-rand.bin ... OK (436905 nodes processed)
Iteration 3/5 (read): traversing /Users/rmntim/Personal/ITMO/Semester5/OS-new/lab/intro-exp/out/graph-rand.bin ... OK (436905 nodes processed)
Iteration 4/5 (read): traversing /Users/rmntim/Personal/ITMO/Semester5/OS-new/lab/intro-exp/out/graph-rand.bin ... OK (436905 nodes processed)
Iteration 5/5 (read): traversing /Users/rmntim/Personal/ITMO/Semester5/OS-new/lab/intro-exp/out/graph-rand.bin ... OK (436905 nodes processed)

pilot/8/3: ['/Users/rmntim/Personal/ITMO/Semester5/OS-new/lab/intro-exp/out/graph_traverse', '5', '/Users/rmntim/Personal/ITMO/Semester5/OS-new/lab/intro-exp/out/graph-rand.bin']
Iteration 1/5 (read): traversing /Users/rmntim/Personal/ITMO/Semester5/OS-new/lab/intro-exp/out/graph-rand.bin ... OK (436905 nodes processed)
Iteration 2/5 (read): traversing /Users/rmntim/Personal/ITMO/Semester5/OS-new/lab/intro-exp/out/graph-rand.bin ... OK (436905 nodes processed)
Iteration 3/5 (read): traversing /Users/rmntim/Personal/ITMO/Semester5/OS-new/lab/intro-exp/out/graph-rand.bin ... OK (436905 nodes processed)
Iteration 4/5 (read): traversing /Users/rmntim/Personal/ITMO/Semester5/OS-new/lab/intro-exp/out/graph-rand.bin ... OK (436905 nodes processed)
Iteration 5/5 (read): traversing /Users/rmntim/Personal/ITMO/Semester5/OS-new/lab/intro-exp/out/graph-rand.bin ... OK (436905 nodes processed)

pilot/8/4: ['/Users/rmntim/Personal/ITMO/Semester5/OS-new/lab/intro-exp/out/graph_traverse', '--write', '5', '/Users/rmntim/Personal/ITMO/Semester5/OS-new/lab/intro-exp/out/graph-rand.bin']
Iteration 1/5 (write): traversing /Users/rmntim/Personal/ITMO/Semester5/OS-new/lab/intro-exp/out/graph-rand.bin ... OK (436905 nodes processed)
Iteration 2/5 (write): traversing /Users/rmntim/Personal/ITMO/Semester5/OS-new/lab/intro-exp/out/graph-rand.bin ... OK (436905 nodes processed)
Iteration 3/5 (write): traversing /Users/rmntim/Personal/ITMO/Semester5/OS-new/lab/intro-exp/out/graph-rand.bin ... OK (436905 nodes processed)
Iteration 4/5 (write): traversing /Users/rmntim/Personal/ITMO/Semester5/OS-new/lab/intro-exp/out/graph-rand.bin ... OK (436905 nodes processed)
Iteration 5/5 (write): traversing /Users/rmntim/Personal/ITMO/Semester5/OS-new/lab/intro-exp/out/graph-rand.bin ... OK (436905 nodes processed)

pilot/9/1: ['/Users/rmntim/Personal/ITMO/Semester5/OS-new/lab/intro-exp/out/graph_traverse_mmap', '5', '/Users/rmntim/Personal/ITMO/Semester5/OS-new/lab/intro-exp/out/graph-rand.bin']
Iteration 1/5 (read): traversing /Users/rmntim/Personal/ITMO/Semester5/OS-new/lab/intro-exp/out/graph-rand.bin ... OK (436905 nodes processed)
Iteration 2/5 (read): traversing /Users/rmntim/Personal/ITMO/Semester5/OS-new/lab/intro-exp/out/graph-rand.bin ... OK (436905 nodes processed)
Iteration 3/5 (read): traversing /Users/rmntim/Personal/ITMO/Semester5/OS-new/lab/intro-exp/out/graph-rand.bin ... OK (436905 nodes processed)
Iteration 4/5 (read): traversing /Users/rmntim/Personal/ITMO/Semester5/OS-new/lab/intro-exp/out/graph-rand.bin ... OK (436905 nodes processed)
Iteration 5/5 (read): traversing /Users/rmntim/Personal/ITMO/Semester5/OS-new/lab/intro-exp/out/graph-rand.bin ... OK (436905 nodes processed)

pilot/9/2: ['/Users/rmntim/Personal/ITMO/Semester5/OS-new/lab/intro-exp/out/graph_traverse', '5', '/Users/rmntim/Personal/ITMO/Semester5/OS-new/lab/intro-exp/out/graph-rand.bin']
Iteration 1/5 (read): traversing /Users/rmntim/Personal/ITMO/Semester5/OS-new/lab/intro-exp/out/graph-rand.bin ... OK (436905 nodes processed)
Iteration 2/5 (read): traversing /Users/rmntim/Personal/ITMO/Semester5/OS-new/lab/intro-exp/out/graph-rand.bin ... OK (436905 nodes processed)
Iteration 3/5 (read): traversing /Users/rmntim/Personal/ITMO/Semester5/OS-new/lab/intro-exp/out/graph-rand.bin ... OK (436905 nodes processed)
Iteration 4/5 (read): traversing /Users/rmntim/Personal/ITMO/Semester5/OS-new/lab/intro-exp/out/graph-rand.bin ... OK (436905 nodes processed)
Iteration 5/5 (read): traversing /Users/rmntim/Personal/ITMO/Semester5/OS-new/lab/intro-exp/out/graph-rand.bin ... OK (436905 nodes processed)

pilot/9/3: ['/Users/rmntim/Personal/ITMO/Semester5/OS-new/lab/intro-exp/out/graph_traverse_mmap', '--write', '5', '/Users/rmntim/Personal/ITMO/Semester5/OS-new/lab/intro-exp/out/graph-rand.bin']
Iteration 1/5 (write): traversing /Users/rmntim/Personal/ITMO/Semester5/OS-new/lab/intro-exp/out/graph-rand.bin ... OK (436905 nodes processed)
Iteration 2/5 (write): traversing /Users/rmntim/Personal/ITMO/Semester5/OS-new/lab/intro-exp/out/graph-rand.bin ... OK (436905 nodes processed)
Iteration 3/5 (write): traversing /Users/rmntim/Personal/ITMO/Semester5/OS-new/lab/intro-exp/out/graph-rand.bin ... OK (436905 nodes processed)
Iteration 4/5 (write): traversing /Users/rmntim/Personal/ITMO/Semester5/OS-new/lab/intro-exp/out/graph-rand.bin ... OK (436905 nodes processed)
Iteration 5/5 (write): traversing /Users/rmntim/Personal/ITMO/Semester5/OS-new/lab/intro-exp/out/graph-rand.bin ... OK (436905 nodes processed)

pilot/9/4: ['/Users/rmntim/Personal/ITMO/Semester5/OS-new/lab/intro-exp/out/graph_traverse', '--write', '5', '/Users/rmntim/Personal/ITMO/Semester5/OS-new/lab/intro-exp/out/graph-rand.bin']
Iteration 1/5 (write): traversing /Users/rmntim/Personal/ITMO/Semester5/OS-new/lab/intro-exp/out/graph-rand.bin ... OK (436905 nodes processed)
Iteration 2/5 (write): traversing /Users/rmntim/Personal/ITMO/Semester5/OS-new/lab/intro-exp/out/graph-rand.bin ... OK (436905 nodes processed)
Iteration 3/5 (write): traversing /Users/rmntim/Personal/ITMO/Semester5/OS-new/lab/intro-exp/out/graph-rand.bin ... OK (436905 nodes processed)
Iteration 4/5 (write): traversing /Users/rmntim/Personal/ITMO/Semester5/OS-new/lab/intro-exp/out/graph-rand.bin ... OK (436905 nodes processed)
Iteration 5/5 (write): traversing /Users/rmntim/Personal/ITMO/Semester5/OS-new/lab/intro-exp/out/graph-rand.bin ... OK (436905 nodes processed)

pilot/10/1: ['/Users/rmntim/Personal/ITMO/Semester5/OS-new/lab/intro-exp/out/graph_traverse_mmap', '5', '/Users/rmntim/Personal/ITMO/Semester5/OS-new/lab/intro-exp/out/graph-rand.bin']
Iteration 1/5 (read): traversing /Users/rmntim/Personal/ITMO/Semester5/OS-new/lab/intro-exp/out/graph-rand.bin ... OK (436905 nodes processed)
Iteration 2/5 (read): traversing /Users/rmntim/Personal/ITMO/Semester5/OS-new/lab/intro-exp/out/graph-rand.bin ... OK (436905 nodes processed)
Iteration 3/5 (read): traversing /Users/rmntim/Personal/ITMO/Semester5/OS-new/lab/intro-exp/out/graph-rand.bin ... OK (436905 nodes processed)
Iteration 4/5 (read): traversing /Users/rmntim/Personal/ITMO/Semester5/OS-new/lab/intro-exp/out/graph-rand.bin ... OK (436905 nodes processed)
Iteration 5/5 (read): traversing /Users/rmntim/Personal/ITMO/Semester5/OS-new/lab/intro-exp/out/graph-rand.bin ... OK (436905 nodes processed)

pilot/10/2: ['/Users/rmntim/Personal/ITMO/Semester5/OS-new/lab/intro-exp/out/graph_traverse', '5', '/Users/rmntim/Personal/ITMO/Semester5/OS-new/lab/intro-exp/out/graph-rand.bin']
Iteration 1/5 (read): traversing /Users/rmntim/Personal/ITMO/Semester5/OS-new/lab/intro-exp/out/graph-rand.bin ... OK (436905 nodes processed)
Iteration 2/5 (read): traversing /Users/rmntim/Personal/ITMO/Semester5/OS-new/lab/intro-exp/out/graph-rand.bin ... OK (436905 nodes processed)
Iteration 3/5 (read): traversing /Users/rmntim/Personal/ITMO/Semester5/OS-new/lab/intro-exp/out/graph-rand.bin ... OK (436905 nodes processed)
Iteration 4/5 (read): traversing /Users/rmntim/Personal/ITMO/Semester5/OS-new/lab/intro-exp/out/graph-rand.bin ... OK (436905 nodes processed)
Iteration 5/5 (read): traversing /Users/rmntim/Personal/ITMO/Semester5/OS-new/lab/intro-exp/out/graph-rand.bin ... OK (436905 nodes processed)

pilot/10/3: ['/Users/rmntim/Personal/ITMO/Semester5/OS-new/lab/intro-exp/out/graph_traverse_mmap', '--write', '5', '/Users/rmntim/Personal/ITMO/Semester5/OS-new/lab/intro-exp/out/graph-rand.bin']
Iteration 1/5 (write): traversing /Users/rmntim/Personal/ITMO/Semester5/OS-new/lab/intro-exp/out/graph-rand.bin ... OK (436905 nodes processed)
Iteration 2/5 (write): traversing /Users/rmntim/Personal/ITMO/Semester5/OS-new/lab/intro-exp/out/graph-rand.bin ... OK (436905 nodes processed)
Iteration 3/5 (write): traversing /Users/rmntim/Personal/ITMO/Semester5/OS-new/lab/intro-exp/out/graph-rand.bin ... OK (436905 nodes processed)
Iteration 4/5 (write): traversing /Users/rmntim/Personal/ITMO/Semester5/OS-new/lab/intro-exp/out/graph-rand.bin ... OK (436905 nodes processed)
Iteration 5/5 (write): traversing /Users/rmntim/Personal/ITMO/Semester5/OS-new/lab/intro-exp/out/graph-rand.bin ... OK (436905 nodes processed)

pilot/10/4: ['/Users/rmntim/Personal/ITMO/Semester5/OS-new/lab/intro-exp/out/graph_traverse', '--write', '5', '/Users/rmntim/Personal/ITMO/Semester5/OS-new/lab/intro-exp/out/graph-rand.bin']
Iteration 1/5 (write): traversing /Users/rmntim/Personal/ITMO/Semester5/OS-new/lab/intro-exp/out/graph-rand.bin ... OK (436905 nodes processed)
Iteration 2/5 (write): traversing /Users/rmntim/Personal/ITMO/Semester5/OS-new/lab/intro-exp/out/graph-rand.bin ... OK (436905 nodes processed)
Iteration 3/5 (write): traversing /Users/rmntim/Personal/ITMO/Semester5/OS-new/lab/intro-exp/out/graph-rand.bin ... OK (436905 nodes processed)
Iteration 4/5 (write): traversing /Users/rmntim/Personal/ITMO/Semester5/OS-new/lab/intro-exp/out/graph-rand.bin ... OK (436905 nodes processed)
Iteration 5/5 (write): traversing /Users/rmntim/Personal/ITMO/Semester5/OS-new/lab/intro-exp/out/graph-rand.bin ... OK (436905 nodes processed)

final/1/1: ['/Users/rmntim/Personal/ITMO/Semester5/OS-new/lab/intro-exp/out/graph_traverse_mmap', '5', '/Users/rmntim/Personal/ITMO/Semester5/OS-new/lab/intro-exp/out/graph-rand.bin']
Iteration 1/5 (read): traversing /Users/rmntim/Personal/ITMO/Semester5/OS-new/lab/intro-exp/out/graph-rand.bin ... OK (436905 nodes processed)
Iteration 2/5 (read): traversing /Users/rmntim/Personal/ITMO/Semester5/OS-new/lab/intro-exp/out/graph-rand.bin ... OK (436905 nodes processed)
Iteration 3/5 (read): traversing /Users/rmntim/Personal/ITMO/Semester5/OS-new/lab/intro-exp/out/graph-rand.bin ... OK (436905 nodes processed)
Iteration 4/5 (read): traversing /Users/rmntim/Personal/ITMO/Semester5/OS-new/lab/intro-exp/out/graph-rand.bin ... OK (436905 nodes processed)
Iteration 5/5 (read): traversing /Users/rmntim/Personal/ITMO/Semester5/OS-new/lab/intro-exp/out/graph-rand.bin ... OK (436905 nodes processed)

final/1/2: ['/Users/rmntim/Personal/ITMO/Semester5/OS-new/lab/intro-exp/out/graph_traverse_mmap', '--write', '5', '/Users/rmntim/Personal/ITMO/Semester5/OS-new/lab/intro-exp/out/graph-rand.bin']
Iteration 1/5 (write): traversing /Users/rmntim/Personal/ITMO/Semester5/OS-new/lab/intro-exp/out/graph-rand.bin ... OK (436905 nodes processed)
Iteration 2/5 (write): traversing /Users/rmntim/Personal/ITMO/Semester5/OS-new/lab/intro-exp/out/graph-rand.bin ... OK (436905 nodes processed)
Iteration 3/5 (write): traversing /Users/rmntim/Personal/ITMO/Semester5/OS-new/lab/intro-exp/out/graph-rand.bin ... OK (436905 nodes processed)
Iteration 4/5 (write): traversing /Users/rmntim/Personal/ITMO/Semester5/OS-new/lab/intro-exp/out/graph-rand.bin ... OK (436905 nodes processed)
Iteration 5/5 (write): traversing /Users/rmntim/Personal/ITMO/Semester5/OS-new/lab/intro-exp/out/graph-rand.bin ... OK (436905 nodes processed)

final/1/3: ['/Users/rmntim/Personal/ITMO/Semester5/OS-new/lab/intro-exp/out/graph_traverse', '5', '/Users/rmntim/Personal/ITMO/Semester5/OS-new/lab/intro-exp/out/graph-rand.bin']
Iteration 1/5 (read): traversing /Users/rmntim/Personal/ITMO/Semester5/OS-new/lab/intro-exp/out/graph-rand.bin ... OK (436905 nodes processed)
Iteration 2/5 (read): traversing /Users/rmntim/Personal/ITMO/Semester5/OS-new/lab/intro-exp/out/graph-rand.bin ... OK (436905 nodes processed)
Iteration 3/5 (read): traversing /Users/rmntim/Personal/ITMO/Semester5/OS-new/lab/intro-exp/out/graph-rand.bin ... OK (436905 nodes processed)
Iteration 4/5 (read): traversing /Users/rmntim/Personal/ITMO/Semester5/OS-new/lab/intro-exp/out/graph-rand.bin ... OK (436905 nodes processed)
Iteration 5/5 (read): traversing /Users/rmntim/Personal/ITMO/Semester5/OS-new/lab/intro-exp/out/graph-rand.bin ... OK (436905 nodes processed)

final/1/4: ['/Users/rmntim/Personal/ITMO/Semester5/OS-new/lab/intro-exp/out/graph_traverse', '--write', '5', '/Users/rmntim/Personal/ITMO/Semester5/OS-new/lab/intro-exp/out/graph-rand.bin']
Iteration 1/5 (write): traversing /Users/rmntim/Personal/ITMO/Semester5/OS-new/lab/intro-exp/out/graph-rand.bin ... OK (436905 nodes processed)
Iteration 2/5 (write): traversing /Users/rmntim/Personal/ITMO/Semester5/OS-new/lab/intro-exp/out/graph-rand.bin ... OK (436905 nodes processed)
Iteration 3/5 (write): traversing /Users/rmntim/Personal/ITMO/Semester5/OS-new/lab/intro-exp/out/graph-rand.bin ... OK (436905 nodes processed)
Iteration 4/5 (write): traversing /Users/rmntim/Personal/ITMO/Semester5/OS-new/lab/intro-exp/out/graph-rand.bin ... OK (436905 nodes processed)
Iteration 5/5 (write): traversing /Users/rmntim/Personal/ITMO/Semester5/OS-new/lab/intro-exp/out/graph-rand.bin ... OK (436905 nodes processed)

final/2/1: ['/Users/rmntim/Personal/ITMO/Semester5/OS-new/lab/intro-exp/out/graph_traverse_mmap', '--write', '5', '/Users/rmntim/Personal/ITMO/Semester5/OS-new/lab/intro-exp/out/graph-rand.bin']
Iteration 1/5 (write): traversing /Users/rmntim/Personal/ITMO/Semester5/OS-new/lab/intro-exp/out/graph-rand.bin ... OK (436905 nodes processed)
Iteration 2/5 (write): traversing /Users/rmntim/Personal/ITMO/Semester5/OS-new/lab/intro-exp/out/graph-rand.bin ... OK (436905 nodes processed)
Iteration 3/5 (write): traversing /Users/rmntim/Personal/ITMO/Semester5/OS-new/lab/intro-exp/out/graph-rand.bin ... OK (436905 nodes processed)
Iteration 4/5 (write): traversing /Users/rmntim/Personal/ITMO/Semester5/OS-new/lab/intro-exp/out/graph-rand.bin ... OK (436905 nodes processed)
Iteration 5/5 (write): traversing /Users/rmntim/Personal/ITMO/Semester5/OS-new/lab/intro-exp/out/graph-rand.bin ... OK (436905 nodes processed)

final/2/2: ['/Users/rmntim/Personal/ITMO/Semester5/OS-new/lab/intro-exp/out/graph_traverse', '--write', '5', '/Users/rmntim/Personal/ITMO/Semester5/OS-new/lab/intro-exp/out/graph-rand.bin']
Iteration 1/5 (write): traversing /Users/rmntim/Personal/ITMO/Semester5/OS-new/lab/intro-exp/out/graph-rand.bin ... OK (436905 nodes processed)
Iteration 2/5 (write): traversing /Users/rmntim/Personal/ITMO/Semester5/OS-new/lab/intro-exp/out/graph-rand.bin ... OK (436905 nodes processed)
Iteration 3/5 (write): traversing /Users/rmntim/Personal/ITMO/Semester5/OS-new/lab/intro-exp/out/graph-rand.bin ... OK (436905 nodes processed)
Iteration 4/5 (write): traversing /Users/rmntim/Personal/ITMO/Semester5/OS-new/lab/intro-exp/out/graph-rand.bin ... OK (436905 nodes processed)
Iteration 5/5 (write): traversing /Users/rmntim/Personal/ITMO/Semester5/OS-new/lab/intro-exp/out/graph-rand.bin ... OK (436905 nodes processed)

final/2/3: ['/Users/rmntim/Personal/ITMO/Semester5/OS-new/lab/intro-exp/out/graph_traverse_mmap', '5', '/Users/rmntim/Personal/ITMO/Semester5/OS-new/lab/intro-exp/out/graph-rand.bin']
Iteration 1/5 (read): traversing /Users/rmntim/Personal/ITMO/Semester5/OS-new/lab/intro-exp/out/graph-rand.bin ... OK (436905 nodes processed)
Iteration 2/5 (read): traversing /Users/rmntim/Personal/ITMO/Semester5/OS-new/lab/intro-exp/out/graph-rand.bin ... OK (436905 nodes processed)
Iteration 3/5 (read): traversing /Users/rmntim/Personal/ITMO/Semester5/OS-new/lab/intro-exp/out/graph-rand.bin ... OK (436905 nodes processed)
Iteration 4/5 (read): traversing /Users/rmntim/Personal/ITMO/Semester5/OS-new/lab/intro-exp/out/graph-rand.bin ... OK (436905 nodes processed)
Iteration 5/5 (read): traversing /Users/rmntim/Personal/ITMO/Semester5/OS-new/lab/intro-exp/out/graph-rand.bin ... OK (436905 nodes processed)

final/2/4: ['/Users/rmntim/Personal/ITMO/Semester5/OS-new/lab/intro-exp/out/graph_traverse', '5', '/Users/rmntim/Personal/ITMO/Semester5/OS-new/lab/intro-exp/out/graph-rand.bin']
Iteration 1/5 (read): traversing /Users/rmntim/Personal/ITMO/Semester5/OS-new/lab/intro-exp/out/graph-rand.bin ... OK (436905 nodes processed)
Iteration 2/5 (read): traversing /Users/rmntim/Personal/ITMO/Semester5/OS-new/lab/intro-exp/out/graph-rand.bin ... OK (436905 nodes processed)
Iteration 3/5 (read): traversing /Users/rmntim/Personal/ITMO/Semester5/OS-new/lab/intro-exp/out/graph-rand.bin ... OK (436905 nodes processed)
Iteration 4/5 (read): traversing /Users/rmntim/Personal/ITMO/Semester5/OS-new/lab/intro-exp/out/graph-rand.bin ... OK (436905 nodes processed)
Iteration 5/5 (read): traversing /Users/rmntim/Personal/ITMO/Semester5/OS-new/lab/intro-exp/out/graph-rand.bin ... OK (436905 nodes processed)

final/3/1: ['/Users/rmntim/Personal/ITMO/Semester5/OS-new/lab/intro-exp/out/graph_traverse', '5', '/Users/rmntim/Personal/ITMO/Semester5/OS-new/lab/intro-exp/out/graph-rand.bin']
Iteration 1/5 (read): traversing /Users/rmntim/Personal/ITMO/Semester5/OS-new/lab/intro-exp/out/graph-rand.bin ... OK (436905 nodes processed)
Iteration 2/5 (read): traversing /Users/rmntim/Personal/ITMO/Semester5/OS-new/lab/intro-exp/out/graph-rand.bin ... OK (436905 nodes processed)
Iteration 3/5 (read): traversing /Users/rmntim/Personal/ITMO/Semester5/OS-new/lab/intro-exp/out/graph-rand.bin ... OK (436905 nodes processed)
Iteration 4/5 (read): traversing /Users/rmntim/Personal/ITMO/Semester5/OS-new/lab/intro-exp/out/graph-rand.bin ... OK (436905 nodes processed)
Iteration 5/5 (read): traversing /Users/rmntim/Personal/ITMO/Semester5/OS-new/lab/intro-exp/out/graph-rand.bin ... OK (436905 nodes processed)

final/3/2: ['/Users/rmntim/Personal/ITMO/Semester5/OS-new/lab/intro-exp/out/graph_traverse', '--write', '5', '/Users/rmntim/Personal/ITMO/Semester5/OS-new/lab/intro-exp/out/graph-rand.bin']
Iteration 1/5 (write): traversing /Users/rmntim/Personal/ITMO/Semester5/OS-new/lab/intro-exp/out/graph-rand.bin ... OK (436905 nodes processed)
Iteration 2/5 (write): traversing /Users/rmntim/Personal/ITMO/Semester5/OS-new/lab/intro-exp/out/graph-rand.bin ... OK (436905 nodes processed)
Iteration 3/5 (write): traversing /Users/rmntim/Personal/ITMO/Semester5/OS-new/lab/intro-exp/out/graph-rand.bin ... OK (436905 nodes processed)
Iteration 4/5 (write): traversing /Users/rmntim/Personal/ITMO/Semester5/OS-new/lab/intro-exp/out/graph-rand.bin ... OK (436905 nodes processed)
Iteration 5/5 (write): traversing /Users/rmntim/Personal/ITMO/Semester5/OS-new/lab/intro-exp/out/graph-rand.bin ... OK (436905 nodes processed)

final/3/3: ['/Users/rmntim/Personal/ITMO/Semester5/OS-new/lab/intro-exp/out/graph_traverse_mmap', '--write', '5', '/Users/rmntim/Personal/ITMO/Semester5/OS-new/lab/intro-exp/out/graph-rand.bin']
Iteration 1/5 (write): traversing /Users/rmntim/Personal/ITMO/Semester5/OS-new/lab/intro-exp/out/graph-rand.bin ... OK (436905 nodes processed)
Iteration 2/5 (write): traversing /Users/rmntim/Personal/ITMO/Semester5/OS-new/lab/intro-exp/out/graph-rand.bin ... OK (436905 nodes processed)
Iteration 3/5 (write): traversing /Users/rmntim/Personal/ITMO/Semester5/OS-new/lab/intro-exp/out/graph-rand.bin ... OK (436905 nodes processed)
Iteration 4/5 (write): traversing /Users/rmntim/Personal/ITMO/Semester5/OS-new/lab/intro-exp/out/graph-rand.bin ... OK (436905 nodes processed)
Iteration 5/5 (write): traversing /Users/rmntim/Personal/ITMO/Semester5/OS-new/lab/intro-exp/out/graph-rand.bin ... OK (436905 nodes processed)

final/3/4: ['/Users/rmntim/Personal/ITMO/Semester5/OS-new/lab/intro-exp/out/graph_traverse_mmap', '5', '/Users/rmntim/Personal/ITMO/Semester5/OS-new/lab/intro-exp/out/graph-rand.bin']
Iteration 1/5 (read): traversing /Users/rmntim/Personal/ITMO/Semester5/OS-new/lab/intro-exp/out/graph-rand.bin ... OK (436905 nodes processed)
Iteration 2/5 (read): traversing /Users/rmntim/Personal/ITMO/Semester5/OS-new/lab/intro-exp/out/graph-rand.bin ... OK (436905 nodes processed)
Iteration 3/5 (read): traversing /Users/rmntim/Personal/ITMO/Semester5/OS-new/lab/intro-exp/out/graph-rand.bin ... OK (436905 nodes processed)
Iteration 4/5 (read): traversing /Users/rmntim/Personal/ITMO/Semester5/OS-new/lab/intro-exp/out/graph-rand.bin ... OK (436905 nodes processed)
Iteration 5/5 (read): traversing /Users/rmntim/Personal/ITMO/Semester5/OS-new/lab/intro-exp/out/graph-rand.bin ... OK (436905 nodes processed)

final/4/1: ['/Users/rmntim/Personal/ITMO/Semester5/OS-new/lab/intro-exp/out/graph_traverse', '--write', '5', '/Users/rmntim/Personal/ITMO/Semester5/OS-new/lab/intro-exp/out/graph-rand.bin']
Iteration 1/5 (write): traversing /Users/rmntim/Personal/ITMO/Semester5/OS-new/lab/intro-exp/out/graph-rand.bin ... OK (436905 nodes processed)
Iteration 2/5 (write): traversing /Users/rmntim/Personal/ITMO/Semester5/OS-new/lab/intro-exp/out/graph-rand.bin ... OK (436905 nodes processed)
Iteration 3/5 (write): traversing /Users/rmntim/Personal/ITMO/Semester5/OS-new/lab/intro-exp/out/graph-rand.bin ... OK (436905 nodes processed)
Iteration 4/5 (write): traversing /Users/rmntim/Personal/ITMO/Semester5/OS-new/lab/intro-exp/out/graph-rand.bin ... OK (436905 nodes processed)
Iteration 5/5 (write): traversing /Users/rmntim/Personal/ITMO/Semester5/OS-new/lab/intro-exp/out/graph-rand.bin ... OK (436905 nodes processed)

final/4/2: ['/Users/rmntim/Personal/ITMO/Semester5/OS-new/lab/intro-exp/out/graph_traverse_mmap', '--write', '5', '/Users/rmntim/Personal/ITMO/Semester5/OS-new/lab/intro-exp/out/graph-rand.bin']
Iteration 1/5 (write): traversing /Users/rmntim/Personal/ITMO/Semester5/OS-new/lab/intro-exp/out/graph-rand.bin ... OK (436905 nodes processed)
Iteration 2/5 (write): traversing /Users/rmntim/Personal/ITMO/Semester5/OS-new/lab/intro-exp/out/graph-rand.bin ... OK (436905 nodes processed)
Iteration 3/5 (write): traversing /Users/rmntim/Personal/ITMO/Semester5/OS-new/lab/intro-exp/out/graph-rand.bin ... OK (436905 nodes processed)
Iteration 4/5 (write): traversing /Users/rmntim/Personal/ITMO/Semester5/OS-new/lab/intro-exp/out/graph-rand.bin ... OK (436905 nodes processed)
Iteration 5/5 (write): traversing /Users/rmntim/Personal/ITMO/Semester5/OS-new/lab/intro-exp/out/graph-rand.bin ... OK (436905 nodes processed)

final/4/3: ['/Users/rmntim/Personal/ITMO/Semester5/OS-new/lab/intro-exp/out/graph_traverse', '5', '/Users/rmntim/Personal/ITMO/Semester5/OS-new/lab/intro-exp/out/graph-rand.bin']
Iteration 1/5 (read): traversing /Users/rmntim/Personal/ITMO/Semester5/OS-new/lab/intro-exp/out/graph-rand.bin ... OK (436905 nodes processed)
Iteration 2/5 (read): traversing /Users/rmntim/Personal/ITMO/Semester5/OS-new/lab/intro-exp/out/graph-rand.bin ... OK (436905 nodes processed)
Iteration 3/5 (read): traversing /Users/rmntim/Personal/ITMO/Semester5/OS-new/lab/intro-exp/out/graph-rand.bin ... OK (436905 nodes processed)
Iteration 4/5 (read): traversing /Users/rmntim/Personal/ITMO/Semester5/OS-new/lab/intro-exp/out/graph-rand.bin ... OK (436905 nodes processed)
Iteration 5/5 (read): traversing /Users/rmntim/Personal/ITMO/Semester5/OS-new/lab/intro-exp/out/graph-rand.bin ... OK (436905 nodes processed)

final/4/4: ['/Users/rmntim/Personal/ITMO/Semester5/OS-new/lab/intro-exp/out/graph_traverse_mmap', '5', '/Users/rmntim/Personal/ITMO/Semester5/OS-new/lab/intro-exp/out/graph-rand.bin']
Iteration 1/5 (read): traversing /Users/rmntim/Personal/ITMO/Semester5/OS-new/lab/intro-exp/out/graph-rand.bin ... OK (436905 nodes processed)
Iteration 2/5 (read): traversing /Users/rmntim/Personal/ITMO/Semester5/OS-new/lab/intro-exp/out/graph-rand.bin ... OK (436905 nodes processed)
Iteration 3/5 (read): traversing /Users/rmntim/Personal/ITMO/Semester5/OS-new/lab/intro-exp/out/graph-rand.bin ... OK (436905 nodes processed)
Iteration 4/5 (read): traversing /Users/rmntim/Personal/ITMO/Semester5/OS-new/lab/intro-exp/out/graph-rand.bin ... OK (436905 nodes processed)
Iteration 5/5 (read): traversing /Users/rmntim/Personal/ITMO/Semester5/OS-new/lab/intro-exp/out/graph-rand.bin ... OK (436905 nodes processed)

final/5/1: ['/Users/rmntim/Personal/ITMO/Semester5/OS-new/lab/intro-exp/out/graph_traverse_mmap', '--write', '5', '/Users/rmntim/Personal/ITMO/Semester5/OS-new/lab/intro-exp/out/graph-rand.bin']
Iteration 1/5 (write): traversing /Users/rmntim/Personal/ITMO/Semester5/OS-new/lab/intro-exp/out/graph-rand.bin ... OK (436905 nodes processed)
Iteration 2/5 (write): traversing /Users/rmntim/Personal/ITMO/Semester5/OS-new/lab/intro-exp/out/graph-rand.bin ... OK (436905 nodes processed)
Iteration 3/5 (write): traversing /Users/rmntim/Personal/ITMO/Semester5/OS-new/lab/intro-exp/out/graph-rand.bin ... OK (436905 nodes processed)
Iteration 4/5 (write): traversing /Users/rmntim/Personal/ITMO/Semester5/OS-new/lab/intro-exp/out/graph-rand.bin ... OK (436905 nodes processed)
Iteration 5/5 (write): traversing /Users/rmntim/Personal/ITMO/Semester5/OS-new/lab/intro-exp/out/graph-rand.bin ... OK (436905 nodes processed)

final/5/2: ['/Users/rmntim/Personal/ITMO/Semester5/OS-new/lab/intro-exp/out/graph_traverse', '5', '/Users/rmntim/Personal/ITMO/Semester5/OS-new/lab/intro-exp/out/graph-rand.bin']
Iteration 1/5 (read): traversing /Users/rmntim/Personal/ITMO/Semester5/OS-new/lab/intro-exp/out/graph-rand.bin ... OK (436905 nodes processed)
Iteration 2/5 (read): traversing /Users/rmntim/Personal/ITMO/Semester5/OS-new/lab/intro-exp/out/graph-rand.bin ... OK (436905 nodes processed)
Iteration 3/5 (read): traversing /Users/rmntim/Personal/ITMO/Semester5/OS-new/lab/intro-exp/out/graph-rand.bin ... OK (436905 nodes processed)
Iteration 4/5 (read): traversing /Users/rmntim/Personal/ITMO/Semester5/OS-new/lab/intro-exp/out/graph-rand.bin ... OK (436905 nodes processed)
Iteration 5/5 (read): traversing /Users/rmntim/Personal/ITMO/Semester5/OS-new/lab/intro-exp/out/graph-rand.bin ... OK (436905 nodes processed)

final/5/3: ['/Users/rmntim/Personal/ITMO/Semester5/OS-new/lab/intro-exp/out/graph_traverse', '--write', '5', '/Users/rmntim/Personal/ITMO/Semester5/OS-new/lab/intro-exp/out/graph-rand.bin']
Iteration 1/5 (write): traversing /Users/rmntim/Personal/ITMO/Semester5/OS-new/lab/intro-exp/out/graph-rand.bin ... OK (436905 nodes processed)
Iteration 2/5 (write): traversing /Users/rmntim/Personal/ITMO/Semester5/OS-new/lab/intro-exp/out/graph-rand.bin ... OK (436905 nodes processed)
Iteration 3/5 (write): traversing /Users/rmntim/Personal/ITMO/Semester5/OS-new/lab/intro-exp/out/graph-rand.bin ... OK (436905 nodes processed)
Iteration 4/5 (write): traversing /Users/rmntim/Personal/ITMO/Semester5/OS-new/lab/intro-exp/out/graph-rand.bin ... OK (436905 nodes processed)
Iteration 5/5 (write): traversing /Users/rmntim/Personal/ITMO/Semester5/OS-new/lab/intro-exp/out/graph-rand.bin ... OK (436905 nodes processed)

final/5/4: ['/Users/rmntim/Personal/ITMO/Semester5/OS-new/lab/intro-exp/out/graph_traverse_mmap', '5', '/Users/rmntim/Personal/ITMO/Semester5/OS-new/lab/intro-exp/out/graph-rand.bin']
Iteration 1/5 (read): traversing /Users/rmntim/Personal/ITMO/Semester5/OS-new/lab/intro-exp/out/graph-rand.bin ... OK (436905 nodes processed)
Iteration 2/5 (read): traversing /Users/rmntim/Personal/ITMO/Semester5/OS-new/lab/intro-exp/out/graph-rand.bin ... OK (436905 nodes processed)
Iteration 3/5 (read): traversing /Users/rmntim/Personal/ITMO/Semester5/OS-new/lab/intro-exp/out/graph-rand.bin ... OK (436905 nodes processed)
Iteration 4/5 (read): traversing /Users/rmntim/Personal/ITMO/Semester5/OS-new/lab/intro-exp/out/graph-rand.bin ... OK (436905 nodes processed)
Iteration 5/5 (read): traversing /Users/rmntim/Personal/ITMO/Semester5/OS-new/lab/intro-exp/out/graph-rand.bin ... OK (436905 nodes processed)

final/6/1: ['/Users/rmntim/Personal/ITMO/Semester5/OS-new/lab/intro-exp/out/graph_traverse_mmap', '5', '/Users/rmntim/Personal/ITMO/Semester5/OS-new/lab/intro-exp/out/graph-rand.bin']
Iteration 1/5 (read): traversing /Users/rmntim/Personal/ITMO/Semester5/OS-new/lab/intro-exp/out/graph-rand.bin ... OK (436905 nodes processed)
Iteration 2/5 (read): traversing /Users/rmntim/Personal/ITMO/Semester5/OS-new/lab/intro-exp/out/graph-rand.bin ... OK (436905 nodes processed)
Iteration 3/5 (read): traversing /Users/rmntim/Personal/ITMO/Semester5/OS-new/lab/intro-exp/out/graph-rand.bin ... OK (436905 nodes processed)
Iteration 4/5 (read): traversing /Users/rmntim/Personal/ITMO/Semester5/OS-new/lab/intro-exp/out/graph-rand.bin ... OK (436905 nodes processed)
Iteration 5/5 (read): traversing /Users/rmntim/Personal/ITMO/Semester5/OS-new/lab/intro-exp/out/graph-rand.bin ... OK (436905 nodes processed)

final/6/2: ['/Users/rmntim/Personal/ITMO/Semester5/OS-new/lab/intro-exp/out/graph_traverse', '--write', '5', '/Users/rmntim/Personal/ITMO/Semester5/OS-new/lab/intro-exp/out/graph-rand.bin']
Iteration 1/5 (write): traversing /Users/rmntim/Personal/ITMO/Semester5/OS-new/lab/intro-exp/out/graph-rand.bin ... OK (436905 nodes processed)
Iteration 2/5 (write): traversing /Users/rmntim/Personal/ITMO/Semester5/OS-new/lab/intro-exp/out/graph-rand.bin ... OK (436905 nodes processed)
Iteration 3/5 (write): traversing /Users/rmntim/Personal/ITMO/Semester5/OS-new/lab/intro-exp/out/graph-rand.bin ... OK (436905 nodes processed)
Iteration 4/5 (write): traversing /Users/rmntim/Personal/ITMO/Semester5/OS-new/lab/intro-exp/out/graph-rand.bin ... OK (436905 nodes processed)
Iteration 5/5 (write): traversing /Users/rmntim/Personal/ITMO/Semester5/OS-new/lab/intro-exp/out/graph-rand.bin ... OK (436905 nodes processed)

final/6/3: ['/Users/rmntim/Personal/ITMO/Semester5/OS-new/lab/intro-exp/out/graph_traverse_mmap', '--write', '5', '/Users/rmntim/Personal/ITMO/Semester5/OS-new/lab/intro-exp/out/graph-rand.bin']
Iteration 1/5 (write): traversing /Users/rmntim/Personal/ITMO/Semester5/OS-new/lab/intro-exp/out/graph-rand.bin ... OK (436905 nodes processed)
Iteration 2/5 (write): traversing /Users/rmntim/Personal/ITMO/Semester5/OS-new/lab/intro-exp/out/graph-rand.bin ... OK (436905 nodes processed)
Iteration 3/5 (write): traversing /Users/rmntim/Personal/ITMO/Semester5/OS-new/lab/intro-exp/out/graph-rand.bin ... OK (436905 nodes processed)
Iteration 4/5 (write): traversing /Users/rmntim/Personal/ITMO/Semester5/OS-new/lab/intro-exp/out/graph-rand.bin ... OK (436905 nodes processed)
Iteration 5/5 (write): traversing /Users/rmntim/Personal/ITMO/Semester5/OS-new/lab/intro-exp/out/graph-rand.bin ... OK (436905 nodes processed)

final/6/4: ['/Users/rmntim/Personal/ITMO/Semester5/OS-new/lab/intro-exp/out/graph_traverse', '5', '/Users/rmntim/Personal/ITMO/Semester5/OS-new/lab/intro-exp/out/graph-rand.bin']
Iteration 1/5 (read): traversing /Users/rmntim/Personal/ITMO/Semester5/OS-new/lab/intro-exp/out/graph-rand.bin ... OK (436905 nodes processed)
Iteration 2/5 (read): traversing /Users/rmntim/Personal/ITMO/Semester5/OS-new/lab/intro-exp/out/graph-rand.bin ... OK (436905 nodes processed)
Iteration 3/5 (read): traversing /Users/rmntim/Personal/ITMO/Semester5/OS-new/lab/intro-exp/out/graph-rand.bin ... OK (436905 nodes processed)
Iteration 4/5 (read): traversing /Users/rmntim/Personal/ITMO/Semester5/OS-new/lab/intro-exp/out/graph-rand.bin ... OK (436905 nodes processed)
Iteration 5/5 (read): traversing /Users/rmntim/Personal/ITMO/Semester5/OS-new/lab/intro-exp/out/graph-rand.bin ... OK (436905 nodes processed)

final/7/1: ['/Users/rmntim/Personal/ITMO/Semester5/OS-new/lab/intro-exp/out/graph_traverse_mmap', '5', '/Users/rmntim/Personal/ITMO/Semester5/OS-new/lab/intro-exp/out/graph-rand.bin']
Iteration 1/5 (read): traversing /Users/rmntim/Personal/ITMO/Semester5/OS-new/lab/intro-exp/out/graph-rand.bin ... OK (436905 nodes processed)
Iteration 2/5 (read): traversing /Users/rmntim/Personal/ITMO/Semester5/OS-new/lab/intro-exp/out/graph-rand.bin ... OK (436905 nodes processed)
Iteration 3/5 (read): traversing /Users/rmntim/Personal/ITMO/Semester5/OS-new/lab/intro-exp/out/graph-rand.bin ... OK (436905 nodes processed)
Iteration 4/5 (read): traversing /Users/rmntim/Personal/ITMO/Semester5/OS-new/lab/intro-exp/out/graph-rand.bin ... OK (436905 nodes processed)
Iteration 5/5 (read): traversing /Users/rmntim/Personal/ITMO/Semester5/OS-new/lab/intro-exp/out/graph-rand.bin ... OK (436905 nodes processed)

final/7/2: ['/Users/rmntim/Personal/ITMO/Semester5/OS-new/lab/intro-exp/out/graph_traverse', '5', '/Users/rmntim/Personal/ITMO/Semester5/OS-new/lab/intro-exp/out/graph-rand.bin']
Iteration 1/5 (read): traversing /Users/rmntim/Personal/ITMO/Semester5/OS-new/lab/intro-exp/out/graph-rand.bin ... OK (436905 nodes processed)
Iteration 2/5 (read): traversing /Users/rmntim/Personal/ITMO/Semester5/OS-new/lab/intro-exp/out/graph-rand.bin ... OK (436905 nodes processed)
Iteration 3/5 (read): traversing /Users/rmntim/Personal/ITMO/Semester5/OS-new/lab/intro-exp/out/graph-rand.bin ... OK (436905 nodes processed)
Iteration 4/5 (read): traversing /Users/rmntim/Personal/ITMO/Semester5/OS-new/lab/intro-exp/out/graph-rand.bin ... OK (436905 nodes processed)
Iteration 5/5 (read): traversing /Users/rmntim/Personal/ITMO/Semester5/OS-new/lab/intro-exp/out/graph-rand.bin ... OK (436905 nodes processed)

final/7/3: ['/Users/rmntim/Personal/ITMO/Semester5/OS-new/lab/intro-exp/out/graph_traverse_mmap', '--write', '5', '/Users/rmntim/Personal/ITMO/Semester5/OS-new/lab/intro-exp/out/graph-rand.bin']
Iteration 1/5 (write): traversing /Users/rmntim/Personal/ITMO/Semester5/OS-new/lab/intro-exp/out/graph-rand.bin ... OK (436905 nodes processed)
Iteration 2/5 (write): traversing /Users/rmntim/Personal/ITMO/Semester5/OS-new/lab/intro-exp/out/graph-rand.bin ... OK (436905 nodes processed)
Iteration 3/5 (write): traversing /Users/rmntim/Personal/ITMO/Semester5/OS-new/lab/intro-exp/out/graph-rand.bin ... OK (436905 nodes processed)
Iteration 4/5 (write): traversing /Users/rmntim/Personal/ITMO/Semester5/OS-new/lab/intro-exp/out/graph-rand.bin ... OK (436905 nodes processed)
Iteration 5/5 (write): traversing /Users/rmntim/Personal/ITMO/Semester5/OS-new/lab/intro-exp/out/graph-rand.bin ... OK (436905 nodes processed)

final/7/4: ['/Users/rmntim/Personal/ITMO/Semester5/OS-new/lab/intro-exp/out/graph_traverse', '--write', '5', '/Users/rmntim/Personal/ITMO/Semester5/OS-new/lab/intro-exp/out/graph-rand.bin']
Iteration 1/5 (write): traversing /Users/rmntim/Personal/ITMO/Semester5/OS-new/lab/intro-exp/out/graph-rand.bin ... OK (436905 nodes processed)
Iteration 2/5 (write): traversing /Users/rmntim/Personal/ITMO/Semester5/OS-new/lab/intro-exp/out/graph-rand.bin ... OK (436905 nodes processed)
Iteration 3/5 (write): traversing /Users/rmntim/Personal/ITMO/Semester5/OS-new/lab/intro-exp/out/graph-rand.bin ... OK (436905 nodes processed)
Iteration 4/5 (write): traversing /Users/rmntim/Personal/ITMO/Semester5/OS-new/lab/intro-exp/out/graph-rand.bin ... OK (436905 nodes processed)
Iteration 5/5 (write): traversing /Users/rmntim/Personal/ITMO/Semester5/OS-new/lab/intro-exp/out/graph-rand.bin ... OK (436905 nodes processed)

final/8/1: ['/Users/rmntim/Personal/ITMO/Semester5/OS-new/lab/intro-exp/out/graph_traverse_mmap', '--write', '5', '/Users/rmntim/Personal/ITMO/Semester5/OS-new/lab/intro-exp/out/graph-rand.bin']
Iteration 1/5 (write): traversing /Users/rmntim/Personal/ITMO/Semester5/OS-new/lab/intro-exp/out/graph-rand.bin ... OK (436905 nodes processed)
Iteration 2/5 (write): traversing /Users/rmntim/Personal/ITMO/Semester5/OS-new/lab/intro-exp/out/graph-rand.bin ... OK (436905 nodes processed)
Iteration 3/5 (write): traversing /Users/rmntim/Personal/ITMO/Semester5/OS-new/lab/intro-exp/out/graph-rand.bin ... OK (436905 nodes processed)
Iteration 4/5 (write): traversing /Users/rmntim/Personal/ITMO/Semester5/OS-new/lab/intro-exp/out/graph-rand.bin ... OK (436905 nodes processed)
Iteration 5/5 (write): traversing /Users/rmntim/Personal/ITMO/Semester5/OS-new/lab/intro-exp/out/graph-rand.bin ... OK (436905 nodes processed)

final/8/2: ['/Users/rmntim/Personal/ITMO/Semester5/OS-new/lab/intro-exp/out/graph_traverse_mmap', '5', '/Users/rmntim/Personal/ITMO/Semester5/OS-new/lab/intro-exp/out/graph-rand.bin']
Iteration 1/5 (read): traversing /Users/rmntim/Personal/ITMO/Semester5/OS-new/lab/intro-exp/out/graph-rand.bin ... OK (436905 nodes processed)
Iteration 2/5 (read): traversing /Users/rmntim/Personal/ITMO/Semester5/OS-new/lab/intro-exp/out/graph-rand.bin ... OK (436905 nodes processed)
Iteration 3/5 (read): traversing /Users/rmntim/Personal/ITMO/Semester5/OS-new/lab/intro-exp/out/graph-rand.bin ... OK (436905 nodes processed)
Iteration 4/5 (read): traversing /Users/rmntim/Personal/ITMO/Semester5/OS-new/lab/intro-exp/out/graph-rand.bin ... OK (436905 nodes processed)
Iteration 5/5 (read): traversing /Users/rmntim/Personal/ITMO/Semester5/OS-new/lab/intro-exp/out/graph-rand.bin ... OK (436905 nodes processed)

final/8/3: ['/Users/rmntim/Personal/ITMO/Semester5/OS-new/lab/intro-exp/out/graph_traverse', '5', '/Users/rmntim/Personal/ITMO/Semester5/OS-new/lab/intro-exp/out/graph-rand.bin']
Iteration 1/5 (read): traversing /Users/rmntim/Personal/ITMO/Semester5/OS-new/lab/intro-exp/out/graph-rand.bin ... OK (436905 nodes processed)
Iteration 2/5 (read): traversing /Users/rmntim/Personal/ITMO/Semester5/OS-new/lab/intro-exp/out/graph-rand.bin ... OK (436905 nodes processed)
Iteration 3/5 (read): traversing /Users/rmntim/Personal/ITMO/Semester5/OS-new/lab/intro-exp/out/graph-rand.bin ... OK (436905 nodes processed)
Iteration 4/5 (read): traversing /Users/rmntim/Personal/ITMO/Semester5/OS-new/lab/intro-exp/out/graph-rand.bin ... OK (436905 nodes processed)
Iteration 5/5 (read): traversing /Users/rmntim/Personal/ITMO/Semester5/OS-new/lab/intro-exp/out/graph-rand.bin ... OK (436905 nodes processed)

final/8/4: ['/Users/rmntim/Personal/ITMO/Semester5/OS-new/lab/intro-exp/out/graph_traverse', '--write', '5', '/Users/rmntim/Personal/ITMO/Semester5/OS-new/lab/intro-exp/out/graph-rand.bin']
Iteration 1/5 (write): traversing /Users/rmntim/Personal/ITMO/Semester5/OS-new/lab/intro-exp/out/graph-rand.bin ... OK (436905 nodes processed)
Iteration 2/5 (write): traversing /Users/rmntim/Personal/ITMO/Semester5/OS-new/lab/intro-exp/out/graph-rand.bin ... OK (436905 nodes processed)
Iteration 3/5 (write): traversing /Users/rmntim/Personal/ITMO/Semester5/OS-new/lab/intro-exp/out/graph-rand.bin ... OK (436905 nodes processed)
Iteration 4/5 (write): traversing /Users/rmntim/Personal/ITMO/Semester5/OS-new/lab/intro-exp/out/graph-rand.bin ... OK (436905 nodes processed)
Iteration 5/5 (write): traversing /Users/rmntim/Personal/ITMO/Semester5/OS-new/lab/intro-exp/out/graph-rand.bin ... OK (436905 nodes processed)

final/9/1: ['/Users/rmntim/Personal/ITMO/Semester5/OS-new/lab/intro-exp/out/graph_traverse', '5', '/Users/rmntim/Personal/ITMO/Semester5/OS-new/lab/intro-exp/out/graph-rand.bin']
Iteration 1/5 (read): traversing /Users/rmntim/Personal/ITMO/Semester5/OS-new/lab/intro-exp/out/graph-rand.bin ... OK (436905 nodes processed)
Iteration 2/5 (read): traversing /Users/rmntim/Personal/ITMO/Semester5/OS-new/lab/intro-exp/out/graph-rand.bin ... OK (436905 nodes processed)
Iteration 3/5 (read): traversing /Users/rmntim/Personal/ITMO/Semester5/OS-new/lab/intro-exp/out/graph-rand.bin ... OK (436905 nodes processed)
Iteration 4/5 (read): traversing /Users/rmntim/Personal/ITMO/Semester5/OS-new/lab/intro-exp/out/graph-rand.bin ... OK (436905 nodes processed)
Iteration 5/5 (read): traversing /Users/rmntim/Personal/ITMO/Semester5/OS-new/lab/intro-exp/out/graph-rand.bin ... OK (436905 nodes processed)

final/9/2: ['/Users/rmntim/Personal/ITMO/Semester5/OS-new/lab/intro-exp/out/graph_traverse_mmap', '5', '/Users/rmntim/Personal/ITMO/Semester5/OS-new/lab/intro-exp/out/graph-rand.bin']
Iteration 1/5 (read): traversing /Users/rmntim/Personal/ITMO/Semester5/OS-new/lab/intro-exp/out/graph-rand.bin ... OK (436905 nodes processed)
Iteration 2/5 (read): traversing /Users/rmntim/Personal/ITMO/Semester5/OS-new/lab/intro-exp/out/graph-rand.bin ... OK (436905 nodes processed)
Iteration 3/5 (read): traversing /Users/rmntim/Personal/ITMO/Semester5/OS-new/lab/intro-exp/out/graph-rand.bin ... OK (436905 nodes processed)
Iteration 4/5 (read): traversing /Users/rmntim/Personal/ITMO/Semester5/OS-new/lab/intro-exp/out/graph-rand.bin ... OK (436905 nodes processed)
Iteration 5/5 (read): traversing /Users/rmntim/Personal/ITMO/Semester5/OS-new/lab/intro-exp/out/graph-rand.bin ... OK (436905 nodes processed)

final/9/3: ['/Users/rmntim/Personal/ITMO/Semester5/OS-new/lab/intro-exp/out/graph_traverse', '--write', '5', '/Users/rmntim/Personal/ITMO/Semester5/OS-new/lab/intro-exp/out/graph-rand.bin']
Iteration 1/5 (write): traversing /Users/rmntim/Personal/ITMO/Semester5/OS-new/lab/intro-exp/out/graph-rand.bin ... OK (436905 nodes processed)
Iteration 2/5 (write): traversing /Users/rmntim/Personal/ITMO/Semester5/OS-new/lab/intro-exp/out/graph-rand.bin ... OK (436905 nodes processed)
Iteration 3/5 (write): traversing /Users/rmntim/Personal/ITMO/Semester5/OS-new/lab/intro-exp/out/graph-rand.bin ... OK (436905 nodes processed)
Iteration 4/5 (write): traversing /Users/rmntim/Personal/ITMO/Semester5/OS-new/lab/intro-exp/out/graph-rand.bin ... OK (436905 nodes processed)
Iteration 5/5 (write): traversing /Users/rmntim/Personal/ITMO/Semester5/OS-new/lab/intro-exp/out/graph-rand.bin ... OK (436905 nodes processed)

final/9/4: ['/Users/rmntim/Personal/ITMO/Semester5/OS-new/lab/intro-exp/out/graph_traverse_mmap', '--write', '5', '/Users/rmntim/Personal/ITMO/Semester5/OS-new/lab/intro-exp/out/graph-rand.bin']
Iteration 1/5 (write): traversing /Users/rmntim/Personal/ITMO/Semester5/OS-new/lab/intro-exp/out/graph-rand.bin ... OK (436905 nodes processed)
Iteration 2/5 (write): traversing /Users/rmntim/Personal/ITMO/Semester5/OS-new/lab/intro-exp/out/graph-rand.bin ... OK (436905 nodes processed)
Iteration 3/5 (write): traversing /Users/rmntim/Personal/ITMO/Semester5/OS-new/lab/intro-exp/out/graph-rand.bin ... OK (436905 nodes processed)
Iteration 4/5 (write): traversing /Users/rmntim/Personal/ITMO/Semester5/OS-new/lab/intro-exp/out/graph-rand.bin ... OK (436905 nodes processed)
Iteration 5/5 (write): traversing /Users/rmntim/Personal/ITMO/Semester5/OS-new/lab/intro-exp/out/graph-rand.bin ... OK (436905 nodes processed)

final/10/1: ['/Users/rmntim/Personal/ITMO/Semester5/OS-new/lab/intro-exp/out/graph_traverse', '5', '/Users/rmntim/Personal/ITMO/Semester5/OS-new/lab/intro-exp/out/graph-rand.bin']
Iteration 1/5 (read): traversing /Users/rmntim/Personal/ITMO/Semester5/OS-new/lab/intro-exp/out/graph-rand.bin ... OK (436905 nodes processed)
Iteration 2/5 (read): traversing /Users/rmntim/Personal/ITMO/Semester5/OS-new/lab/intro-exp/out/graph-rand.bin ... OK (436905 nodes processed)
Iteration 3/5 (read): traversing /Users/rmntim/Personal/ITMO/Semester5/OS-new/lab/intro-exp/out/graph-rand.bin ... OK (436905 nodes processed)
Iteration 4/5 (read): traversing /Users/rmntim/Personal/ITMO/Semester5/OS-new/lab/intro-exp/out/graph-rand.bin ... OK (436905 nodes processed)
Iteration 5/5 (read): traversing /Users/rmntim/Personal/ITMO/Semester5/OS-new/lab/intro-exp/out/graph-rand.bin ... OK (436905 nodes processed)

final/10/2: ['/Users/rmntim/Personal/ITMO/Semester5/OS-new/lab/intro-exp/out/graph_traverse', '--write', '5', '/Users/rmntim/Personal/ITMO/Semester5/OS-new/lab/intro-exp/out/graph-rand.bin']
Iteration 1/5 (write): traversing /Users/rmntim/Personal/ITMO/Semester5/OS-new/lab/intro-exp/out/graph-rand.bin ... OK (436905 nodes processed)
Iteration 2/5 (write): traversing /Users/rmntim/Personal/ITMO/Semester5/OS-new/lab/intro-exp/out/graph-rand.bin ... OK (436905 nodes processed)
Iteration 3/5 (write): traversing /Users/rmntim/Personal/ITMO/Semester5/OS-new/lab/intro-exp/out/graph-rand.bin ... OK (436905 nodes processed)
Iteration 4/5 (write): traversing /Users/rmntim/Personal/ITMO/Semester5/OS-new/lab/intro-exp/out/graph-rand.bin ... OK (436905 nodes processed)
Iteration 5/5 (write): traversing /Users/rmntim/Personal/ITMO/Semester5/OS-new/lab/intro-exp/out/graph-rand.bin ... OK (436905 nodes processed)

final/10/3: ['/Users/rmntim/Personal/ITMO/Semester5/OS-new/lab/intro-exp/out/graph_traverse_mmap', '--write', '5', '/Users/rmntim/Personal/ITMO/Semester5/OS-new/lab/intro-exp/out/graph-rand.bin']
Iteration 1/5 (write): traversing /Users/rmntim/Personal/ITMO/Semester5/OS-new/lab/intro-exp/out/graph-rand.bin ... OK (436905 nodes processed)
Iteration 2/5 (write): traversing /Users/rmntim/Personal/ITMO/Semester5/OS-new/lab/intro-exp/out/graph-rand.bin ... OK (436905 nodes processed)
Iteration 3/5 (write): traversing /Users/rmntim/Personal/ITMO/Semester5/OS-new/lab/intro-exp/out/graph-rand.bin ... OK (436905 nodes processed)
Iteration 4/5 (write): traversing /Users/rmntim/Personal/ITMO/Semester5/OS-new/lab/intro-exp/out/graph-rand.bin ... OK (436905 nodes processed)
Iteration 5/5 (write): traversing /Users/rmntim/Personal/ITMO/Semester5/OS-new/lab/intro-exp/out/graph-rand.bin ... OK (436905 nodes processed)

final/10/4: ['/Users/rmntim/Personal/ITMO/Semester5/OS-new/lab/intro-exp/out/graph_traverse_mmap', '5', '/Users/rmntim/Personal/ITMO/Semester5/OS-new/lab/intro-exp/out/graph-rand.bin']
Iteration 1/5 (read): traversing /Users/rmntim/Personal/ITMO/Semester5/OS-new/lab/intro-exp/out/graph-rand.bin ... OK (436905 nodes processed)
Iteration 2/5 (read): traversing /Users/rmntim/Personal/ITMO/Semester5/OS-new/lab/intro-exp/out/graph-rand.bin ... OK (436905 nodes processed)
Iteration 3/5 (read): traversing /Users/rmntim/Personal/ITMO/Semester5/OS-new/lab/intro-exp/out/graph-rand.bin ... OK (436905 nodes processed)
Iteration 4/5 (read): traversing /Users/rmntim/Personal/ITMO/Semester5/OS-new/lab/intro-exp/out/graph-rand.bin ... OK (436905 nodes processed)
Iteration 5/5 (read): traversing /Users/rmntim/Personal/ITMO/Semester5/OS-new/lab/intro-exp/out/graph-rand.bin ... OK (436905 nodes processed)

final/11/1: ['/Users/rmntim/Personal/ITMO/Semester5/OS-new/lab/intro-exp/out/graph_traverse', '--write', '5', '/Users/rmntim/Personal/ITMO/Semester5/OS-new/lab/intro-exp/out/graph-rand.bin']
Iteration 1/5 (write): traversing /Users/rmntim/Personal/ITMO/Semester5/OS-new/lab/intro-exp/out/graph-rand.bin ... OK (436905 nodes processed)
Iteration 2/5 (write): traversing /Users/rmntim/Personal/ITMO/Semester5/OS-new/lab/intro-exp/out/graph-rand.bin ... OK (436905 nodes processed)
Iteration 3/5 (write): traversing /Users/rmntim/Personal/ITMO/Semester5/OS-new/lab/intro-exp/out/graph-rand.bin ... OK (436905 nodes processed)
Iteration 4/5 (write): traversing /Users/rmntim/Personal/ITMO/Semester5/OS-new/lab/intro-exp/out/graph-rand.bin ... OK (436905 nodes processed)
Iteration 5/5 (write): traversing /Users/rmntim/Personal/ITMO/Semester5/OS-new/lab/intro-exp/out/graph-rand.bin ... OK (436905 nodes processed)

final/11/2: ['/Users/rmntim/Personal/ITMO/Semester5/OS-new/lab/intro-exp/out/graph_traverse_mmap', '5', '/Users/rmntim/Personal/ITMO/Semester5/OS-new/lab/intro-exp/out/graph-rand.bin']
Iteration 1/5 (read): traversing /Users/rmntim/Personal/ITMO/Semester5/OS-new/lab/intro-exp/out/graph-rand.bin ... OK (436905 nodes processed)
Iteration 2/5 (read): traversing /Users/rmntim/Personal/ITMO/Semester5/OS-new/lab/intro-exp/out/graph-rand.bin ... OK (436905 nodes processed)
Iteration 3/5 (read): traversing /Users/rmntim/Personal/ITMO/Semester5/OS-new/lab/intro-exp/out/graph-rand.bin ... OK (436905 nodes processed)
Iteration 4/5 (read): traversing /Users/rmntim/Personal/ITMO/Semester5/OS-new/lab/intro-exp/out/graph-rand.bin ... OK (436905 nodes processed)
Iteration 5/5 (read): traversing /Users/rmntim/Personal/ITMO/Semester5/OS-new/lab/intro-exp/out/graph-rand.bin ... OK (436905 nodes processed)

final/11/3: ['/Users/rmntim/Personal/ITMO/Semester5/OS-new/lab/intro-exp/out/graph_traverse_mmap', '--write', '5', '/Users/rmntim/Personal/ITMO/Semester5/OS-new/lab/intro-exp/out/graph-rand.bin']
Iteration 1/5 (write): traversing /Users/rmntim/Personal/ITMO/Semester5/OS-new/lab/intro-exp/out/graph-rand.bin ... OK (436905 nodes processed)
Iteration 2/5 (write): traversing /Users/rmntim/Personal/ITMO/Semester5/OS-new/lab/intro-exp/out/graph-rand.bin ... OK (436905 nodes processed)
Iteration 3/5 (write): traversing /Users/rmntim/Personal/ITMO/Semester5/OS-new/lab/intro-exp/out/graph-rand.bin ... OK (436905 nodes processed)
Iteration 4/5 (write): traversing /Users/rmntim/Personal/ITMO/Semester5/OS-new/lab/intro-exp/out/graph-rand.bin ... OK (436905 nodes processed)
Iteration 5/5 (write): traversing /Users/rmntim/Personal/ITMO/Semester5/OS-new/lab/intro-exp/out/graph-rand.bin ... OK (436905 nodes processed)

final/11/4: ['/Users/rmntim/Personal/ITMO/Semester5/OS-new/lab/intro-exp/out/graph_traverse', '5', '/Users/rmntim/Personal/ITMO/Semester5/OS-new/lab/intro-exp/out/graph-rand.bin']
Iteration 1/5 (read): traversing /Users/rmntim/Personal/ITMO/Semester5/OS-new/lab/intro-exp/out/graph-rand.bin ... OK (436905 nodes processed)
Iteration 2/5 (read): traversing /Users/rmntim/Personal/ITMO/Semester5/OS-new/lab/intro-exp/out/graph-rand.bin ... OK (436905 nodes processed)
Iteration 3/5 (read): traversing /Users/rmntim/Personal/ITMO/Semester5/OS-new/lab/intro-exp/out/graph-rand.bin ... OK (436905 nodes processed)
Iteration 4/5 (read): traversing /Users/rmntim/Personal/ITMO/Semester5/OS-new/lab/intro-exp/out/graph-rand.bin ... OK (436905 nodes processed)
Iteration 5/5 (read): traversing /Users/rmntim/Personal/ITMO/Semester5/OS-new/lab/intro-exp/out/graph-rand.bin ... OK (436905 nodes processed)

final/12/1: ['/Users/rmntim/Personal/ITMO/Semester5/OS-new/lab/intro-exp/out/graph_traverse_mmap', '--write', '5', '/Users/rmntim/Personal/ITMO/Semester5/OS-new/lab/intro-exp/out/graph-rand.bin']
Iteration 1/5 (write): traversing /Users/rmntim/Personal/ITMO/Semester5/OS-new/lab/intro-exp/out/graph-rand.bin ... OK (436905 nodes processed)
Iteration 2/5 (write): traversing /Users/rmntim/Personal/ITMO/Semester5/OS-new/lab/intro-exp/out/graph-rand.bin ... OK (436905 nodes processed)
Iteration 3/5 (write): traversing /Users/rmntim/Personal/ITMO/Semester5/OS-new/lab/intro-exp/out/graph-rand.bin ... OK (436905 nodes processed)
Iteration 4/5 (write): traversing /Users/rmntim/Personal/ITMO/Semester5/OS-new/lab/intro-exp/out/graph-rand.bin ... OK (436905 nodes processed)
Iteration 5/5 (write): traversing /Users/rmntim/Personal/ITMO/Semester5/OS-new/lab/intro-exp/out/graph-rand.bin ... OK (436905 nodes processed)

final/12/2: ['/Users/rmntim/Personal/ITMO/Semester5/OS-new/lab/intro-exp/out/graph_traverse', '--write', '5', '/Users/rmntim/Personal/ITMO/Semester5/OS-new/lab/intro-exp/out/graph-rand.bin']
Iteration 1/5 (write): traversing /Users/rmntim/Personal/ITMO/Semester5/OS-new/lab/intro-exp/out/graph-rand.bin ... OK (436905 nodes processed)
Iteration 2/5 (write): traversing /Users/rmntim/Personal/ITMO/Semester5/OS-new/lab/intro-exp/out/graph-rand.bin ... OK (436905 nodes processed)
Iteration 3/5 (write): traversing /Users/rmntim/Personal/ITMO/Semester5/OS-new/lab/intro-exp/out/graph-rand.bin ... OK (436905 nodes processed)
Iteration 4/5 (write): traversing /Users/rmntim/Personal/ITMO/Semester5/OS-new/lab/intro-exp/out/graph-rand.bin ... OK (436905 nodes processed)
Iteration 5/5 (write): traversing /Users/rmntim/Personal/ITMO/Semester5/OS-new/lab/intro-exp/out/graph-rand.bin ... OK (436905 nodes processed)

final/12/3: ['/Users/rmntim/Personal/ITMO/Semester5/OS-new/lab/intro-exp/out/graph_traverse_mmap', '5', '/Users/rmntim/Personal/ITMO/Semester5/OS-new/lab/intro-exp/out/graph-rand.bin']
Iteration 1/5 (read): traversing /Users/rmntim/Personal/ITMO/Semester5/OS-new/lab/intro-exp/out/graph-rand.bin ... OK (436905 nodes processed)
Iteration 2/5 (read): traversing /Users/rmntim/Personal/ITMO/Semester5/OS-new/lab/intro-exp/out/graph-rand.bin ... OK (436905 nodes processed)
Iteration 3/5 (read): traversing /Users/rmntim/Personal/ITMO/Semester5/OS-new/lab/intro-exp/out/graph-rand.bin ... OK (436905 nodes processed)
Iteration 4/5 (read): traversing /Users/rmntim/Personal/ITMO/Semester5/OS-new/lab/intro-exp/out/graph-rand.bin ... OK (436905 nodes processed)
Iteration 5/5 (read): traversing /Users/rmntim/Personal/ITMO/Semester5/OS-new/lab/intro-exp/out/graph-rand.bin ... OK (436905 nodes processed)

final/12/4: ['/Users/rmntim/Personal/ITMO/Semester5/OS-new/lab/intro-exp/out/graph_traverse', '5', '/Users/rmntim/Personal/ITMO/Semester5/OS-new/lab/intro-exp/out/graph-rand.bin']
Iteration 1/5 (read): traversing /Users/rmntim/Personal/ITMO/Semester5/OS-new/lab/intro-exp/out/graph-rand.bin ... OK (436905 nodes processed)
Iteration 2/5 (read): traversing /Users/rmntim/Personal/ITMO/Semester5/OS-new/lab/intro-exp/out/graph-rand.bin ... OK (436905 nodes processed)
Iteration 3/5 (read): traversing /Users/rmntim/Personal/ITMO/Semester5/OS-new/lab/intro-exp/out/graph-rand.bin ... OK (436905 nodes processed)
Iteration 4/5 (read): traversing /Users/rmntim/Personal/ITMO/Semester5/OS-new/lab/intro-exp/out/graph-rand.bin ... OK (436905 nodes processed)
Iteration 5/5 (read): traversing /Users/rmntim/Personal/ITMO/Semester5/OS-new/lab/intro-exp/out/graph-rand.bin ... OK (436905 nodes processed)

final/13/1: ['/Users/rmntim/Personal/ITMO/Semester5/OS-new/lab/intro-exp/out/graph_traverse_mmap', '5', '/Users/rmntim/Personal/ITMO/Semester5/OS-new/lab/intro-exp/out/graph-rand.bin']
Iteration 1/5 (read): traversing /Users/rmntim/Personal/ITMO/Semester5/OS-new/lab/intro-exp/out/graph-rand.bin ... OK (436905 nodes processed)
Iteration 2/5 (read): traversing /Users/rmntim/Personal/ITMO/Semester5/OS-new/lab/intro-exp/out/graph-rand.bin ... OK (436905 nodes processed)
Iteration 3/5 (read): traversing /Users/rmntim/Personal/ITMO/Semester5/OS-new/lab/intro-exp/out/graph-rand.bin ... OK (436905 nodes processed)
Iteration 4/5 (read): traversing /Users/rmntim/Personal/ITMO/Semester5/OS-new/lab/intro-exp/out/graph-rand.bin ... OK (436905 nodes processed)
Iteration 5/5 (read): traversing /Users/rmntim/Personal/ITMO/Semester5/OS-new/lab/intro-exp/out/graph-rand.bin ... OK (436905 nodes processed)

final/13/2: ['/Users/rmntim/Personal/ITMO/Semester5/OS-new/lab/intro-exp/out/graph_traverse', '5', '/Users/rmntim/Personal/ITMO/Semester5/OS-new/lab/intro-exp/out/graph-rand.bin']
Iteration 1/5 (read): traversing /Users/rmntim/Personal/ITMO/Semester5/OS-new/lab/intro-exp/out/graph-rand.bin ... OK (436905 nodes processed)
Iteration 2/5 (read): traversing /Users/rmntim/Personal/ITMO/Semester5/OS-new/lab/intro-exp/out/graph-rand.bin ... OK (436905 nodes processed)
Iteration 3/5 (read): traversing /Users/rmntim/Personal/ITMO/Semester5/OS-new/lab/intro-exp/out/graph-rand.bin ... OK (436905 nodes processed)
Iteration 4/5 (read): traversing /Users/rmntim/Personal/ITMO/Semester5/OS-new/lab/intro-exp/out/graph-rand.bin ... OK (436905 nodes processed)
Iteration 5/5 (read): traversing /Users/rmntim/Personal/ITMO/Semester5/OS-new/lab/intro-exp/out/graph-rand.bin ... OK (436905 nodes processed)

final/13/3: ['/Users/rmntim/Personal/ITMO/Semester5/OS-new/lab/intro-exp/out/graph_traverse_mmap', '--write', '5', '/Users/rmntim/Personal/ITMO/Semester5/OS-new/lab/intro-exp/out/graph-rand.bin']
Iteration 1/5 (write): traversing /Users/rmntim/Personal/ITMO/Semester5/OS-new/lab/intro-exp/out/graph-rand.bin ... OK (436905 nodes processed)
Iteration 2/5 (write): traversing /Users/rmntim/Personal/ITMO/Semester5/OS-new/lab/intro-exp/out/graph-rand.bin ... OK (436905 nodes processed)
Iteration 3/5 (write): traversing /Users/rmntim/Personal/ITMO/Semester5/OS-new/lab/intro-exp/out/graph-rand.bin ... OK (436905 nodes processed)
Iteration 4/5 (write): traversing /Users/rmntim/Personal/ITMO/Semester5/OS-new/lab/intro-exp/out/graph-rand.bin ... OK (436905 nodes processed)
Iteration 5/5 (write): traversing /Users/rmntim/Personal/ITMO/Semester5/OS-new/lab/intro-exp/out/graph-rand.bin ... OK (436905 nodes processed)

final/13/4: ['/Users/rmntim/Personal/ITMO/Semester5/OS-new/lab/intro-exp/out/graph_traverse', '--write', '5', '/Users/rmntim/Personal/ITMO/Semester5/OS-new/lab/intro-exp/out/graph-rand.bin']
Iteration 1/5 (write): traversing /Users/rmntim/Personal/ITMO/Semester5/OS-new/lab/intro-exp/out/graph-rand.bin ... OK (436905 nodes processed)
Iteration 2/5 (write): traversing /Users/rmntim/Personal/ITMO/Semester5/OS-new/lab/intro-exp/out/graph-rand.bin ... OK (436905 nodes processed)
Iteration 3/5 (write): traversing /Users/rmntim/Personal/ITMO/Semester5/OS-new/lab/intro-exp/out/graph-rand.bin ... OK (436905 nodes processed)
Iteration 4/5 (write): traversing /Users/rmntim/Personal/ITMO/Semester5/OS-new/lab/intro-exp/out/graph-rand.bin ... OK (436905 nodes processed)
Iteration 5/5 (write): traversing /Users/rmntim/Personal/ITMO/Semester5/OS-new/lab/intro-exp/out/graph-rand.bin ... OK (436905 nodes processed)

final/14/1: ['/Users/rmntim/Personal/ITMO/Semester5/OS-new/lab/intro-exp/out/graph_traverse', '--write', '5', '/Users/rmntim/Personal/ITMO/Semester5/OS-new/lab/intro-exp/out/graph-rand.bin']
Iteration 1/5 (write): traversing /Users/rmntim/Personal/ITMO/Semester5/OS-new/lab/intro-exp/out/graph-rand.bin ... OK (436905 nodes processed)
Iteration 2/5 (write): traversing /Users/rmntim/Personal/ITMO/Semester5/OS-new/lab/intro-exp/out/graph-rand.bin ... OK (436905 nodes processed)
Iteration 3/5 (write): traversing /Users/rmntim/Personal/ITMO/Semester5/OS-new/lab/intro-exp/out/graph-rand.bin ... OK (436905 nodes processed)
Iteration 4/5 (write): traversing /Users/rmntim/Personal/ITMO/Semester5/OS-new/lab/intro-exp/out/graph-rand.bin ... OK (436905 nodes processed)
Iteration 5/5 (write): traversing /Users/rmntim/Personal/ITMO/Semester5/OS-new/lab/intro-exp/out/graph-rand.bin ... OK (436905 nodes processed)

final/14/2: ['/Users/rmntim/Personal/ITMO/Semester5/OS-new/lab/intro-exp/out/graph_traverse', '5', '/Users/rmntim/Personal/ITMO/Semester5/OS-new/lab/intro-exp/out/graph-rand.bin']
Iteration 1/5 (read): traversing /Users/rmntim/Personal/ITMO/Semester5/OS-new/lab/intro-exp/out/graph-rand.bin ... OK (436905 nodes processed)
Iteration 2/5 (read): traversing /Users/rmntim/Personal/ITMO/Semester5/OS-new/lab/intro-exp/out/graph-rand.bin ... OK (436905 nodes processed)
Iteration 3/5 (read): traversing /Users/rmntim/Personal/ITMO/Semester5/OS-new/lab/intro-exp/out/graph-rand.bin ... OK (436905 nodes processed)
Iteration 4/5 (read): traversing /Users/rmntim/Personal/ITMO/Semester5/OS-new/lab/intro-exp/out/graph-rand.bin ... OK (436905 nodes processed)
Iteration 5/5 (read): traversing /Users/rmntim/Personal/ITMO/Semester5/OS-new/lab/intro-exp/out/graph-rand.bin ... OK (436905 nodes processed)

final/14/3: ['/Users/rmntim/Personal/ITMO/Semester5/OS-new/lab/intro-exp/out/graph_traverse_mmap', '5', '/Users/rmntim/Personal/ITMO/Semester5/OS-new/lab/intro-exp/out/graph-rand.bin']
Iteration 1/5 (read): traversing /Users/rmntim/Personal/ITMO/Semester5/OS-new/lab/intro-exp/out/graph-rand.bin ... OK (436905 nodes processed)
Iteration 2/5 (read): traversing /Users/rmntim/Personal/ITMO/Semester5/OS-new/lab/intro-exp/out/graph-rand.bin ... OK (436905 nodes processed)
Iteration 3/5 (read): traversing /Users/rmntim/Personal/ITMO/Semester5/OS-new/lab/intro-exp/out/graph-rand.bin ... OK (436905 nodes processed)
Iteration 4/5 (read): traversing /Users/rmntim/Personal/ITMO/Semester5/OS-new/lab/intro-exp/out/graph-rand.bin ... OK (436905 nodes processed)
Iteration 5/5 (read): traversing /Users/rmntim/Personal/ITMO/Semester5/OS-new/lab/intro-exp/out/graph-rand.bin ... OK (436905 nodes processed)

final/14/4: ['/Users/rmntim/Personal/ITMO/Semester5/OS-new/lab/intro-exp/out/graph_traverse_mmap', '--write', '5', '/Users/rmntim/Personal/ITMO/Semester5/OS-new/lab/intro-exp/out/graph-rand.bin']
Iteration 1/5 (write): traversing /Users/rmntim/Personal/ITMO/Semester5/OS-new/lab/intro-exp/out/graph-rand.bin ... OK (436905 nodes processed)
Iteration 2/5 (write): traversing /Users/rmntim/Personal/ITMO/Semester5/OS-new/lab/intro-exp/out/graph-rand.bin ... OK (436905 nodes processed)
Iteration 3/5 (write): traversing /Users/rmntim/Personal/ITMO/Semester5/OS-new/lab/intro-exp/out/graph-rand.bin ... OK (436905 nodes processed)
Iteration 4/5 (write): traversing /Users/rmntim/Personal/ITMO/Semester5/OS-new/lab/intro-exp/out/graph-rand.bin ... OK (436905 nodes processed)
Iteration 5/5 (write): traversing /Users/rmntim/Personal/ITMO/Semester5/OS-new/lab/intro-exp/out/graph-rand.bin ... OK (436905 nodes processed)

final/15/1: ['/Users/rmntim/Personal/ITMO/Semester5/OS-new/lab/intro-exp/out/graph_traverse', '5', '/Users/rmntim/Personal/ITMO/Semester5/OS-new/lab/intro-exp/out/graph-rand.bin']
Iteration 1/5 (read): traversing /Users/rmntim/Personal/ITMO/Semester5/OS-new/lab/intro-exp/out/graph-rand.bin ... OK (436905 nodes processed)
Iteration 2/5 (read): traversing /Users/rmntim/Personal/ITMO/Semester5/OS-new/lab/intro-exp/out/graph-rand.bin ... OK (436905 nodes processed)
Iteration 3/5 (read): traversing /Users/rmntim/Personal/ITMO/Semester5/OS-new/lab/intro-exp/out/graph-rand.bin ... OK (436905 nodes processed)
Iteration 4/5 (read): traversing /Users/rmntim/Personal/ITMO/Semester5/OS-new/lab/intro-exp/out/graph-rand.bin ... OK (436905 nodes processed)
Iteration 5/5 (read): traversing /Users/rmntim/Personal/ITMO/Semester5/OS-new/lab/intro-exp/out/graph-rand.bin ... OK (436905 nodes processed)

final/15/2: ['/Users/rmntim/Personal/ITMO/Semester5/OS-new/lab/intro-exp/out/graph_traverse_mmap', '5', '/Users/rmntim/Personal/ITMO/Semester5/OS-new/lab/intro-exp/out/graph-rand.bin']
Iteration 1/5 (read): traversing /Users/rmntim/Personal/ITMO/Semester5/OS-new/lab/intro-exp/out/graph-rand.bin ... OK (436905 nodes processed)
Iteration 2/5 (read): traversing /Users/rmntim/Personal/ITMO/Semester5/OS-new/lab/intro-exp/out/graph-rand.bin ... OK (436905 nodes processed)
Iteration 3/5 (read): traversing /Users/rmntim/Personal/ITMO/Semester5/OS-new/lab/intro-exp/out/graph-rand.bin ... OK (436905 nodes processed)
Iteration 4/5 (read): traversing /Users/rmntim/Personal/ITMO/Semester5/OS-new/lab/intro-exp/out/graph-rand.bin ... OK (436905 nodes processed)
Iteration 5/5 (read): traversing /Users/rmntim/Personal/ITMO/Semester5/OS-new/lab/intro-exp/out/graph-rand.bin ... OK (436905 nodes processed)

final/15/3: ['/Users/rmntim/Personal/ITMO/Semester5/OS-new/lab/intro-exp/out/graph_traverse_mmap', '--write', '5', '/Users/rmntim/Personal/ITMO/Semester5/OS-new/lab/intro-exp/out/graph-rand.bin']
Iteration 1/5 (write): traversing /Users/rmntim/Personal/ITMO/Semester5/OS-new/lab/intro-exp/out/graph-rand.bin ... OK (436905 nodes processed)
Iteration 2/5 (write): traversing /Users/rmntim/Personal/ITMO/Semester5/OS-new/lab/intro-exp/out/graph-rand.bin ... OK (436905 nodes processed)
Iteration 3/5 (write): traversing /Users/rmntim/Personal/ITMO/Semester5/OS-new/lab/intro-exp/out/graph-rand.bin ... OK (436905 nodes processed)
Iteration 4/5 (write): traversing /Users/rmntim/Personal/ITMO/Semester5/OS-new/lab/intro-exp/out/graph-rand.bin ... OK (436905 nodes processed)
Iteration 5/5 (write): traversing /Users/rmntim/Personal/ITMO/Semester5/OS-new/lab/intro-exp/out/graph-rand.bin ... OK (436905 nodes processed)

final/15/4: ['/Users/rmntim/Personal/ITMO/Semester5/OS-new/lab/intro-exp/out/graph_traverse', '--write', '5', '/Users/rmntim/Personal/ITMO/Semester5/OS-new/lab/intro-exp/out/graph-rand.bin']
Iteration 1/5 (write): traversing /Users/rmntim/Personal/ITMO/Semester5/OS-new/lab/intro-exp/out/graph-rand.bin ... OK (436905 nodes processed)
Iteration 2/5 (write): traversing /Users/rmntim/Personal/ITMO/Semester5/OS-new/lab/intro-exp/out/graph-rand.bin ... OK (436905 nodes processed)
Iteration 3/5 (write): traversing /Users/rmntim/Personal/ITMO/Semester5/OS-new/lab/intro-exp/out/graph-rand.bin ... OK (436905 nodes processed)
Iteration 4/5 (write): traversing /Users/rmntim/Personal/ITMO/Semester5/OS-new/lab/intro-exp/out/graph-rand.bin ... OK (436905 nodes processed)
Iteration 5/5 (write): traversing /Users/rmntim/Personal/ITMO/Semester5/OS-new/lab/intro-exp/out/graph-rand.bin ... OK (436905 nodes processed)

final/16/1: ['/Users/rmntim/Personal/ITMO/Semester5/OS-new/lab/intro-exp/out/graph_traverse', '--write', '5', '/Users/rmntim/Personal/ITMO/Semester5/OS-new/lab/intro-exp/out/graph-rand.bin']
Iteration 1/5 (write): traversing /Users/rmntim/Personal/ITMO/Semester5/OS-new/lab/intro-exp/out/graph-rand.bin ... OK (436905 nodes processed)
Iteration 2/5 (write): traversing /Users/rmntim/Personal/ITMO/Semester5/OS-new/lab/intro-exp/out/graph-rand.bin ... OK (436905 nodes processed)
Iteration 3/5 (write): traversing /Users/rmntim/Personal/ITMO/Semester5/OS-new/lab/intro-exp/out/graph-rand.bin ... OK (436905 nodes processed)
Iteration 4/5 (write): traversing /Users/rmntim/Personal/ITMO/Semester5/OS-new/lab/intro-exp/out/graph-rand.bin ... OK (436905 nodes processed)
Iteration 5/5 (write): traversing /Users/rmntim/Personal/ITMO/Semester5/OS-new/lab/intro-exp/out/graph-rand.bin ... OK (436905 nodes processed)

final/16/2: ['/Users/rmntim/Personal/ITMO/Semester5/OS-new/lab/intro-exp/out/graph_traverse', '5', '/Users/rmntim/Personal/ITMO/Semester5/OS-new/lab/intro-exp/out/graph-rand.bin']
Iteration 1/5 (read): traversing /Users/rmntim/Personal/ITMO/Semester5/OS-new/lab/intro-exp/out/graph-rand.bin ... OK (436905 nodes processed)
Iteration 2/5 (read): traversing /Users/rmntim/Personal/ITMO/Semester5/OS-new/lab/intro-exp/out/graph-rand.bin ... OK (436905 nodes processed)
Iteration 3/5 (read): traversing /Users/rmntim/Personal/ITMO/Semester5/OS-new/lab/intro-exp/out/graph-rand.bin ... OK (436905 nodes processed)
Iteration 4/5 (read): traversing /Users/rmntim/Personal/ITMO/Semester5/OS-new/lab/intro-exp/out/graph-rand.bin ... OK (436905 nodes processed)
Iteration 5/5 (read): traversing /Users/rmntim/Personal/ITMO/Semester5/OS-new/lab/intro-exp/out/graph-rand.bin ... OK (436905 nodes processed)

final/16/3: ['/Users/rmntim/Personal/ITMO/Semester5/OS-new/lab/intro-exp/out/graph_traverse_mmap', '5', '/Users/rmntim/Personal/ITMO/Semester5/OS-new/lab/intro-exp/out/graph-rand.bin']
Iteration 1/5 (read): traversing /Users/rmntim/Personal/ITMO/Semester5/OS-new/lab/intro-exp/out/graph-rand.bin ... OK (436905 nodes processed)
Iteration 2/5 (read): traversing /Users/rmntim/Personal/ITMO/Semester5/OS-new/lab/intro-exp/out/graph-rand.bin ... OK (436905 nodes processed)
Iteration 3/5 (read): traversing /Users/rmntim/Personal/ITMO/Semester5/OS-new/lab/intro-exp/out/graph-rand.bin ... OK (436905 nodes processed)
Iteration 4/5 (read): traversing /Users/rmntim/Personal/ITMO/Semester5/OS-new/lab/intro-exp/out/graph-rand.bin ... OK (436905 nodes processed)
Iteration 5/5 (read): traversing /Users/rmntim/Personal/ITMO/Semester5/OS-new/lab/intro-exp/out/graph-rand.bin ... OK (436905 nodes processed)

final/16/4: ['/Users/rmntim/Personal/ITMO/Semester5/OS-new/lab/intro-exp/out/graph_traverse_mmap', '--write', '5', '/Users/rmntim/Personal/ITMO/Semester5/OS-new/lab/intro-exp/out/graph-rand.bin']
Iteration 1/5 (write): traversing /Users/rmntim/Personal/ITMO/Semester5/OS-new/lab/intro-exp/out/graph-rand.bin ... OK (436905 nodes processed)
Iteration 2/5 (write): traversing /Users/rmntim/Personal/ITMO/Semester5/OS-new/lab/intro-exp/out/graph-rand.bin ... OK (436905 nodes processed)
Iteration 3/5 (write): traversing /Users/rmntim/Personal/ITMO/Semester5/OS-new/lab/intro-exp/out/graph-rand.bin ... OK (436905 nodes processed)
Iteration 4/5 (write): traversing /Users/rmntim/Personal/ITMO/Semester5/OS-new/lab/intro-exp/out/graph-rand.bin ... OK (436905 nodes processed)
Iteration 5/5 (write): traversing /Users/rmntim/Personal/ITMO/Semester5/OS-new/lab/intro-exp/out/graph-rand.bin ... OK (436905 nodes processed)

final/17/1: ['/Users/rmntim/Personal/ITMO/Semester5/OS-new/lab/intro-exp/out/graph_traverse_mmap', '5', '/Users/rmntim/Personal/ITMO/Semester5/OS-new/lab/intro-exp/out/graph-rand.bin']
Iteration 1/5 (read): traversing /Users/rmntim/Personal/ITMO/Semester5/OS-new/lab/intro-exp/out/graph-rand.bin ... OK (436905 nodes processed)
Iteration 2/5 (read): traversing /Users/rmntim/Personal/ITMO/Semester5/OS-new/lab/intro-exp/out/graph-rand.bin ... OK (436905 nodes processed)
Iteration 3/5 (read): traversing /Users/rmntim/Personal/ITMO/Semester5/OS-new/lab/intro-exp/out/graph-rand.bin ... OK (436905 nodes processed)
Iteration 4/5 (read): traversing /Users/rmntim/Personal/ITMO/Semester5/OS-new/lab/intro-exp/out/graph-rand.bin ... OK (436905 nodes processed)
Iteration 5/5 (read): traversing /Users/rmntim/Personal/ITMO/Semester5/OS-new/lab/intro-exp/out/graph-rand.bin ... OK (436905 nodes processed)

final/17/2: ['/Users/rmntim/Personal/ITMO/Semester5/OS-new/lab/intro-exp/out/graph_traverse_mmap', '--write', '5', '/Users/rmntim/Personal/ITMO/Semester5/OS-new/lab/intro-exp/out/graph-rand.bin']
Iteration 1/5 (write): traversing /Users/rmntim/Personal/ITMO/Semester5/OS-new/lab/intro-exp/out/graph-rand.bin ... OK (436905 nodes processed)
Iteration 2/5 (write): traversing /Users/rmntim/Personal/ITMO/Semester5/OS-new/lab/intro-exp/out/graph-rand.bin ... OK (436905 nodes processed)
Iteration 3/5 (write): traversing /Users/rmntim/Personal/ITMO/Semester5/OS-new/lab/intro-exp/out/graph-rand.bin ... OK (436905 nodes processed)
Iteration 4/5 (write): traversing /Users/rmntim/Personal/ITMO/Semester5/OS-new/lab/intro-exp/out/graph-rand.bin ... OK (436905 nodes processed)
Iteration 5/5 (write): traversing /Users/rmntim/Personal/ITMO/Semester5/OS-new/lab/intro-exp/out/graph-rand.bin ... OK (436905 nodes processed)

final/17/3: ['/Users/rmntim/Personal/ITMO/Semester5/OS-new/lab/intro-exp/out/graph_traverse', '5', '/Users/rmntim/Personal/ITMO/Semester5/OS-new/lab/intro-exp/out/graph-rand.bin']
Iteration 1/5 (read): traversing /Users/rmntim/Personal/ITMO/Semester5/OS-new/lab/intro-exp/out/graph-rand.bin ... OK (436905 nodes processed)
Iteration 2/5 (read): traversing /Users/rmntim/Personal/ITMO/Semester5/OS-new/lab/intro-exp/out/graph-rand.bin ... OK (436905 nodes processed)
Iteration 3/5 (read): traversing /Users/rmntim/Personal/ITMO/Semester5/OS-new/lab/intro-exp/out/graph-rand.bin ... OK (436905 nodes processed)
Iteration 4/5 (read): traversing /Users/rmntim/Personal/ITMO/Semester5/OS-new/lab/intro-exp/out/graph-rand.bin ... OK (436905 nodes processed)
Iteration 5/5 (read): traversing /Users/rmntim/Personal/ITMO/Semester5/OS-new/lab/intro-exp/out/graph-rand.bin ... OK (436905 nodes processed)

final/17/4: ['/Users/rmntim/Personal/ITMO/Semester5/OS-new/lab/intro-exp/out/graph_traverse', '--write', '5', '/Users/rmntim/Personal/ITMO/Semester5/OS-new/lab/intro-exp/out/graph-rand.bin']
Iteration 1/5 (write): traversing /Users/rmntim/Personal/ITMO/Semester5/OS-new/lab/intro-exp/out/graph-rand.bin ... OK (436905 nodes processed)
Iteration 2/5 (write): traversing /Users/rmntim/Personal/ITMO/Semester5/OS-new/lab/intro-exp/out/graph-rand.bin ... OK (436905 nodes processed)
Iteration 3/5 (write): traversing /Users/rmntim/Personal/ITMO/Semester5/OS-new/lab/intro-exp/out/graph-rand.bin ... OK (436905 nodes processed)
Iteration 4/5 (write): traversing /Users/rmntim/Personal/ITMO/Semester5/OS-new/lab/intro-exp/out/graph-rand.bin ... OK (436905 nodes processed)
Iteration 5/5 (write): traversing /Users/rmntim/Personal/ITMO/Semester5/OS-new/lab/intro-exp/out/graph-rand.bin ... OK (436905 nodes processed)

final/18/1: ['/Users/rmntim/Personal/ITMO/Semester5/OS-new/lab/intro-exp/out/graph_traverse_mmap', '--write', '5', '/Users/rmntim/Personal/ITMO/Semester5/OS-new/lab/intro-exp/out/graph-rand.bin']
Iteration 1/5 (write): traversing /Users/rmntim/Personal/ITMO/Semester5/OS-new/lab/intro-exp/out/graph-rand.bin ... OK (436905 nodes processed)
Iteration 2/5 (write): traversing /Users/rmntim/Personal/ITMO/Semester5/OS-new/lab/intro-exp/out/graph-rand.bin ... OK (436905 nodes processed)
Iteration 3/5 (write): traversing /Users/rmntim/Personal/ITMO/Semester5/OS-new/lab/intro-exp/out/graph-rand.bin ... OK (436905 nodes processed)
Iteration 4/5 (write): traversing /Users/rmntim/Personal/ITMO/Semester5/OS-new/lab/intro-exp/out/graph-rand.bin ... OK (436905 nodes processed)
Iteration 5/5 (write): traversing /Users/rmntim/Personal/ITMO/Semester5/OS-new/lab/intro-exp/out/graph-rand.bin ... OK (436905 nodes processed)

final/18/2: ['/Users/rmntim/Personal/ITMO/Semester5/OS-new/lab/intro-exp/out/graph_traverse', '--write', '5', '/Users/rmntim/Personal/ITMO/Semester5/OS-new/lab/intro-exp/out/graph-rand.bin']
Iteration 1/5 (write): traversing /Users/rmntim/Personal/ITMO/Semester5/OS-new/lab/intro-exp/out/graph-rand.bin ... OK (436905 nodes processed)
Iteration 2/5 (write): traversing /Users/rmntim/Personal/ITMO/Semester5/OS-new/lab/intro-exp/out/graph-rand.bin ... OK (436905 nodes processed)
Iteration 3/5 (write): traversing /Users/rmntim/Personal/ITMO/Semester5/OS-new/lab/intro-exp/out/graph-rand.bin ... OK (436905 nodes processed)
Iteration 4/5 (write): traversing /Users/rmntim/Personal/ITMO/Semester5/OS-new/lab/intro-exp/out/graph-rand.bin ... OK (436905 nodes processed)
Iteration 5/5 (write): traversing /Users/rmntim/Personal/ITMO/Semester5/OS-new/lab/intro-exp/out/graph-rand.bin ... OK (436905 nodes processed)

final/18/3: ['/Users/rmntim/Personal/ITMO/Semester5/OS-new/lab/intro-exp/out/graph_traverse', '5', '/Users/rmntim/Personal/ITMO/Semester5/OS-new/lab/intro-exp/out/graph-rand.bin']
Iteration 1/5 (read): traversing /Users/rmntim/Personal/ITMO/Semester5/OS-new/lab/intro-exp/out/graph-rand.bin ... OK (436905 nodes processed)
Iteration 2/5 (read): traversing /Users/rmntim/Personal/ITMO/Semester5/OS-new/lab/intro-exp/out/graph-rand.bin ... OK (436905 nodes processed)
Iteration 3/5 (read): traversing /Users/rmntim/Personal/ITMO/Semester5/OS-new/lab/intro-exp/out/graph-rand.bin ... OK (436905 nodes processed)
Iteration 4/5 (read): traversing /Users/rmntim/Personal/ITMO/Semester5/OS-new/lab/intro-exp/out/graph-rand.bin ... OK (436905 nodes processed)
Iteration 5/5 (read): traversing /Users/rmntim/Personal/ITMO/Semester5/OS-new/lab/intro-exp/out/graph-rand.bin ... OK (436905 nodes processed)

final/18/4: ['/Users/rmntim/Personal/ITMO/Semester5/OS-new/lab/intro-exp/out/graph_traverse_mmap', '5', '/Users/rmntim/Personal/ITMO/Semester5/OS-new/lab/intro-exp/out/graph-rand.bin']
Iteration 1/5 (read): traversing /Users/rmntim/Personal/ITMO/Semester5/OS-new/lab/intro-exp/out/graph-rand.bin ... OK (436905 nodes processed)
Iteration 2/5 (read): traversing /Users/rmntim/Personal/ITMO/Semester5/OS-new/lab/intro-exp/out/graph-rand.bin ... OK (436905 nodes processed)
Iteration 3/5 (read): traversing /Users/rmntim/Personal/ITMO/Semester5/OS-new/lab/intro-exp/out/graph-rand.bin ... OK (436905 nodes processed)
Iteration 4/5 (read): traversing /Users/rmntim/Personal/ITMO/Semester5/OS-new/lab/intro-exp/out/graph-rand.bin ... OK (436905 nodes processed)
Iteration 5/5 (read): traversing /Users/rmntim/Personal/ITMO/Semester5/OS-new/lab/intro-exp/out/graph-rand.bin ... OK (436905 nodes processed)

final/19/1: ['/Users/rmntim/Personal/ITMO/Semester5/OS-new/lab/intro-exp/out/graph_traverse', '--write', '5', '/Users/rmntim/Personal/ITMO/Semester5/OS-new/lab/intro-exp/out/graph-rand.bin']
Iteration 1/5 (write): traversing /Users/rmntim/Personal/ITMO/Semester5/OS-new/lab/intro-exp/out/graph-rand.bin ... OK (436905 nodes processed)
Iteration 2/5 (write): traversing /Users/rmntim/Personal/ITMO/Semester5/OS-new/lab/intro-exp/out/graph-rand.bin ... OK (436905 nodes processed)
Iteration 3/5 (write): traversing /Users/rmntim/Personal/ITMO/Semester5/OS-new/lab/intro-exp/out/graph-rand.bin ... OK (436905 nodes processed)
Iteration 4/5 (write): traversing /Users/rmntim/Personal/ITMO/Semester5/OS-new/lab/intro-exp/out/graph-rand.bin ... OK (436905 nodes processed)
Iteration 5/5 (write): traversing /Users/rmntim/Personal/ITMO/Semester5/OS-new/lab/intro-exp/out/graph-rand.bin ... OK (436905 nodes processed)

final/19/2: ['/Users/rmntim/Personal/ITMO/Semester5/OS-new/lab/intro-exp/out/graph_traverse_mmap', '5', '/Users/rmntim/Personal/ITMO/Semester5/OS-new/lab/intro-exp/out/graph-rand.bin']
Iteration 1/5 (read): traversing /Users/rmntim/Personal/ITMO/Semester5/OS-new/lab/intro-exp/out/graph-rand.bin ... OK (436905 nodes processed)
Iteration 2/5 (read): traversing /Users/rmntim/Personal/ITMO/Semester5/OS-new/lab/intro-exp/out/graph-rand.bin ... OK (436905 nodes processed)
Iteration 3/5 (read): traversing /Users/rmntim/Personal/ITMO/Semester5/OS-new/lab/intro-exp/out/graph-rand.bin ... OK (436905 nodes processed)
Iteration 4/5 (read): traversing /Users/rmntim/Personal/ITMO/Semester5/OS-new/lab/intro-exp/out/graph-rand.bin ... OK (436905 nodes processed)
Iteration 5/5 (read): traversing /Users/rmntim/Personal/ITMO/Semester5/OS-new/lab/intro-exp/out/graph-rand.bin ... OK (436905 nodes processed)

final/19/3: ['/Users/rmntim/Personal/ITMO/Semester5/OS-new/lab/intro-exp/out/graph_traverse_mmap', '--write', '5', '/Users/rmntim/Personal/ITMO/Semester5/OS-new/lab/intro-exp/out/graph-rand.bin']
Iteration 1/5 (write): traversing /Users/rmntim/Personal/ITMO/Semester5/OS-new/lab/intro-exp/out/graph-rand.bin ... OK (436905 nodes processed)
Iteration 2/5 (write): traversing /Users/rmntim/Personal/ITMO/Semester5/OS-new/lab/intro-exp/out/graph-rand.bin ... OK (436905 nodes processed)
Iteration 3/5 (write): traversing /Users/rmntim/Personal/ITMO/Semester5/OS-new/lab/intro-exp/out/graph-rand.bin ... OK (436905 nodes processed)
Iteration 4/5 (write): traversing /Users/rmntim/Personal/ITMO/Semester5/OS-new/lab/intro-exp/out/graph-rand.bin ... OK (436905 nodes processed)
Iteration 5/5 (write): traversing /Users/rmntim/Personal/ITMO/Semester5/OS-new/lab/intro-exp/out/graph-rand.bin ... OK (436905 nodes processed)

final/19/4: ['/Users/rmntim/Personal/ITMO/Semester5/OS-new/lab/intro-exp/out/graph_traverse', '5', '/Users/rmntim/Personal/ITMO/Semester5/OS-new/lab/intro-exp/out/graph-rand.bin']
Iteration 1/5 (read): traversing /Users/rmntim/Personal/ITMO/Semester5/OS-new/lab/intro-exp/out/graph-rand.bin ... OK (436905 nodes processed)
Iteration 2/5 (read): traversing /Users/rmntim/Personal/ITMO/Semester5/OS-new/lab/intro-exp/out/graph-rand.bin ... OK (436905 nodes processed)
Iteration 3/5 (read): traversing /Users/rmntim/Personal/ITMO/Semester5/OS-new/lab/intro-exp/out/graph-rand.bin ... OK (436905 nodes processed)
Iteration 4/5 (read): traversing /Users/rmntim/Personal/ITMO/Semester5/OS-new/lab/intro-exp/out/graph-rand.bin ... OK (436905 nodes processed)
Iteration 5/5 (read): traversing /Users/rmntim/Personal/ITMO/Semester5/OS-new/lab/intro-exp/out/graph-rand.bin ... OK (436905 nodes processed)

final/20/1: ['/Users/rmntim/Personal/ITMO/Semester5/OS-new/lab/intro-exp/out/graph_traverse_mmap', '--write', '5', '/Users/rmntim/Personal/ITMO/Semester5/OS-new/lab/intro-exp/out/graph-rand.bin']
Iteration 1/5 (write): traversing /Users/rmntim/Personal/ITMO/Semester5/OS-new/lab/intro-exp/out/graph-rand.bin ... OK (436905 nodes processed)
Iteration 2/5 (write): traversing /Users/rmntim/Personal/ITMO/Semester5/OS-new/lab/intro-exp/out/graph-rand.bin ... OK (436905 nodes processed)
Iteration 3/5 (write): traversing /Users/rmntim/Personal/ITMO/Semester5/OS-new/lab/intro-exp/out/graph-rand.bin ... OK (436905 nodes processed)
Iteration 4/5 (write): traversing /Users/rmntim/Personal/ITMO/Semester5/OS-new/lab/intro-exp/out/graph-rand.bin ... OK (436905 nodes processed)
Iteration 5/5 (write): traversing /Users/rmntim/Personal/ITMO/Semester5/OS-new/lab/intro-exp/out/graph-rand.bin ... OK (436905 nodes processed)

final/20/2: ['/Users/rmntim/Personal/ITMO/Semester5/OS-new/lab/intro-exp/out/graph_traverse', '5', '/Users/rmntim/Personal/ITMO/Semester5/OS-new/lab/intro-exp/out/graph-rand.bin']
Iteration 1/5 (read): traversing /Users/rmntim/Personal/ITMO/Semester5/OS-new/lab/intro-exp/out/graph-rand.bin ... OK (436905 nodes processed)
Iteration 2/5 (read): traversing /Users/rmntim/Personal/ITMO/Semester5/OS-new/lab/intro-exp/out/graph-rand.bin ... OK (436905 nodes processed)
Iteration 3/5 (read): traversing /Users/rmntim/Personal/ITMO/Semester5/OS-new/lab/intro-exp/out/graph-rand.bin ... OK (436905 nodes processed)
Iteration 4/5 (read): traversing /Users/rmntim/Personal/ITMO/Semester5/OS-new/lab/intro-exp/out/graph-rand.bin ... OK (436905 nodes processed)
Iteration 5/5 (read): traversing /Users/rmntim/Personal/ITMO/Semester5/OS-new/lab/intro-exp/out/graph-rand.bin ... OK (436905 nodes processed)

final/20/3: ['/Users/rmntim/Personal/ITMO/Semester5/OS-new/lab/intro-exp/out/graph_traverse', '--write', '5', '/Users/rmntim/Personal/ITMO/Semester5/OS-new/lab/intro-exp/out/graph-rand.bin']
Iteration 1/5 (write): traversing /Users/rmntim/Personal/ITMO/Semester5/OS-new/lab/intro-exp/out/graph-rand.bin ... OK (436905 nodes processed)
Iteration 2/5 (write): traversing /Users/rmntim/Personal/ITMO/Semester5/OS-new/lab/intro-exp/out/graph-rand.bin ... OK (436905 nodes processed)
Iteration 3/5 (write): traversing /Users/rmntim/Personal/ITMO/Semester5/OS-new/lab/intro-exp/out/graph-rand.bin ... OK (436905 nodes processed)
Iteration 4/5 (write): traversing /Users/rmntim/Personal/ITMO/Semester5/OS-new/lab/intro-exp/out/graph-rand.bin ... OK (436905 nodes processed)
Iteration 5/5 (write): traversing /Users/rmntim/Personal/ITMO/Semester5/OS-new/lab/intro-exp/out/graph-rand.bin ... OK (436905 nodes processed)

final/20/4: ['/Users/rmntim/Personal/ITMO/Semester5/OS-new/lab/intro-exp/out/graph_traverse_mmap', '5', '/Users/rmntim/Personal/ITMO/Semester5/OS-new/lab/intro-exp/out/graph-rand.bin']
Iteration 1/5 (read): traversing /Users/rmntim/Personal/ITMO/Semester5/OS-new/lab/intro-exp/out/graph-rand.bin ... OK (436905 nodes processed)
Iteration 2/5 (read): traversing /Users/rmntim/Personal/ITMO/Semester5/OS-new/lab/intro-exp/out/graph-rand.bin ... OK (436905 nodes processed)
Iteration 3/5 (read): traversing /Users/rmntim/Personal/ITMO/Semester5/OS-new/lab/intro-exp/out/graph-rand.bin ... OK (436905 nodes processed)
Iteration 4/5 (read): traversing /Users/rmntim/Personal/ITMO/Semester5/OS-new/lab/intro-exp/out/graph-rand.bin ... OK (436905 nodes processed)
Iteration 5/5 (read): traversing /Users/rmntim/Personal/ITMO/Semester5/OS-new/lab/intro-exp/out/graph-rand.bin ... OK (436905 nodes processed)

final/21/1: ['/Users/rmntim/Personal/ITMO/Semester5/OS-new/lab/intro-exp/out/graph_traverse_mmap', '--write', '5', '/Users/rmntim/Personal/ITMO/Semester5/OS-new/lab/intro-exp/out/graph-rand.bin']
Iteration 1/5 (write): traversing /Users/rmntim/Personal/ITMO/Semester5/OS-new/lab/intro-exp/out/graph-rand.bin ... OK (436905 nodes processed)
Iteration 2/5 (write): traversing /Users/rmntim/Personal/ITMO/Semester5/OS-new/lab/intro-exp/out/graph-rand.bin ... OK (436905 nodes processed)
Iteration 3/5 (write): traversing /Users/rmntim/Personal/ITMO/Semester5/OS-new/lab/intro-exp/out/graph-rand.bin ... OK (436905 nodes processed)
Iteration 4/5 (write): traversing /Users/rmntim/Personal/ITMO/Semester5/OS-new/lab/intro-exp/out/graph-rand.bin ... OK (436905 nodes processed)
Iteration 5/5 (write): traversing /Users/rmntim/Personal/ITMO/Semester5/OS-new/lab/intro-exp/out/graph-rand.bin ... OK (436905 nodes processed)

final/21/2: ['/Users/rmntim/Personal/ITMO/Semester5/OS-new/lab/intro-exp/out/graph_traverse', '5', '/Users/rmntim/Personal/ITMO/Semester5/OS-new/lab/intro-exp/out/graph-rand.bin']
Iteration 1/5 (read): traversing /Users/rmntim/Personal/ITMO/Semester5/OS-new/lab/intro-exp/out/graph-rand.bin ... OK (436905 nodes processed)
Iteration 2/5 (read): traversing /Users/rmntim/Personal/ITMO/Semester5/OS-new/lab/intro-exp/out/graph-rand.bin ... OK (436905 nodes processed)
Iteration 3/5 (read): traversing /Users/rmntim/Personal/ITMO/Semester5/OS-new/lab/intro-exp/out/graph-rand.bin ... OK (436905 nodes processed)
Iteration 4/5 (read): traversing /Users/rmntim/Personal/ITMO/Semester5/OS-new/lab/intro-exp/out/graph-rand.bin ... OK (436905 nodes processed)
Iteration 5/5 (read): traversing /Users/rmntim/Personal/ITMO/Semester5/OS-new/lab/intro-exp/out/graph-rand.bin ... OK (436905 nodes processed)

final/21/3: ['/Users/rmntim/Personal/ITMO/Semester5/OS-new/lab/intro-exp/out/graph_traverse', '--write', '5', '/Users/rmntim/Personal/ITMO/Semester5/OS-new/lab/intro-exp/out/graph-rand.bin']
Iteration 1/5 (write): traversing /Users/rmntim/Personal/ITMO/Semester5/OS-new/lab/intro-exp/out/graph-rand.bin ... OK (436905 nodes processed)
Iteration 2/5 (write): traversing /Users/rmntim/Personal/ITMO/Semester5/OS-new/lab/intro-exp/out/graph-rand.bin ... OK (436905 nodes processed)
Iteration 3/5 (write): traversing /Users/rmntim/Personal/ITMO/Semester5/OS-new/lab/intro-exp/out/graph-rand.bin ... OK (436905 nodes processed)
Iteration 4/5 (write): traversing /Users/rmntim/Personal/ITMO/Semester5/OS-new/lab/intro-exp/out/graph-rand.bin ... OK (436905 nodes processed)
Iteration 5/5 (write): traversing /Users/rmntim/Personal/ITMO/Semester5/OS-new/lab/intro-exp/out/graph-rand.bin ... OK (436905 nodes processed)

final/21/4: ['/Users/rmntim/Personal/ITMO/Semester5/OS-new/lab/intro-exp/out/graph_traverse_mmap', '5', '/Users/rmntim/Personal/ITMO/Semester5/OS-new/lab/intro-exp/out/graph-rand.bin']
Iteration 1/5 (read): traversing /Users/rmntim/Personal/ITMO/Semester5/OS-new/lab/intro-exp/out/graph-rand.bin ... OK (436905 nodes processed)
Iteration 2/5 (read): traversing /Users/rmntim/Personal/ITMO/Semester5/OS-new/lab/intro-exp/out/graph-rand.bin ... OK (436905 nodes processed)
Iteration 3/5 (read): traversing /Users/rmntim/Personal/ITMO/Semester5/OS-new/lab/intro-exp/out/graph-rand.bin ... OK (436905 nodes processed)
Iteration 4/5 (read): traversing /Users/rmntim/Personal/ITMO/Semester5/OS-new/lab/intro-exp/out/graph-rand.bin ... OK (436905 nodes processed)
Iteration 5/5 (read): traversing /Users/rmntim/Personal/ITMO/Semester5/OS-new/lab/intro-exp/out/graph-rand.bin ... OK (436905 nodes processed)

final/22/1: ['/Users/rmntim/Personal/ITMO/Semester5/OS-new/lab/intro-exp/out/graph_traverse_mmap', '--write', '5', '/Users/rmntim/Personal/ITMO/Semester5/OS-new/lab/intro-exp/out/graph-rand.bin']
Iteration 1/5 (write): traversing /Users/rmntim/Personal/ITMO/Semester5/OS-new/lab/intro-exp/out/graph-rand.bin ... OK (436905 nodes processed)
Iteration 2/5 (write): traversing /Users/rmntim/Personal/ITMO/Semester5/OS-new/lab/intro-exp/out/graph-rand.bin ... OK (436905 nodes processed)
Iteration 3/5 (write): traversing /Users/rmntim/Personal/ITMO/Semester5/OS-new/lab/intro-exp/out/graph-rand.bin ... OK (436905 nodes processed)
Iteration 4/5 (write): traversing /Users/rmntim/Personal/ITMO/Semester5/OS-new/lab/intro-exp/out/graph-rand.bin ... OK (436905 nodes processed)
Iteration 5/5 (write): traversing /Users/rmntim/Personal/ITMO/Semester5/OS-new/lab/intro-exp/out/graph-rand.bin ... OK (436905 nodes processed)

final/22/2: ['/Users/rmntim/Personal/ITMO/Semester5/OS-new/lab/intro-exp/out/graph_traverse', '--write', '5', '/Users/rmntim/Personal/ITMO/Semester5/OS-new/lab/intro-exp/out/graph-rand.bin']
Iteration 1/5 (write): traversing /Users/rmntim/Personal/ITMO/Semester5/OS-new/lab/intro-exp/out/graph-rand.bin ... OK (436905 nodes processed)
Iteration 2/5 (write): traversing /Users/rmntim/Personal/ITMO/Semester5/OS-new/lab/intro-exp/out/graph-rand.bin ... OK (436905 nodes processed)
Iteration 3/5 (write): traversing /Users/rmntim/Personal/ITMO/Semester5/OS-new/lab/intro-exp/out/graph-rand.bin ... OK (436905 nodes processed)
Iteration 4/5 (write): traversing /Users/rmntim/Personal/ITMO/Semester5/OS-new/lab/intro-exp/out/graph-rand.bin ... OK (436905 nodes processed)
Iteration 5/5 (write): traversing /Users/rmntim/Personal/ITMO/Semester5/OS-new/lab/intro-exp/out/graph-rand.bin ... OK (436905 nodes processed)

final/22/3: ['/Users/rmntim/Personal/ITMO/Semester5/OS-new/lab/intro-exp/out/graph_traverse', '5', '/Users/rmntim/Personal/ITMO/Semester5/OS-new/lab/intro-exp/out/graph-rand.bin']
Iteration 1/5 (read): traversing /Users/rmntim/Personal/ITMO/Semester5/OS-new/lab/intro-exp/out/graph-rand.bin ... OK (436905 nodes processed)
Iteration 2/5 (read): traversing /Users/rmntim/Personal/ITMO/Semester5/OS-new/lab/intro-exp/out/graph-rand.bin ... OK (436905 nodes processed)
Iteration 3/5 (read): traversing /Users/rmntim/Personal/ITMO/Semester5/OS-new/lab/intro-exp/out/graph-rand.bin ... OK (436905 nodes processed)
Iteration 4/5 (read): traversing /Users/rmntim/Personal/ITMO/Semester5/OS-new/lab/intro-exp/out/graph-rand.bin ... OK (436905 nodes processed)
Iteration 5/5 (read): traversing /Users/rmntim/Personal/ITMO/Semester5/OS-new/lab/intro-exp/out/graph-rand.bin ... OK (436905 nodes processed)

final/22/4: ['/Users/rmntim/Personal/ITMO/Semester5/OS-new/lab/intro-exp/out/graph_traverse_mmap', '5', '/Users/rmntim/Personal/ITMO/Semester5/OS-new/lab/intro-exp/out/graph-rand.bin']
Iteration 1/5 (read): traversing /Users/rmntim/Personal/ITMO/Semester5/OS-new/lab/intro-exp/out/graph-rand.bin ... OK (436905 nodes processed)
Iteration 2/5 (read): traversing /Users/rmntim/Personal/ITMO/Semester5/OS-new/lab/intro-exp/out/graph-rand.bin ... OK (436905 nodes processed)
Iteration 3/5 (read): traversing /Users/rmntim/Personal/ITMO/Semester5/OS-new/lab/intro-exp/out/graph-rand.bin ... OK (436905 nodes processed)
Iteration 4/5 (read): traversing /Users/rmntim/Personal/ITMO/Semester5/OS-new/lab/intro-exp/out/graph-rand.bin ... OK (436905 nodes processed)
Iteration 5/5 (read): traversing /Users/rmntim/Personal/ITMO/Semester5/OS-new/lab/intro-exp/out/graph-rand.bin ... OK (436905 nodes processed)

final/23/1: ['/Users/rmntim/Personal/ITMO/Semester5/OS-new/lab/intro-exp/out/graph_traverse', '5', '/Users/rmntim/Personal/ITMO/Semester5/OS-new/lab/intro-exp/out/graph-rand.bin']
Iteration 1/5 (read): traversing /Users/rmntim/Personal/ITMO/Semester5/OS-new/lab/intro-exp/out/graph-rand.bin ... OK (436905 nodes processed)
Iteration 2/5 (read): traversing /Users/rmntim/Personal/ITMO/Semester5/OS-new/lab/intro-exp/out/graph-rand.bin ... OK (436905 nodes processed)
Iteration 3/5 (read): traversing /Users/rmntim/Personal/ITMO/Semester5/OS-new/lab/intro-exp/out/graph-rand.bin ... OK (436905 nodes processed)
Iteration 4/5 (read): traversing /Users/rmntim/Personal/ITMO/Semester5/OS-new/lab/intro-exp/out/graph-rand.bin ... OK (436905 nodes processed)
Iteration 5/5 (read): traversing /Users/rmntim/Personal/ITMO/Semester5/OS-new/lab/intro-exp/out/graph-rand.bin ... OK (436905 nodes processed)

final/23/2: ['/Users/rmntim/Personal/ITMO/Semester5/OS-new/lab/intro-exp/out/graph_traverse', '--write', '5', '/Users/rmntim/Personal/ITMO/Semester5/OS-new/lab/intro-exp/out/graph-rand.bin']
Iteration 1/5 (write): traversing /Users/rmntim/Personal/ITMO/Semester5/OS-new/lab/intro-exp/out/graph-rand.bin ... OK (436905 nodes processed)
Iteration 2/5 (write): traversing /Users/rmntim/Personal/ITMO/Semester5/OS-new/lab/intro-exp/out/graph-rand.bin ... OK (436905 nodes processed)
Iteration 3/5 (write): traversing /Users/rmntim/Personal/ITMO/Semester5/OS-new/lab/intro-exp/out/graph-rand.bin ... OK (436905 nodes processed)
Iteration 4/5 (write): traversing /Users/rmntim/Personal/ITMO/Semester5/OS-new/lab/intro-exp/out/graph-rand.bin ... OK (436905 nodes processed)
Iteration 5/5 (write): traversing /Users/rmntim/Personal/ITMO/Semester5/OS-new/lab/intro-exp/out/graph-rand.bin ... OK (436905 nodes processed)

final/23/3: ['/Users/rmntim/Personal/ITMO/Semester5/OS-new/lab/intro-exp/out/graph_traverse_mmap', '--write', '5', '/Users/rmntim/Personal/ITMO/Semester5/OS-new/lab/intro-exp/out/graph-rand.bin']
Iteration 1/5 (write): traversing /Users/rmntim/Personal/ITMO/Semester5/OS-new/lab/intro-exp/out/graph-rand.bin ... OK (436905 nodes processed)
Iteration 2/5 (write): traversing /Users/rmntim/Personal/ITMO/Semester5/OS-new/lab/intro-exp/out/graph-rand.bin ... OK (436905 nodes processed)
Iteration 3/5 (write): traversing /Users/rmntim/Personal/ITMO/Semester5/OS-new/lab/intro-exp/out/graph-rand.bin ... OK (436905 nodes processed)
Iteration 4/5 (write): traversing /Users/rmntim/Personal/ITMO/Semester5/OS-new/lab/intro-exp/out/graph-rand.bin ... OK (436905 nodes processed)
Iteration 5/5 (write): traversing /Users/rmntim/Personal/ITMO/Semester5/OS-new/lab/intro-exp/out/graph-rand.bin ... OK (436905 nodes processed)

final/23/4: ['/Users/rmntim/Personal/ITMO/Semester5/OS-new/lab/intro-exp/out/graph_traverse_mmap', '5', '/Users/rmntim/Personal/ITMO/Semester5/OS-new/lab/intro-exp/out/graph-rand.bin']
Iteration 1/5 (read): traversing /Users/rmntim/Personal/ITMO/Semester5/OS-new/lab/intro-exp/out/graph-rand.bin ... OK (436905 nodes processed)
Iteration 2/5 (read): traversing /Users/rmntim/Personal/ITMO/Semester5/OS-new/lab/intro-exp/out/graph-rand.bin ... OK (436905 nodes processed)
Iteration 3/5 (read): traversing /Users/rmntim/Personal/ITMO/Semester5/OS-new/lab/intro-exp/out/graph-rand.bin ... OK (436905 nodes processed)
Iteration 4/5 (read): traversing /Users/rmntim/Personal/ITMO/Semester5/OS-new/lab/intro-exp/out/graph-rand.bin ... OK (436905 nodes processed)
Iteration 5/5 (read): traversing /Users/rmntim/Personal/ITMO/Semester5/OS-new/lab/intro-exp/out/graph-rand.bin ... OK (436905 nodes processed)

final/24/1: ['/Users/rmntim/Personal/ITMO/Semester5/OS-new/lab/intro-exp/out/graph_traverse_mmap', '--write', '5', '/Users/rmntim/Personal/ITMO/Semester5/OS-new/lab/intro-exp/out/graph-rand.bin']
Iteration 1/5 (write): traversing /Users/rmntim/Personal/ITMO/Semester5/OS-new/lab/intro-exp/out/graph-rand.bin ... OK (436905 nodes processed)
Iteration 2/5 (write): traversing /Users/rmntim/Personal/ITMO/Semester5/OS-new/lab/intro-exp/out/graph-rand.bin ... OK (436905 nodes processed)
Iteration 3/5 (write): traversing /Users/rmntim/Personal/ITMO/Semester5/OS-new/lab/intro-exp/out/graph-rand.bin ... OK (436905 nodes processed)
Iteration 4/5 (write): traversing /Users/rmntim/Personal/ITMO/Semester5/OS-new/lab/intro-exp/out/graph-rand.bin ... OK (436905 nodes processed)
Iteration 5/5 (write): traversing /Users/rmntim/Personal/ITMO/Semester5/OS-new/lab/intro-exp/out/graph-rand.bin ... OK (436905 nodes processed)

final/24/2: ['/Users/rmntim/Personal/ITMO/Semester5/OS-new/lab/intro-exp/out/graph_traverse_mmap', '5', '/Users/rmntim/Personal/ITMO/Semester5/OS-new/lab/intro-exp/out/graph-rand.bin']
Iteration 1/5 (read): traversing /Users/rmntim/Personal/ITMO/Semester5/OS-new/lab/intro-exp/out/graph-rand.bin ... OK (436905 nodes processed)
Iteration 2/5 (read): traversing /Users/rmntim/Personal/ITMO/Semester5/OS-new/lab/intro-exp/out/graph-rand.bin ... OK (436905 nodes processed)
Iteration 3/5 (read): traversing /Users/rmntim/Personal/ITMO/Semester5/OS-new/lab/intro-exp/out/graph-rand.bin ... OK (436905 nodes processed)
Iteration 4/5 (read): traversing /Users/rmntim/Personal/ITMO/Semester5/OS-new/lab/intro-exp/out/graph-rand.bin ... OK (436905 nodes processed)
Iteration 5/5 (read): traversing /Users/rmntim/Personal/ITMO/Semester5/OS-new/lab/intro-exp/out/graph-rand.bin ... OK (436905 nodes processed)

final/24/3: ['/Users/rmntim/Personal/ITMO/Semester5/OS-new/lab/intro-exp/out/graph_traverse', '5', '/Users/rmntim/Personal/ITMO/Semester5/OS-new/lab/intro-exp/out/graph-rand.bin']
Iteration 1/5 (read): traversing /Users/rmntim/Personal/ITMO/Semester5/OS-new/lab/intro-exp/out/graph-rand.bin ... OK (436905 nodes processed)
Iteration 2/5 (read): traversing /Users/rmntim/Personal/ITMO/Semester5/OS-new/lab/intro-exp/out/graph-rand.bin ... OK (436905 nodes processed)
Iteration 3/5 (read): traversing /Users/rmntim/Personal/ITMO/Semester5/OS-new/lab/intro-exp/out/graph-rand.bin ... OK (436905 nodes processed)
Iteration 4/5 (read): traversing /Users/rmntim/Personal/ITMO/Semester5/OS-new/lab/intro-exp/out/graph-rand.bin ... OK (436905 nodes processed)
Iteration 5/5 (read): traversing /Users/rmntim/Personal/ITMO/Semester5/OS-new/lab/intro-exp/out/graph-rand.bin ... OK (436905 nodes processed)

final/24/4: ['/Users/rmntim/Personal/ITMO/Semester5/OS-new/lab/intro-exp/out/graph_traverse', '--write', '5', '/Users/rmntim/Personal/ITMO/Semester5/OS-new/lab/intro-exp/out/graph-rand.bin']
Iteration 1/5 (write): traversing /Users/rmntim/Personal/ITMO/Semester5/OS-new/lab/intro-exp/out/graph-rand.bin ... OK (436905 nodes processed)
Iteration 2/5 (write): traversing /Users/rmntim/Personal/ITMO/Semester5/OS-new/lab/intro-exp/out/graph-rand.bin ... OK (436905 nodes processed)
Iteration 3/5 (write): traversing /Users/rmntim/Personal/ITMO/Semester5/OS-new/lab/intro-exp/out/graph-rand.bin ... OK (436905 nodes processed)
Iteration 4/5 (write): traversing /Users/rmntim/Personal/ITMO/Semester5/OS-new/lab/intro-exp/out/graph-rand.bin ... OK (436905 nodes processed)
Iteration 5/5 (write): traversing /Users/rmntim/Personal/ITMO/Semester5/OS-new/lab/intro-exp/out/graph-rand.bin ... OK (436905 nodes processed)

final/25/1: ['/Users/rmntim/Personal/ITMO/Semester5/OS-new/lab/intro-exp/out/graph_traverse_mmap', '--write', '5', '/Users/rmntim/Personal/ITMO/Semester5/OS-new/lab/intro-exp/out/graph-rand.bin']
Iteration 1/5 (write): traversing /Users/rmntim/Personal/ITMO/Semester5/OS-new/lab/intro-exp/out/graph-rand.bin ... OK (436905 nodes processed)
Iteration 2/5 (write): traversing /Users/rmntim/Personal/ITMO/Semester5/OS-new/lab/intro-exp/out/graph-rand.bin ... OK (436905 nodes processed)
Iteration 3/5 (write): traversing /Users/rmntim/Personal/ITMO/Semester5/OS-new/lab/intro-exp/out/graph-rand.bin ... OK (436905 nodes processed)
Iteration 4/5 (write): traversing /Users/rmntim/Personal/ITMO/Semester5/OS-new/lab/intro-exp/out/graph-rand.bin ... OK (436905 nodes processed)
Iteration 5/5 (write): traversing /Users/rmntim/Personal/ITMO/Semester5/OS-new/lab/intro-exp/out/graph-rand.bin ... OK (436905 nodes processed)

final/25/2: ['/Users/rmntim/Personal/ITMO/Semester5/OS-new/lab/intro-exp/out/graph_traverse', '--write', '5', '/Users/rmntim/Personal/ITMO/Semester5/OS-new/lab/intro-exp/out/graph-rand.bin']
Iteration 1/5 (write): traversing /Users/rmntim/Personal/ITMO/Semester5/OS-new/lab/intro-exp/out/graph-rand.bin ... OK (436905 nodes processed)
Iteration 2/5 (write): traversing /Users/rmntim/Personal/ITMO/Semester5/OS-new/lab/intro-exp/out/graph-rand.bin ... OK (436905 nodes processed)
Iteration 3/5 (write): traversing /Users/rmntim/Personal/ITMO/Semester5/OS-new/lab/intro-exp/out/graph-rand.bin ... OK (436905 nodes processed)
Iteration 4/5 (write): traversing /Users/rmntim/Personal/ITMO/Semester5/OS-new/lab/intro-exp/out/graph-rand.bin ... OK (436905 nodes processed)
Iteration 5/5 (write): traversing /Users/rmntim/Personal/ITMO/Semester5/OS-new/lab/intro-exp/out/graph-rand.bin ... OK (436905 nodes processed)

final/25/3: ['/Users/rmntim/Personal/ITMO/Semester5/OS-new/lab/intro-exp/out/graph_traverse', '5', '/Users/rmntim/Personal/ITMO/Semester5/OS-new/lab/intro-exp/out/graph-rand.bin']
Iteration 1/5 (read): traversing /Users/rmntim/Personal/ITMO/Semester5/OS-new/lab/intro-exp/out/graph-rand.bin ... OK (436905 nodes processed)
Iteration 2/5 (read): traversing /Users/rmntim/Personal/ITMO/Semester5/OS-new/lab/intro-exp/out/graph-rand.bin ... OK (436905 nodes processed)
Iteration 3/5 (read): traversing /Users/rmntim/Personal/ITMO/Semester5/OS-new/lab/intro-exp/out/graph-rand.bin ... OK (436905 nodes processed)
Iteration 4/5 (read): traversing /Users/rmntim/Personal/ITMO/Semester5/OS-new/lab/intro-exp/out/graph-rand.bin ... OK (436905 nodes processed)
Iteration 5/5 (read): traversing /Users/rmntim/Personal/ITMO/Semester5/OS-new/lab/intro-exp/out/graph-rand.bin ... OK (436905 nodes processed)

final/25/4: ['/Users/rmntim/Personal/ITMO/Semester5/OS-new/lab/intro-exp/out/graph_traverse_mmap', '5', '/Users/rmntim/Personal/ITMO/Semester5/OS-new/lab/intro-exp/out/graph-rand.bin']
Iteration 1/5 (read): traversing /Users/rmntim/Personal/ITMO/Semester5/OS-new/lab/intro-exp/out/graph-rand.bin ... OK (436905 nodes processed)
Iteration 2/5 (read): traversing /Users/rmntim/Personal/ITMO/Semester5/OS-new/lab/intro-exp/out/graph-rand.bin ... OK (436905 nodes processed)
Iteration 3/5 (read): traversing /Users/rmntim/Personal/ITMO/Semester5/OS-new/lab/intro-exp/out/graph-rand.bin ... OK (436905 nodes processed)
Iteration 4/5 (read): traversing /Users/rmntim/Personal/ITMO/Semester5/OS-new/lab/intro-exp/out/graph-rand.bin ... OK (436905 nodes processed)
Iteration 5/5 (read): traversing /Users/rmntim/Personal/ITMO/Semester5/OS-new/lab/intro-exp/out/graph-rand.bin ... OK (436905 nodes processed)

final/26/1: ['/Users/rmntim/Personal/ITMO/Semester5/OS-new/lab/intro-exp/out/graph_traverse_mmap', '5', '/Users/rmntim/Personal/ITMO/Semester5/OS-new/lab/intro-exp/out/graph-rand.bin']
Iteration 1/5 (read): traversing /Users/rmntim/Personal/ITMO/Semester5/OS-new/lab/intro-exp/out/graph-rand.bin ... OK (436905 nodes processed)
Iteration 2/5 (read): traversing /Users/rmntim/Personal/ITMO/Semester5/OS-new/lab/intro-exp/out/graph-rand.bin ... OK (436905 nodes processed)
Iteration 3/5 (read): traversing /Users/rmntim/Personal/ITMO/Semester5/OS-new/lab/intro-exp/out/graph-rand.bin ... OK (436905 nodes processed)
Iteration 4/5 (read): traversing /Users/rmntim/Personal/ITMO/Semester5/OS-new/lab/intro-exp/out/graph-rand.bin ... OK (436905 nodes processed)
Iteration 5/5 (read): traversing /Users/rmntim/Personal/ITMO/Semester5/OS-new/lab/intro-exp/out/graph-rand.bin ... OK (436905 nodes processed)

final/26/2: ['/Users/rmntim/Personal/ITMO/Semester5/OS-new/lab/intro-exp/out/graph_traverse_mmap', '--write', '5', '/Users/rmntim/Personal/ITMO/Semester5/OS-new/lab/intro-exp/out/graph-rand.bin']
Iteration 1/5 (write): traversing /Users/rmntim/Personal/ITMO/Semester5/OS-new/lab/intro-exp/out/graph-rand.bin ... OK (436905 nodes processed)
Iteration 2/5 (write): traversing /Users/rmntim/Personal/ITMO/Semester5/OS-new/lab/intro-exp/out/graph-rand.bin ... OK (436905 nodes processed)
Iteration 3/5 (write): traversing /Users/rmntim/Personal/ITMO/Semester5/OS-new/lab/intro-exp/out/graph-rand.bin ... OK (436905 nodes processed)
Iteration 4/5 (write): traversing /Users/rmntim/Personal/ITMO/Semester5/OS-new/lab/intro-exp/out/graph-rand.bin ... OK (436905 nodes processed)
Iteration 5/5 (write): traversing /Users/rmntim/Personal/ITMO/Semester5/OS-new/lab/intro-exp/out/graph-rand.bin ... OK (436905 nodes processed)

final/26/3: ['/Users/rmntim/Personal/ITMO/Semester5/OS-new/lab/intro-exp/out/graph_traverse', '5', '/Users/rmntim/Personal/ITMO/Semester5/OS-new/lab/intro-exp/out/graph-rand.bin']
Iteration 1/5 (read): traversing /Users/rmntim/Personal/ITMO/Semester5/OS-new/lab/intro-exp/out/graph-rand.bin ... OK (436905 nodes processed)
Iteration 2/5 (read): traversing /Users/rmntim/Personal/ITMO/Semester5/OS-new/lab/intro-exp/out/graph-rand.bin ... OK (436905 nodes processed)
Iteration 3/5 (read): traversing /Users/rmntim/Personal/ITMO/Semester5/OS-new/lab/intro-exp/out/graph-rand.bin ... OK (436905 nodes processed)
Iteration 4/5 (read): traversing /Users/rmntim/Personal/ITMO/Semester5/OS-new/lab/intro-exp/out/graph-rand.bin ... OK (436905 nodes processed)
Iteration 5/5 (read): traversing /Users/rmntim/Personal/ITMO/Semester5/OS-new/lab/intro-exp/out/graph-rand.bin ... OK (436905 nodes processed)

final/26/4: ['/Users/rmntim/Personal/ITMO/Semester5/OS-new/lab/intro-exp/out/graph_traverse', '--write', '5', '/Users/rmntim/Personal/ITMO/Semester5/OS-new/lab/intro-exp/out/graph-rand.bin']
Iteration 1/5 (write): traversing /Users/rmntim/Personal/ITMO/Semester5/OS-new/lab/intro-exp/out/graph-rand.bin ... OK (436905 nodes processed)
Iteration 2/5 (write): traversing /Users/rmntim/Personal/ITMO/Semester5/OS-new/lab/intro-exp/out/graph-rand.bin ... OK (436905 nodes processed)
Iteration 3/5 (write): traversing /Users/rmntim/Personal/ITMO/Semester5/OS-new/lab/intro-exp/out/graph-rand.bin ... OK (436905 nodes processed)
Iteration 4/5 (write): traversing /Users/rmntim/Personal/ITMO/Semester5/OS-new/lab/intro-exp/out/graph-rand.bin ... OK (436905 nodes processed)
Iteration 5/5 (write): traversing /Users/rmntim/Personal/ITMO/Semester5/OS-new/lab/intro-exp/out/graph-rand.bin ... OK (436905 nodes processed)

final/27/1: ['/Users/rmntim/Personal/ITMO/Semester5/OS-new/lab/intro-exp/out/graph_traverse', '5', '/Users/rmntim/Personal/ITMO/Semester5/OS-new/lab/intro-exp/out/graph-rand.bin']
Iteration 1/5 (read): traversing /Users/rmntim/Personal/ITMO/Semester5/OS-new/lab/intro-exp/out/graph-rand.bin ... OK (436905 nodes processed)
Iteration 2/5 (read): traversing /Users/rmntim/Personal/ITMO/Semester5/OS-new/lab/intro-exp/out/graph-rand.bin ... OK (436905 nodes processed)
Iteration 3/5 (read): traversing /Users/rmntim/Personal/ITMO/Semester5/OS-new/lab/intro-exp/out/graph-rand.bin ... OK (436905 nodes processed)
Iteration 4/5 (read): traversing /Users/rmntim/Personal/ITMO/Semester5/OS-new/lab/intro-exp/out/graph-rand.bin ... OK (436905 nodes processed)
Iteration 5/5 (read): traversing /Users/rmntim/Personal/ITMO/Semester5/OS-new/lab/intro-exp/out/graph-rand.bin ... OK (436905 nodes processed)

final/27/2: ['/Users/rmntim/Personal/ITMO/Semester5/OS-new/lab/intro-exp/out/graph_traverse_mmap', '5', '/Users/rmntim/Personal/ITMO/Semester5/OS-new/lab/intro-exp/out/graph-rand.bin']
Iteration 1/5 (read): traversing /Users/rmntim/Personal/ITMO/Semester5/OS-new/lab/intro-exp/out/graph-rand.bin ... OK (436905 nodes processed)
Iteration 2/5 (read): traversing /Users/rmntim/Personal/ITMO/Semester5/OS-new/lab/intro-exp/out/graph-rand.bin ... OK (436905 nodes processed)
Iteration 3/5 (read): traversing /Users/rmntim/Personal/ITMO/Semester5/OS-new/lab/intro-exp/out/graph-rand.bin ... OK (436905 nodes processed)
Iteration 4/5 (read): traversing /Users/rmntim/Personal/ITMO/Semester5/OS-new/lab/intro-exp/out/graph-rand.bin ... OK (436905 nodes processed)
Iteration 5/5 (read): traversing /Users/rmntim/Personal/ITMO/Semester5/OS-new/lab/intro-exp/out/graph-rand.bin ... OK (436905 nodes processed)

final/27/3: ['/Users/rmntim/Personal/ITMO/Semester5/OS-new/lab/intro-exp/out/graph_traverse', '--write', '5', '/Users/rmntim/Personal/ITMO/Semester5/OS-new/lab/intro-exp/out/graph-rand.bin']
Iteration 1/5 (write): traversing /Users/rmntim/Personal/ITMO/Semester5/OS-new/lab/intro-exp/out/graph-rand.bin ... OK (436905 nodes processed)
Iteration 2/5 (write): traversing /Users/rmntim/Personal/ITMO/Semester5/OS-new/lab/intro-exp/out/graph-rand.bin ... OK (436905 nodes processed)
Iteration 3/5 (write): traversing /Users/rmntim/Personal/ITMO/Semester5/OS-new/lab/intro-exp/out/graph-rand.bin ... OK (436905 nodes processed)
Iteration 4/5 (write): traversing /Users/rmntim/Personal/ITMO/Semester5/OS-new/lab/intro-exp/out/graph-rand.bin ... OK (436905 nodes processed)
Iteration 5/5 (write): traversing /Users/rmntim/Personal/ITMO/Semester5/OS-new/lab/intro-exp/out/graph-rand.bin ... OK (436905 nodes processed)

final/27/4: ['/Users/rmntim/Personal/ITMO/Semester5/OS-new/lab/intro-exp/out/graph_traverse_mmap', '--write', '5', '/Users/rmntim/Personal/ITMO/Semester5/OS-new/lab/intro-exp/out/graph-rand.bin']
Iteration 1/5 (write): traversing /Users/rmntim/Personal/ITMO/Semester5/OS-new/lab/intro-exp/out/graph-rand.bin ... OK (436905 nodes processed)
Iteration 2/5 (write): traversing /Users/rmntim/Personal/ITMO/Semester5/OS-new/lab/intro-exp/out/graph-rand.bin ... OK (436905 nodes processed)
Iteration 3/5 (write): traversing /Users/rmntim/Personal/ITMO/Semester5/OS-new/lab/intro-exp/out/graph-rand.bin ... OK (436905 nodes processed)
Iteration 4/5 (write): traversing /Users/rmntim/Personal/ITMO/Semester5/OS-new/lab/intro-exp/out/graph-rand.bin ... OK (436905 nodes processed)
Iteration 5/5 (write): traversing /Users/rmntim/Personal/ITMO/Semester5/OS-new/lab/intro-exp/out/graph-rand.bin ... OK (436905 nodes processed)

final/28/1: ['/Users/rmntim/Personal/ITMO/Semester5/OS-new/lab/intro-exp/out/graph_traverse_mmap', '--write', '5', '/Users/rmntim/Personal/ITMO/Semester5/OS-new/lab/intro-exp/out/graph-rand.bin']
Iteration 1/5 (write): traversing /Users/rmntim/Personal/ITMO/Semester5/OS-new/lab/intro-exp/out/graph-rand.bin ... OK (436905 nodes processed)
Iteration 2/5 (write): traversing /Users/rmntim/Personal/ITMO/Semester5/OS-new/lab/intro-exp/out/graph-rand.bin ... OK (436905 nodes processed)
Iteration 3/5 (write): traversing /Users/rmntim/Personal/ITMO/Semester5/OS-new/lab/intro-exp/out/graph-rand.bin ... OK (436905 nodes processed)
Iteration 4/5 (write): traversing /Users/rmntim/Personal/ITMO/Semester5/OS-new/lab/intro-exp/out/graph-rand.bin ... OK (436905 nodes processed)
Iteration 5/5 (write): traversing /Users/rmntim/Personal/ITMO/Semester5/OS-new/lab/intro-exp/out/graph-rand.bin ... OK (436905 nodes processed)

final/28/2: ['/Users/rmntim/Personal/ITMO/Semester5/OS-new/lab/intro-exp/out/graph_traverse', '5', '/Users/rmntim/Personal/ITMO/Semester5/OS-new/lab/intro-exp/out/graph-rand.bin']
Iteration 1/5 (read): traversing /Users/rmntim/Personal/ITMO/Semester5/OS-new/lab/intro-exp/out/graph-rand.bin ... OK (436905 nodes processed)
Iteration 2/5 (read): traversing /Users/rmntim/Personal/ITMO/Semester5/OS-new/lab/intro-exp/out/graph-rand.bin ... OK (436905 nodes processed)
Iteration 3/5 (read): traversing /Users/rmntim/Personal/ITMO/Semester5/OS-new/lab/intro-exp/out/graph-rand.bin ... OK (436905 nodes processed)
Iteration 4/5 (read): traversing /Users/rmntim/Personal/ITMO/Semester5/OS-new/lab/intro-exp/out/graph-rand.bin ... OK (436905 nodes processed)
Iteration 5/5 (read): traversing /Users/rmntim/Personal/ITMO/Semester5/OS-new/lab/intro-exp/out/graph-rand.bin ... OK (436905 nodes processed)

final/28/3: ['/Users/rmntim/Personal/ITMO/Semester5/OS-new/lab/intro-exp/out/graph_traverse_mmap', '5', '/Users/rmntim/Personal/ITMO/Semester5/OS-new/lab/intro-exp/out/graph-rand.bin']
Iteration 1/5 (read): traversing /Users/rmntim/Personal/ITMO/Semester5/OS-new/lab/intro-exp/out/graph-rand.bin ... OK (436905 nodes processed)
Iteration 2/5 (read): traversing /Users/rmntim/Personal/ITMO/Semester5/OS-new/lab/intro-exp/out/graph-rand.bin ... OK (436905 nodes processed)
Iteration 3/5 (read): traversing /Users/rmntim/Personal/ITMO/Semester5/OS-new/lab/intro-exp/out/graph-rand.bin ... OK (436905 nodes processed)
Iteration 4/5 (read): traversing /Users/rmntim/Personal/ITMO/Semester5/OS-new/lab/intro-exp/out/graph-rand.bin ... OK (436905 nodes processed)
Iteration 5/5 (read): traversing /Users/rmntim/Personal/ITMO/Semester5/OS-new/lab/intro-exp/out/graph-rand.bin ... OK (436905 nodes processed)

final/28/4: ['/Users/rmntim/Personal/ITMO/Semester5/OS-new/lab/intro-exp/out/graph_traverse', '--write', '5', '/Users/rmntim/Personal/ITMO/Semester5/OS-new/lab/intro-exp/out/graph-rand.bin']
Iteration 1/5 (write): traversing /Users/rmntim/Personal/ITMO/Semester5/OS-new/lab/intro-exp/out/graph-rand.bin ... OK (436905 nodes processed)
Iteration 2/5 (write): traversing /Users/rmntim/Personal/ITMO/Semester5/OS-new/lab/intro-exp/out/graph-rand.bin ... OK (436905 nodes processed)
Iteration 3/5 (write): traversing /Users/rmntim/Personal/ITMO/Semester5/OS-new/lab/intro-exp/out/graph-rand.bin ... OK (436905 nodes processed)
Iteration 4/5 (write): traversing /Users/rmntim/Personal/ITMO/Semester5/OS-new/lab/intro-exp/out/graph-rand.bin ... OK (436905 nodes processed)
Iteration 5/5 (write): traversing /Users/rmntim/Personal/ITMO/Semester5/OS-new/lab/intro-exp/out/graph-rand.bin ... OK (436905 nodes processed)

final/29/1: ['/Users/rmntim/Personal/ITMO/Semester5/OS-new/lab/intro-exp/out/graph_traverse_mmap', '5', '/Users/rmntim/Personal/ITMO/Semester5/OS-new/lab/intro-exp/out/graph-rand.bin']
Iteration 1/5 (read): traversing /Users/rmntim/Personal/ITMO/Semester5/OS-new/lab/intro-exp/out/graph-rand.bin ... OK (436905 nodes processed)
Iteration 2/5 (read): traversing /Users/rmntim/Personal/ITMO/Semester5/OS-new/lab/intro-exp/out/graph-rand.bin ... OK (436905 nodes processed)
Iteration 3/5 (read): traversing /Users/rmntim/Personal/ITMO/Semester5/OS-new/lab/intro-exp/out/graph-rand.bin ... OK (436905 nodes processed)
Iteration 4/5 (read): traversing /Users/rmntim/Personal/ITMO/Semester5/OS-new/lab/intro-exp/out/graph-rand.bin ... OK (436905 nodes processed)
Iteration 5/5 (read): traversing /Users/rmntim/Personal/ITMO/Semester5/OS-new/lab/intro-exp/out/graph-rand.bin ... OK (436905 nodes processed)

final/29/2: ['/Users/rmntim/Personal/ITMO/Semester5/OS-new/lab/intro-exp/out/graph_traverse', '--write', '5', '/Users/rmntim/Personal/ITMO/Semester5/OS-new/lab/intro-exp/out/graph-rand.bin']
Iteration 1/5 (write): traversing /Users/rmntim/Personal/ITMO/Semester5/OS-new/lab/intro-exp/out/graph-rand.bin ... OK (436905 nodes processed)
Iteration 2/5 (write): traversing /Users/rmntim/Personal/ITMO/Semester5/OS-new/lab/intro-exp/out/graph-rand.bin ... OK (436905 nodes processed)
Iteration 3/5 (write): traversing /Users/rmntim/Personal/ITMO/Semester5/OS-new/lab/intro-exp/out/graph-rand.bin ... OK (436905 nodes processed)
Iteration 4/5 (write): traversing /Users/rmntim/Personal/ITMO/Semester5/OS-new/lab/intro-exp/out/graph-rand.bin ... OK (436905 nodes processed)
Iteration 5/5 (write): traversing /Users/rmntim/Personal/ITMO/Semester5/OS-new/lab/intro-exp/out/graph-rand.bin ... OK (436905 nodes processed)

final/29/3: ['/Users/rmntim/Personal/ITMO/Semester5/OS-new/lab/intro-exp/out/graph_traverse', '5', '/Users/rmntim/Personal/ITMO/Semester5/OS-new/lab/intro-exp/out/graph-rand.bin']
Iteration 1/5 (read): traversing /Users/rmntim/Personal/ITMO/Semester5/OS-new/lab/intro-exp/out/graph-rand.bin ... OK (436905 nodes processed)
Iteration 2/5 (read): traversing /Users/rmntim/Personal/ITMO/Semester5/OS-new/lab/intro-exp/out/graph-rand.bin ... OK (436905 nodes processed)
Iteration 3/5 (read): traversing /Users/rmntim/Personal/ITMO/Semester5/OS-new/lab/intro-exp/out/graph-rand.bin ... OK (436905 nodes processed)
Iteration 4/5 (read): traversing /Users/rmntim/Personal/ITMO/Semester5/OS-new/lab/intro-exp/out/graph-rand.bin ... OK (436905 nodes processed)
Iteration 5/5 (read): traversing /Users/rmntim/Personal/ITMO/Semester5/OS-new/lab/intro-exp/out/graph-rand.bin ... OK (436905 nodes processed)

final/29/4: ['/Users/rmntim/Personal/ITMO/Semester5/OS-new/lab/intro-exp/out/graph_traverse_mmap', '--write', '5', '/Users/rmntim/Personal/ITMO/Semester5/OS-new/lab/intro-exp/out/graph-rand.bin']
Iteration 1/5 (write): traversing /Users/rmntim/Personal/ITMO/Semester5/OS-new/lab/intro-exp/out/graph-rand.bin ... OK (436905 nodes processed)
Iteration 2/5 (write): traversing /Users/rmntim/Personal/ITMO/Semester5/OS-new/lab/intro-exp/out/graph-rand.bin ... OK (436905 nodes processed)
Iteration 3/5 (write): traversing /Users/rmntim/Personal/ITMO/Semester5/OS-new/lab/intro-exp/out/graph-rand.bin ... OK (436905 nodes processed)
Iteration 4/5 (write): traversing /Users/rmntim/Personal/ITMO/Semester5/OS-new/lab/intro-exp/out/graph-rand.bin ... OK (436905 nodes processed)
Iteration 5/5 (write): traversing /Users/rmntim/Personal/ITMO/Semester5/OS-new/lab/intro-exp/out/graph-rand.bin ... OK (436905 nodes processed)

final/30/1: ['/Users/rmntim/Personal/ITMO/Semester5/OS-new/lab/intro-exp/out/graph_traverse_mmap', '5', '/Users/rmntim/Personal/ITMO/Semester5/OS-new/lab/intro-exp/out/graph-rand.bin']
Iteration 1/5 (read): traversing /Users/rmntim/Personal/ITMO/Semester5/OS-new/lab/intro-exp/out/graph-rand.bin ... OK (436905 nodes processed)
Iteration 2/5 (read): traversing /Users/rmntim/Personal/ITMO/Semester5/OS-new/lab/intro-exp/out/graph-rand.bin ... OK (436905 nodes processed)
Iteration 3/5 (read): traversing /Users/rmntim/Personal/ITMO/Semester5/OS-new/lab/intro-exp/out/graph-rand.bin ... OK (436905 nodes processed)
Iteration 4/5 (read): traversing /Users/rmntim/Personal/ITMO/Semester5/OS-new/lab/intro-exp/out/graph-rand.bin ... OK (436905 nodes processed)
Iteration 5/5 (read): traversing /Users/rmntim/Personal/ITMO/Semester5/OS-new/lab/intro-exp/out/graph-rand.bin ... OK (436905 nodes processed)

final/30/2: ['/Users/rmntim/Personal/ITMO/Semester5/OS-new/lab/intro-exp/out/graph_traverse_mmap', '--write', '5', '/Users/rmntim/Personal/ITMO/Semester5/OS-new/lab/intro-exp/out/graph-rand.bin']
Iteration 1/5 (write): traversing /Users/rmntim/Personal/ITMO/Semester5/OS-new/lab/intro-exp/out/graph-rand.bin ... OK (436905 nodes processed)
Iteration 2/5 (write): traversing /Users/rmntim/Personal/ITMO/Semester5/OS-new/lab/intro-exp/out/graph-rand.bin ... OK (436905 nodes processed)
Iteration 3/5 (write): traversing /Users/rmntim/Personal/ITMO/Semester5/OS-new/lab/intro-exp/out/graph-rand.bin ... OK (436905 nodes processed)
Iteration 4/5 (write): traversing /Users/rmntim/Personal/ITMO/Semester5/OS-new/lab/intro-exp/out/graph-rand.bin ... OK (436905 nodes processed)
Iteration 5/5 (write): traversing /Users/rmntim/Personal/ITMO/Semester5/OS-new/lab/intro-exp/out/graph-rand.bin ... OK (436905 nodes processed)

final/30/3: ['/Users/rmntim/Personal/ITMO/Semester5/OS-new/lab/intro-exp/out/graph_traverse', '--write', '5', '/Users/rmntim/Personal/ITMO/Semester5/OS-new/lab/intro-exp/out/graph-rand.bin']
Iteration 1/5 (write): traversing /Users/rmntim/Personal/ITMO/Semester5/OS-new/lab/intro-exp/out/graph-rand.bin ... OK (436905 nodes processed)
Iteration 2/5 (write): traversing /Users/rmntim/Personal/ITMO/Semester5/OS-new/lab/intro-exp/out/graph-rand.bin ... OK (436905 nodes processed)
Iteration 3/5 (write): traversing /Users/rmntim/Personal/ITMO/Semester5/OS-new/lab/intro-exp/out/graph-rand.bin ... OK (436905 nodes processed)
Iteration 4/5 (write): traversing /Users/rmntim/Personal/ITMO/Semester5/OS-new/lab/intro-exp/out/graph-rand.bin ... OK (436905 nodes processed)
Iteration 5/5 (write): traversing /Users/rmntim/Personal/ITMO/Semester5/OS-new/lab/intro-exp/out/graph-rand.bin ... OK (436905 nodes processed)

final/30/4: ['/Users/rmntim/Personal/ITMO/Semester5/OS-new/lab/intro-exp/out/graph_traverse', '5', '/Users/rmntim/Personal/ITMO/Semester5/OS-new/lab/intro-exp/out/graph-rand.bin']
Iteration 1/5 (read): traversing /Users/rmntim/Personal/ITMO/Semester5/OS-new/lab/intro-exp/out/graph-rand.bin ... OK (436905 nodes processed)
Iteration 2/5 (read): traversing /Users/rmntim/Personal/ITMO/Semester5/OS-new/lab/intro-exp/out/graph-rand.bin ... OK (436905 nodes processed)
Iteration 3/5 (read): traversing /Users/rmntim/Personal/ITMO/Semester5/OS-new/lab/intro-exp/out/graph-rand.bin ... OK (436905 nodes processed)
Iteration 4/5 (read): traversing /Users/rmntim/Personal/ITMO/Semester5/OS-new/lab/intro-exp/out/graph-rand.bin ... OK (436905 nodes processed)
Iteration 5/5 (read): traversing /Users/rmntim/Personal/ITMO/Semester5/OS-new/lab/intro-exp/out/graph-rand.bin ... OK (436905 nodes processed)

baseline/1/1: ['/Users/rmntim/Personal/ITMO/Semester5/OS-new/lab/intro-exp/out/graph_traverse', '1', '/Users/rmntim/Personal/ITMO/Semester5/OS-new/lab/intro-exp/out/graph-rand.bin']
Iteration 1/1 (read): traversing /Users/rmntim/Personal/ITMO/Semester5/OS-new/lab/intro-exp/out/graph-rand.bin ... OK (436905 nodes processed)

baseline/1/1: ['/Users/rmntim/Personal/ITMO/Semester5/OS-new/lab/intro-exp/out/graph_traverse', '1', '/Users/rmntim/Personal/ITMO/Semester5/OS-new/lab/intro-exp/out/graph-seq.bin']
Iteration 1/1 (read): traversing /Users/rmntim/Personal/ITMO/Semester5/OS-new/lab/intro-exp/out/graph-seq.bin ... OK (436905 nodes processed)

baseline/1/1: ['/Users/rmntim/Personal/ITMO/Semester5/OS-new/lab/intro-exp/out/graph_traverse', '--write', '1', '/Users/rmntim/Personal/ITMO/Semester5/OS-new/lab/intro-exp/out/graph-rand.bin']
Iteration 1/1 (write): traversing /Users/rmntim/Personal/ITMO/Semester5/OS-new/lab/intro-exp/out/graph-rand.bin ... OK (436905 nodes processed)

baseline/1/1: ['/Users/rmntim/Personal/ITMO/Semester5/OS-new/lab/intro-exp/out/graph_traverse', '--write', '1', '/Users/rmntim/Personal/ITMO/Semester5/OS-new/lab/intro-exp/out/graph-seq.bin']
Iteration 1/1 (write): traversing /Users/rmntim/Personal/ITMO/Semester5/OS-new/lab/intro-exp/out/graph-seq.bin ... OK (436905 nodes processed)

baseline/1/1: ['/Users/rmntim/Personal/ITMO/Semester5/OS-new/lab/intro-exp/out/graph_traverse_mmap', '1', '/Users/rmntim/Personal/ITMO/Semester5/OS-new/lab/intro-exp/out/graph-rand.bin']
Iteration 1/1 (read): traversing /Users/rmntim/Personal/ITMO/Semester5/OS-new/lab/intro-exp/out/graph-rand.bin ... OK (436905 nodes processed)

baseline/1/1: ['/Users/rmntim/Personal/ITMO/Semester5/OS-new/lab/intro-exp/out/graph_traverse_mmap', '1', '/Users/rmntim/Personal/ITMO/Semester5/OS-new/lab/intro-exp/out/graph-seq.bin']
Iteration 1/1 (read): traversing /Users/rmntim/Personal/ITMO/Semester5/OS-new/lab/intro-exp/out/graph-seq.bin ... OK (436905 nodes processed)

baseline/1/1: ['/Users/rmntim/Personal/ITMO/Semester5/OS-new/lab/intro-exp/out/graph_traverse_mmap', '--write', '1', '/Users/rmntim/Personal/ITMO/Semester5/OS-new/lab/intro-exp/out/graph-rand.bin']
Iteration 1/1 (write): traversing /Users/rmntim/Personal/ITMO/Semester5/OS-new/lab/intro-exp/out/graph-rand.bin ... OK (436905 nodes processed)

baseline/1/1: ['/Users/rmntim/Personal/ITMO/Semester5/OS-new/lab/intro-exp/out/graph_traverse_mmap', '--write', '1', '/Users/rmntim/Personal/ITMO/Semester5/OS-new/lab/intro-exp/out/graph-seq.bin']
Iteration 1/1 (write): traversing /Users/rmntim/Personal/ITMO/Semester5/OS-new/lab/intro-exp/out/graph-seq.bin ... OK (436905 nodes processed)

monitor-bare/1/1: ['/Users/rmntim/Personal/ITMO/Semester5/OS-new/lab/intro-exp/out/graph_traverse', '5', '/Users/rmntim/Personal/ITMO/Semester5/OS-new/lab/intro-exp/out/graph-rand.bin']
Iteration 1/5 (read): traversing /Users/rmntim/Personal/ITMO/Semester5/OS-new/lab/intro-exp/out/graph-rand.bin ... OK (436905 nodes processed)
Iteration 2/5 (read): traversing /Users/rmntim/Personal/ITMO/Semester5/OS-new/lab/intro-exp/out/graph-rand.bin ... OK (436905 nodes processed)
Iteration 3/5 (read): traversing /Users/rmntim/Personal/ITMO/Semester5/OS-new/lab/intro-exp/out/graph-rand.bin ... OK (436905 nodes processed)
Iteration 4/5 (read): traversing /Users/rmntim/Personal/ITMO/Semester5/OS-new/lab/intro-exp/out/graph-rand.bin ... OK (436905 nodes processed)
Iteration 5/5 (read): traversing /Users/rmntim/Personal/ITMO/Semester5/OS-new/lab/intro-exp/out/graph-rand.bin ... OK (436905 nodes processed)

monitor-time/1/2: ['/usr/bin/time', '-l', '/Users/rmntim/Personal/ITMO/Semester5/OS-new/lab/intro-exp/out/graph_traverse', '5', '/Users/rmntim/Personal/ITMO/Semester5/OS-new/lab/intro-exp/out/graph-rand.bin']
Iteration 1/5 (read): traversing /Users/rmntim/Personal/ITMO/Semester5/OS-new/lab/intro-exp/out/graph-rand.bin ... OK (436905 nodes processed)
Iteration 2/5 (read): traversing /Users/rmntim/Personal/ITMO/Semester5/OS-new/lab/intro-exp/out/graph-rand.bin ... OK (436905 nodes processed)
Iteration 3/5 (read): traversing /Users/rmntim/Personal/ITMO/Semester5/OS-new/lab/intro-exp/out/graph-rand.bin ... OK (436905 nodes processed)
Iteration 4/5 (read): traversing /Users/rmntim/Personal/ITMO/Semester5/OS-new/lab/intro-exp/out/graph-rand.bin ... OK (436905 nodes processed)
Iteration 5/5 (read): traversing /Users/rmntim/Personal/ITMO/Semester5/OS-new/lab/intro-exp/out/graph-rand.bin ... OK (436905 nodes processed)
        1.22 real         0.22 user         0.99 sys
             1720320  maximum resident set size
                   0  average shared memory size
                   0  average unshared data size
                   0  average unshared stack size
                 281  page reclaims
                   1  page faults
                   0  swaps
                   0  block input operations
                   0  block output operations
                   0  messages sent
                   0  messages received
                   0  signals received
                   0  voluntary context switches
                   6  involuntary context switches
         15123500657  instructions retired
          4606409284  cycles elapsed
             1278336  peak memory footprint

monitor-bare/1/1: ['/Users/rmntim/Personal/ITMO/Semester5/OS-new/lab/intro-exp/out/graph_traverse_mmap', '5', '/Users/rmntim/Personal/ITMO/Semester5/OS-new/lab/intro-exp/out/graph-rand.bin']
Iteration 1/5 (read): traversing /Users/rmntim/Personal/ITMO/Semester5/OS-new/lab/intro-exp/out/graph-rand.bin ... OK (436905 nodes processed)
Iteration 2/5 (read): traversing /Users/rmntim/Personal/ITMO/Semester5/OS-new/lab/intro-exp/out/graph-rand.bin ... OK (436905 nodes processed)
Iteration 3/5 (read): traversing /Users/rmntim/Personal/ITMO/Semester5/OS-new/lab/intro-exp/out/graph-rand.bin ... OK (436905 nodes processed)
Iteration 4/5 (read): traversing /Users/rmntim/Personal/ITMO/Semester5/OS-new/lab/intro-exp/out/graph-rand.bin ... OK (436905 nodes processed)
Iteration 5/5 (read): traversing /Users/rmntim/Personal/ITMO/Semester5/OS-new/lab/intro-exp/out/graph-rand.bin ... OK (436905 nodes processed)

monitor-time/1/2: ['/usr/bin/time', '-l', '/Users/rmntim/Personal/ITMO/Semester5/OS-new/lab/intro-exp/out/graph_traverse_mmap', '5', '/Users/rmntim/Personal/ITMO/Semester5/OS-new/lab/intro-exp/out/graph-rand.bin']
Iteration 1/5 (read): traversing /Users/rmntim/Personal/ITMO/Semester5/OS-new/lab/intro-exp/out/graph-rand.bin ... OK (436905 nodes processed)
Iteration 2/5 (read): traversing /Users/rmntim/Personal/ITMO/Semester5/OS-new/lab/intro-exp/out/graph-rand.bin ... OK (436905 nodes processed)
Iteration 3/5 (read): traversing /Users/rmntim/Personal/ITMO/Semester5/OS-new/lab/intro-exp/out/graph-rand.bin ... OK (436905 nodes processed)
Iteration 4/5 (read): traversing /Users/rmntim/Personal/ITMO/Semester5/OS-new/lab/intro-exp/out/graph-rand.bin ... OK (436905 nodes processed)
Iteration 5/5 (read): traversing /Users/rmntim/Personal/ITMO/Semester5/OS-new/lab/intro-exp/out/graph-rand.bin ... OK (436905 nodes processed)
        0.02 real         0.02 user         0.00 sys
            12189696  maximum resident set size
                   0  average shared memory size
                   0  average unshared data size
                   0  average unshared stack size
                3483  page reclaims
                   1  page faults
                   0  swaps
                   0  block input operations
                   0  block output operations
                   0  messages sent
                   0  messages received
                   0  signals received
                   0  voluntary context switches
                   9  involuntary context switches
            64863932  instructions retired
            93739928  cycles elapsed
             1261952  peak memory footprint

monitor-bare/2/1: ['/Users/rmntim/Personal/ITMO/Semester5/OS-new/lab/intro-exp/out/graph_traverse', '5', '/Users/rmntim/Personal/ITMO/Semester5/OS-new/lab/intro-exp/out/graph-rand.bin']
Iteration 1/5 (read): traversing /Users/rmntim/Personal/ITMO/Semester5/OS-new/lab/intro-exp/out/graph-rand.bin ... OK (436905 nodes processed)
Iteration 2/5 (read): traversing /Users/rmntim/Personal/ITMO/Semester5/OS-new/lab/intro-exp/out/graph-rand.bin ... OK (436905 nodes processed)
Iteration 3/5 (read): traversing /Users/rmntim/Personal/ITMO/Semester5/OS-new/lab/intro-exp/out/graph-rand.bin ... OK (436905 nodes processed)
Iteration 4/5 (read): traversing /Users/rmntim/Personal/ITMO/Semester5/OS-new/lab/intro-exp/out/graph-rand.bin ... OK (436905 nodes processed)
Iteration 5/5 (read): traversing /Users/rmntim/Personal/ITMO/Semester5/OS-new/lab/intro-exp/out/graph-rand.bin ... OK (436905 nodes processed)

monitor-time/2/2: ['/usr/bin/time', '-l', '/Users/rmntim/Personal/ITMO/Semester5/OS-new/lab/intro-exp/out/graph_traverse', '5', '/Users/rmntim/Personal/ITMO/Semester5/OS-new/lab/intro-exp/out/graph-rand.bin']
Iteration 1/5 (read): traversing /Users/rmntim/Personal/ITMO/Semester5/OS-new/lab/intro-exp/out/graph-rand.bin ... OK (436905 nodes processed)
Iteration 2/5 (read): traversing /Users/rmntim/Personal/ITMO/Semester5/OS-new/lab/intro-exp/out/graph-rand.bin ... OK (436905 nodes processed)
Iteration 3/5 (read): traversing /Users/rmntim/Personal/ITMO/Semester5/OS-new/lab/intro-exp/out/graph-rand.bin ... OK (436905 nodes processed)
Iteration 4/5 (read): traversing /Users/rmntim/Personal/ITMO/Semester5/OS-new/lab/intro-exp/out/graph-rand.bin ... OK (436905 nodes processed)
Iteration 5/5 (read): traversing /Users/rmntim/Personal/ITMO/Semester5/OS-new/lab/intro-exp/out/graph-rand.bin ... OK (436905 nodes processed)
        1.22 real         0.22 user         0.99 sys
             1720320  maximum resident set size
                   0  average shared memory size
                   0  average unshared data size
                   0  average unshared stack size
                 281  page reclaims
                   1  page faults
                   0  swaps
                   0  block input operations
                   0  block output operations
                   0  messages sent
                   0  messages received
                   0  signals received
                   0  voluntary context switches
                   8  involuntary context switches
         15123706159  instructions retired
          4613585067  cycles elapsed
             1278336  peak memory footprint

monitor-bare/2/1: ['/Users/rmntim/Personal/ITMO/Semester5/OS-new/lab/intro-exp/out/graph_traverse_mmap', '5', '/Users/rmntim/Personal/ITMO/Semester5/OS-new/lab/intro-exp/out/graph-rand.bin']
Iteration 1/5 (read): traversing /Users/rmntim/Personal/ITMO/Semester5/OS-new/lab/intro-exp/out/graph-rand.bin ... OK (436905 nodes processed)
Iteration 2/5 (read): traversing /Users/rmntim/Personal/ITMO/Semester5/OS-new/lab/intro-exp/out/graph-rand.bin ... OK (436905 nodes processed)
Iteration 3/5 (read): traversing /Users/rmntim/Personal/ITMO/Semester5/OS-new/lab/intro-exp/out/graph-rand.bin ... OK (436905 nodes processed)
Iteration 4/5 (read): traversing /Users/rmntim/Personal/ITMO/Semester5/OS-new/lab/intro-exp/out/graph-rand.bin ... OK (436905 nodes processed)
Iteration 5/5 (read): traversing /Users/rmntim/Personal/ITMO/Semester5/OS-new/lab/intro-exp/out/graph-rand.bin ... OK (436905 nodes processed)

monitor-time/2/2: ['/usr/bin/time', '-l', '/Users/rmntim/Personal/ITMO/Semester5/OS-new/lab/intro-exp/out/graph_traverse_mmap', '5', '/Users/rmntim/Personal/ITMO/Semester5/OS-new/lab/intro-exp/out/graph-rand.bin']
Iteration 1/5 (read): traversing /Users/rmntim/Personal/ITMO/Semester5/OS-new/lab/intro-exp/out/graph-rand.bin ... OK (436905 nodes processed)
Iteration 2/5 (read): traversing /Users/rmntim/Personal/ITMO/Semester5/OS-new/lab/intro-exp/out/graph-rand.bin ... OK (436905 nodes processed)
Iteration 3/5 (read): traversing /Users/rmntim/Personal/ITMO/Semester5/OS-new/lab/intro-exp/out/graph-rand.bin ... OK (436905 nodes processed)
Iteration 4/5 (read): traversing /Users/rmntim/Personal/ITMO/Semester5/OS-new/lab/intro-exp/out/graph-rand.bin ... OK (436905 nodes processed)
Iteration 5/5 (read): traversing /Users/rmntim/Personal/ITMO/Semester5/OS-new/lab/intro-exp/out/graph-rand.bin ... OK (436905 nodes processed)
        0.02 real         0.02 user         0.00 sys
            12189696  maximum resident set size
                   0  average shared memory size
                   0  average unshared data size
                   0  average unshared stack size
                3483  page reclaims
                   1  page faults
                   0  swaps
                   0  block input operations
                   0  block output operations
                   0  messages sent
                   0  messages received
                   0  signals received
                   0  voluntary context switches
                  10  involuntary context switches
            64899149  instructions retired
            93848605  cycles elapsed
             1261952  peak memory footprint

monitor-bare/3/1: ['/Users/rmntim/Personal/ITMO/Semester5/OS-new/lab/intro-exp/out/graph_traverse', '5', '/Users/rmntim/Personal/ITMO/Semester5/OS-new/lab/intro-exp/out/graph-rand.bin']
Iteration 1/5 (read): traversing /Users/rmntim/Personal/ITMO/Semester5/OS-new/lab/intro-exp/out/graph-rand.bin ... OK (436905 nodes processed)
Iteration 2/5 (read): traversing /Users/rmntim/Personal/ITMO/Semester5/OS-new/lab/intro-exp/out/graph-rand.bin ... OK (436905 nodes processed)
Iteration 3/5 (read): traversing /Users/rmntim/Personal/ITMO/Semester5/OS-new/lab/intro-exp/out/graph-rand.bin ... OK (436905 nodes processed)
Iteration 4/5 (read): traversing /Users/rmntim/Personal/ITMO/Semester5/OS-new/lab/intro-exp/out/graph-rand.bin ... OK (436905 nodes processed)
Iteration 5/5 (read): traversing /Users/rmntim/Personal/ITMO/Semester5/OS-new/lab/intro-exp/out/graph-rand.bin ... OK (436905 nodes processed)

monitor-time/3/2: ['/usr/bin/time', '-l', '/Users/rmntim/Personal/ITMO/Semester5/OS-new/lab/intro-exp/out/graph_traverse', '5', '/Users/rmntim/Personal/ITMO/Semester5/OS-new/lab/intro-exp/out/graph-rand.bin']
Iteration 1/5 (read): traversing /Users/rmntim/Personal/ITMO/Semester5/OS-new/lab/intro-exp/out/graph-rand.bin ... OK (436905 nodes processed)
Iteration 2/5 (read): traversing /Users/rmntim/Personal/ITMO/Semester5/OS-new/lab/intro-exp/out/graph-rand.bin ... OK (436905 nodes processed)
Iteration 3/5 (read): traversing /Users/rmntim/Personal/ITMO/Semester5/OS-new/lab/intro-exp/out/graph-rand.bin ... OK (436905 nodes processed)
Iteration 4/5 (read): traversing /Users/rmntim/Personal/ITMO/Semester5/OS-new/lab/intro-exp/out/graph-rand.bin ... OK (436905 nodes processed)
Iteration 5/5 (read): traversing /Users/rmntim/Personal/ITMO/Semester5/OS-new/lab/intro-exp/out/graph-rand.bin ... OK (436905 nodes processed)
        1.21 real         0.22 user         0.99 sys
             1720320  maximum resident set size
                   0  average shared memory size
                   0  average unshared data size
                   0  average unshared stack size
                 281  page reclaims
                   1  page faults
                   0  swaps
                   0  block input operations
                   0  block output operations
                   0  messages sent
                   0  messages received
                   0  signals received
                   0  voluntary context switches
                   8  involuntary context switches
         15123658587  instructions retired
          4593709607  cycles elapsed
             1278336  peak memory footprint

monitor-bare/3/1: ['/Users/rmntim/Personal/ITMO/Semester5/OS-new/lab/intro-exp/out/graph_traverse_mmap', '5', '/Users/rmntim/Personal/ITMO/Semester5/OS-new/lab/intro-exp/out/graph-rand.bin']
Iteration 1/5 (read): traversing /Users/rmntim/Personal/ITMO/Semester5/OS-new/lab/intro-exp/out/graph-rand.bin ... OK (436905 nodes processed)
Iteration 2/5 (read): traversing /Users/rmntim/Personal/ITMO/Semester5/OS-new/lab/intro-exp/out/graph-rand.bin ... OK (436905 nodes processed)
Iteration 3/5 (read): traversing /Users/rmntim/Personal/ITMO/Semester5/OS-new/lab/intro-exp/out/graph-rand.bin ... OK (436905 nodes processed)
Iteration 4/5 (read): traversing /Users/rmntim/Personal/ITMO/Semester5/OS-new/lab/intro-exp/out/graph-rand.bin ... OK (436905 nodes processed)
Iteration 5/5 (read): traversing /Users/rmntim/Personal/ITMO/Semester5/OS-new/lab/intro-exp/out/graph-rand.bin ... OK (436905 nodes processed)

monitor-time/3/2: ['/usr/bin/time', '-l', '/Users/rmntim/Personal/ITMO/Semester5/OS-new/lab/intro-exp/out/graph_traverse_mmap', '5', '/Users/rmntim/Personal/ITMO/Semester5/OS-new/lab/intro-exp/out/graph-rand.bin']
Iteration 1/5 (read): traversing /Users/rmntim/Personal/ITMO/Semester5/OS-new/lab/intro-exp/out/graph-rand.bin ... OK (436905 nodes processed)
Iteration 2/5 (read): traversing /Users/rmntim/Personal/ITMO/Semester5/OS-new/lab/intro-exp/out/graph-rand.bin ... OK (436905 nodes processed)
Iteration 3/5 (read): traversing /Users/rmntim/Personal/ITMO/Semester5/OS-new/lab/intro-exp/out/graph-rand.bin ... OK (436905 nodes processed)
Iteration 4/5 (read): traversing /Users/rmntim/Personal/ITMO/Semester5/OS-new/lab/intro-exp/out/graph-rand.bin ... OK (436905 nodes processed)
Iteration 5/5 (read): traversing /Users/rmntim/Personal/ITMO/Semester5/OS-new/lab/intro-exp/out/graph-rand.bin ... OK (436905 nodes processed)
        0.02 real         0.02 user         0.00 sys
            12189696  maximum resident set size
                   0  average shared memory size
                   0  average unshared data size
                   0  average unshared stack size
                3482  page reclaims
                   1  page faults
                   0  swaps
                   0  block input operations
                   0  block output operations
                   0  messages sent
                   0  messages received
                   0  signals received
                   0  voluntary context switches
                   6  involuntary context switches
            64902978  instructions retired
            94438465  cycles elapsed
             1261952  peak memory footprint

monitor-bare/4/1: ['/Users/rmntim/Personal/ITMO/Semester5/OS-new/lab/intro-exp/out/graph_traverse', '5', '/Users/rmntim/Personal/ITMO/Semester5/OS-new/lab/intro-exp/out/graph-rand.bin']
Iteration 1/5 (read): traversing /Users/rmntim/Personal/ITMO/Semester5/OS-new/lab/intro-exp/out/graph-rand.bin ... OK (436905 nodes processed)
Iteration 2/5 (read): traversing /Users/rmntim/Personal/ITMO/Semester5/OS-new/lab/intro-exp/out/graph-rand.bin ... OK (436905 nodes processed)
Iteration 3/5 (read): traversing /Users/rmntim/Personal/ITMO/Semester5/OS-new/lab/intro-exp/out/graph-rand.bin ... OK (436905 nodes processed)
Iteration 4/5 (read): traversing /Users/rmntim/Personal/ITMO/Semester5/OS-new/lab/intro-exp/out/graph-rand.bin ... OK (436905 nodes processed)
Iteration 5/5 (read): traversing /Users/rmntim/Personal/ITMO/Semester5/OS-new/lab/intro-exp/out/graph-rand.bin ... OK (436905 nodes processed)

monitor-time/4/2: ['/usr/bin/time', '-l', '/Users/rmntim/Personal/ITMO/Semester5/OS-new/lab/intro-exp/out/graph_traverse', '5', '/Users/rmntim/Personal/ITMO/Semester5/OS-new/lab/intro-exp/out/graph-rand.bin']
Iteration 1/5 (read): traversing /Users/rmntim/Personal/ITMO/Semester5/OS-new/lab/intro-exp/out/graph-rand.bin ... OK (436905 nodes processed)
Iteration 2/5 (read): traversing /Users/rmntim/Personal/ITMO/Semester5/OS-new/lab/intro-exp/out/graph-rand.bin ... OK (436905 nodes processed)
Iteration 3/5 (read): traversing /Users/rmntim/Personal/ITMO/Semester5/OS-new/lab/intro-exp/out/graph-rand.bin ... OK (436905 nodes processed)
Iteration 4/5 (read): traversing /Users/rmntim/Personal/ITMO/Semester5/OS-new/lab/intro-exp/out/graph-rand.bin ... OK (436905 nodes processed)
Iteration 5/5 (read): traversing /Users/rmntim/Personal/ITMO/Semester5/OS-new/lab/intro-exp/out/graph-rand.bin ... OK (436905 nodes processed)
        1.22 real         0.22 user         1.00 sys
             1720320  maximum resident set size
                   0  average shared memory size
                   0  average unshared data size
                   0  average unshared stack size
                 281  page reclaims
                   1  page faults
                   0  swaps
                   0  block input operations
                   0  block output operations
                   0  messages sent
                   0  messages received
                   0  signals received
                   0  voluntary context switches
                   7  involuntary context switches
         15123906153  instructions retired
          4615130341  cycles elapsed
             1278336  peak memory footprint

monitor-bare/4/1: ['/Users/rmntim/Personal/ITMO/Semester5/OS-new/lab/intro-exp/out/graph_traverse_mmap', '5', '/Users/rmntim/Personal/ITMO/Semester5/OS-new/lab/intro-exp/out/graph-rand.bin']
Iteration 1/5 (read): traversing /Users/rmntim/Personal/ITMO/Semester5/OS-new/lab/intro-exp/out/graph-rand.bin ... OK (436905 nodes processed)
Iteration 2/5 (read): traversing /Users/rmntim/Personal/ITMO/Semester5/OS-new/lab/intro-exp/out/graph-rand.bin ... OK (436905 nodes processed)
Iteration 3/5 (read): traversing /Users/rmntim/Personal/ITMO/Semester5/OS-new/lab/intro-exp/out/graph-rand.bin ... OK (436905 nodes processed)
Iteration 4/5 (read): traversing /Users/rmntim/Personal/ITMO/Semester5/OS-new/lab/intro-exp/out/graph-rand.bin ... OK (436905 nodes processed)
Iteration 5/5 (read): traversing /Users/rmntim/Personal/ITMO/Semester5/OS-new/lab/intro-exp/out/graph-rand.bin ... OK (436905 nodes processed)

monitor-time/4/2: ['/usr/bin/time', '-l', '/Users/rmntim/Personal/ITMO/Semester5/OS-new/lab/intro-exp/out/graph_traverse_mmap', '5', '/Users/rmntim/Personal/ITMO/Semester5/OS-new/lab/intro-exp/out/graph-rand.bin']
Iteration 1/5 (read): traversing /Users/rmntim/Personal/ITMO/Semester5/OS-new/lab/intro-exp/out/graph-rand.bin ... OK (436905 nodes processed)
Iteration 2/5 (read): traversing /Users/rmntim/Personal/ITMO/Semester5/OS-new/lab/intro-exp/out/graph-rand.bin ... OK (436905 nodes processed)
Iteration 3/5 (read): traversing /Users/rmntim/Personal/ITMO/Semester5/OS-new/lab/intro-exp/out/graph-rand.bin ... OK (436905 nodes processed)
Iteration 4/5 (read): traversing /Users/rmntim/Personal/ITMO/Semester5/OS-new/lab/intro-exp/out/graph-rand.bin ... OK (436905 nodes processed)
Iteration 5/5 (read): traversing /Users/rmntim/Personal/ITMO/Semester5/OS-new/lab/intro-exp/out/graph-rand.bin ... OK (436905 nodes processed)
        0.02 real         0.02 user         0.00 sys
            12189696  maximum resident set size
                   0  average shared memory size
                   0  average unshared data size
                   0  average unshared stack size
                3482  page reclaims
                   1  page faults
                   0  swaps
                   0  block input operations
                   0  block output operations
                   0  messages sent
                   0  messages received
                   0  signals received
                   0  voluntary context switches
                   7  involuntary context switches
            64865250  instructions retired
            93871486  cycles elapsed
             1261952  peak memory footprint

monitor-bare/5/1: ['/Users/rmntim/Personal/ITMO/Semester5/OS-new/lab/intro-exp/out/graph_traverse', '5', '/Users/rmntim/Personal/ITMO/Semester5/OS-new/lab/intro-exp/out/graph-rand.bin']
Iteration 1/5 (read): traversing /Users/rmntim/Personal/ITMO/Semester5/OS-new/lab/intro-exp/out/graph-rand.bin ... OK (436905 nodes processed)
Iteration 2/5 (read): traversing /Users/rmntim/Personal/ITMO/Semester5/OS-new/lab/intro-exp/out/graph-rand.bin ... OK (436905 nodes processed)
Iteration 3/5 (read): traversing /Users/rmntim/Personal/ITMO/Semester5/OS-new/lab/intro-exp/out/graph-rand.bin ... OK (436905 nodes processed)
Iteration 4/5 (read): traversing /Users/rmntim/Personal/ITMO/Semester5/OS-new/lab/intro-exp/out/graph-rand.bin ... OK (436905 nodes processed)
Iteration 5/5 (read): traversing /Users/rmntim/Personal/ITMO/Semester5/OS-new/lab/intro-exp/out/graph-rand.bin ... OK (436905 nodes processed)

monitor-time/5/2: ['/usr/bin/time', '-l', '/Users/rmntim/Personal/ITMO/Semester5/OS-new/lab/intro-exp/out/graph_traverse', '5', '/Users/rmntim/Personal/ITMO/Semester5/OS-new/lab/intro-exp/out/graph-rand.bin']
Iteration 1/5 (read): traversing /Users/rmntim/Personal/ITMO/Semester5/OS-new/lab/intro-exp/out/graph-rand.bin ... OK (436905 nodes processed)
Iteration 2/5 (read): traversing /Users/rmntim/Personal/ITMO/Semester5/OS-new/lab/intro-exp/out/graph-rand.bin ... OK (436905 nodes processed)
Iteration 3/5 (read): traversing /Users/rmntim/Personal/ITMO/Semester5/OS-new/lab/intro-exp/out/graph-rand.bin ... OK (436905 nodes processed)
Iteration 4/5 (read): traversing /Users/rmntim/Personal/ITMO/Semester5/OS-new/lab/intro-exp/out/graph-rand.bin ... OK (436905 nodes processed)
Iteration 5/5 (read): traversing /Users/rmntim/Personal/ITMO/Semester5/OS-new/lab/intro-exp/out/graph-rand.bin ... OK (436905 nodes processed)
        1.22 real         0.22 user         0.99 sys
             1720320  maximum resident set size
                   0  average shared memory size
                   0  average unshared data size
                   0  average unshared stack size
                 281  page reclaims
                   1  page faults
                   0  swaps
                   0  block input operations
                   0  block output operations
                   0  messages sent
                   0  messages received
                   0  signals received
                   0  voluntary context switches
                   7  involuntary context switches
         15123533294  instructions retired
          4601110112  cycles elapsed
             1278336  peak memory footprint

monitor-bare/5/1: ['/Users/rmntim/Personal/ITMO/Semester5/OS-new/lab/intro-exp/out/graph_traverse_mmap', '5', '/Users/rmntim/Personal/ITMO/Semester5/OS-new/lab/intro-exp/out/graph-rand.bin']
Iteration 1/5 (read): traversing /Users/rmntim/Personal/ITMO/Semester5/OS-new/lab/intro-exp/out/graph-rand.bin ... OK (436905 nodes processed)
Iteration 2/5 (read): traversing /Users/rmntim/Personal/ITMO/Semester5/OS-new/lab/intro-exp/out/graph-rand.bin ... OK (436905 nodes processed)
Iteration 3/5 (read): traversing /Users/rmntim/Personal/ITMO/Semester5/OS-new/lab/intro-exp/out/graph-rand.bin ... OK (436905 nodes processed)
Iteration 4/5 (read): traversing /Users/rmntim/Personal/ITMO/Semester5/OS-new/lab/intro-exp/out/graph-rand.bin ... OK (436905 nodes processed)
Iteration 5/5 (read): traversing /Users/rmntim/Personal/ITMO/Semester5/OS-new/lab/intro-exp/out/graph-rand.bin ... OK (436905 nodes processed)

monitor-time/5/2: ['/usr/bin/time', '-l', '/Users/rmntim/Personal/ITMO/Semester5/OS-new/lab/intro-exp/out/graph_traverse_mmap', '5', '/Users/rmntim/Personal/ITMO/Semester5/OS-new/lab/intro-exp/out/graph-rand.bin']
Iteration 1/5 (read): traversing /Users/rmntim/Personal/ITMO/Semester5/OS-new/lab/intro-exp/out/graph-rand.bin ... OK (436905 nodes processed)
Iteration 2/5 (read): traversing /Users/rmntim/Personal/ITMO/Semester5/OS-new/lab/intro-exp/out/graph-rand.bin ... OK (436905 nodes processed)
Iteration 3/5 (read): traversing /Users/rmntim/Personal/ITMO/Semester5/OS-new/lab/intro-exp/out/graph-rand.bin ... OK (436905 nodes processed)
Iteration 4/5 (read): traversing /Users/rmntim/Personal/ITMO/Semester5/OS-new/lab/intro-exp/out/graph-rand.bin ... OK (436905 nodes processed)
Iteration 5/5 (read): traversing /Users/rmntim/Personal/ITMO/Semester5/OS-new/lab/intro-exp/out/graph-rand.bin ... OK (436905 nodes processed)
        0.02 real         0.02 user         0.00 sys
            12189696  maximum resident set size
                   0  average shared memory size
                   0  average unshared data size
                   0  average unshared stack size
                3482  page reclaims
                   1  page faults
                   0  swaps
                   0  block input operations
                   0  block output operations
                   0  messages sent
                   0  messages received
                   0  signals received
                   0  voluntary context switches
                   7  involuntary context switches
            64895402  instructions retired
            94110884  cycles elapsed
             1261952  peak memory footprint

cpu-noise/1/1: ['/Users/rmntim/Personal/ITMO/Semester5/OS-new/lab/intro-exp/out/graph_traverse', '5', '/Users/rmntim/Personal/ITMO/Semester5/OS-new/lab/intro-exp/out/graph-rand.bin']
Iteration 1/5 (read): traversing /Users/rmntim/Personal/ITMO/Semester5/OS-new/lab/intro-exp/out/graph-rand.bin ... OK (436905 nodes processed)
Iteration 2/5 (read): traversing /Users/rmntim/Personal/ITMO/Semester5/OS-new/lab/intro-exp/out/graph-rand.bin ... OK (436905 nodes processed)
Iteration 3/5 (read): traversing /Users/rmntim/Personal/ITMO/Semester5/OS-new/lab/intro-exp/out/graph-rand.bin ... OK (436905 nodes processed)
Iteration 4/5 (read): traversing /Users/rmntim/Personal/ITMO/Semester5/OS-new/lab/intro-exp/out/graph-rand.bin ... OK (436905 nodes processed)
Iteration 5/5 (read): traversing /Users/rmntim/Personal/ITMO/Semester5/OS-new/lab/intro-exp/out/graph-rand.bin ... OK (436905 nodes processed)

